0.978124086734938,-1.43151899401722,0.111001383418614,0.00126622543083387,0.00121243880683298,-0.00108816213824895,-0.0784998678976424,-0.190263061726977,-0.127777511332349,1.15831572,0
0.978143482404382,-1.43149282856467,0.110994062809599,0.000933940287926369,-7.94650407675891e-05,-0.00253680729050768,-0.0901902497622793,-0.245556304325872,-0.0938229643633117,1.15683882,0
0.978164115861332,-1.43147459510998,0.110979610610728,0.000336727962924818,-0.00212399013165858,-0.00359003774041456,-0.0739738398610146,-0.232870222331425,-0.0138865147940176,1.15346956,0
0.978176346605131,-1.43147104371401,0.110974097290154,-0.000278868673139452,-0.00428522067237411,-0.00377575836341717,-0.0419743094651598,-0.141210997732968,0.0741402107729061,1.15048275,0
0.978198070194732,-1.43155847423756,0.110925665625141,-0.000722362695521686,-0.00572937150161984,-0.00302539181874787,-0.0153251789934384,0.00917463939291614,0.126108712699566,1.15166385,0
0.978132100763264,-1.43165672091555,0.11083487045586,-0.000972344635947293,-0.00576811754414862,-0.00172779532487052,-0.00864107826230439,0.171582396491679,0.116779733364372,1.15703479,0
0.978130486159173,-1.43165371737844,0.110835778201604,-0.00115001764633546,-0.00417540959215201,-0.000525552411032871,-0.0203540084953502,0.291203957159947,0.055759988020726,1.16366828,0
0.978114317778048,-1.43169335869268,0.11084881127326,-0.00139118721223422,-0.00131413353767991,4.62501610798718e-05,-0.0319740409710963,0.325916530745084,-0.0177131462838248,1.16889343,0
0.978113822104541,-1.4316968399264,0.110849570316952,-0.00169018163827563,0.00197301884455587,-0.000138711566936987,-0.0219459897520646,0.26330023402768,-0.0566742746794,1.16884673,0
0.978119500184196,-1.43169887061699,0.11085093115017,-0.00185875606484526,0.00467466750711158,-0.000724660283311969,0.0171648962007649,0.124060437439463,-0.0336859459157318,1.1600601,0
0.978113234801248,-1.43171989869288,0.110872089253093,-0.00164311396977117,0.00597462019319708,-0.00107812430089539,0.069259707645539,-0.0445060704854964,0.0439293222032327,1.14820113,0
0.978070080662827,-1.43155993577628,0.110859084455771,-0.00093668419202705,0.00554822029766366,-0.000644052027695981,0.103008520814866,-0.188326897903727,0.135978833778828,1.14734688,0
0.978046784531571,-1.43154714321099,0.110825160840165,7.69469198614403e-05,0.00364275415362872,0.00072194666574685,0.0921098160017145,-0.264572421128373,0.188608189328448,1.16170487,0
0.978045583745045,-1.43146334209962,0.110756960877913,0.000968494462716753,0.000957165101727044,0.00261918200310294,0.0361012018975369,-0.255621132466008,0.159620107681767,1.17498677,0
0.978049898373489,-1.43149075284459,0.110794653008439,0.00130718426716524,-0.00162915968958181,0.00422380827016001,-0.0347789347816604,-0.173216118470771,0.0381475896606142,1.17001838,0
0.978084061448268,-1.43153454106113,0.11100100852189,0.000955275256482057,-0.00336687844700202,0.00460683907267978,-0.0764969130486682,-0.0524862185982678,-0.148139796762723,1.1524159,0
0.978101674089348,-1.43157727248081,0.110976214549069,0.000202024024945261,-0.00387593276773924,0.00312101835713299,-0.06050595546846,0.0630653078809659,-0.338747995790738,1.14039704,0
0.978102026994923,-1.43157948171857,0.110972267836032,-0.000386397897924055,-0.00322283492789653,-0.000272741229213948,0.00380033273780422,0.134346061611396,-0.460995977795167,1.14033796,0
0.97809876846521,-1.43158440180173,0.110964980737339,-0.000337711093603019,-0.00186496191886213,-0.00488673332777406,0.0674577882171268,0.143197624478984,-0.451471244121024,1.14795029,0
0.978089171597784,-1.43159278095294,0.110950944450429,0.00033712511640068,-0.000432637180576846,-0.00940154327100991,0.0701936237729392,0.0967917899014527,-0.284865026654418,1.15981545,0
0.978095435060871,-1.43165194115686,0.110697683038797,0.00103171798868104,0.000525374255516045,-0.0122474218927054,-0.0213027350810255,0.0241392194091672,0.00804988539827507,1.16910398,0
0.978086205061655,-1.43165662387525,0.110692171463552,0.000810171926868178,0.000755274403450798,-0.0121637077770511,-0.185660678200383,-0.038510138538161,0.341035975371587,1.16622958,0
0.978077713511245,-1.43165613308866,0.110680558566308,-0.00105092344724229,0.000364117746602271,-0.00875165387052795,-0.350367785445048,-0.0617113547322267,0.593280084217019,1.15495193,0
0.978075111574396,-1.43164617947594,0.110662205382026,-0.0045537911655672,-0.000251902898079488,-0.00281915880227503,-0.426211797227925,-0.0385263829154103,0.657448204100633,1.15230055,0
0.978049432370579,-1.43155283577688,0.110405558904311,-0.0088120123232699,-0.000631909784843486,0.00375385244361393,-0.354573016191747,0.0130757253076087,0.491524772401025,1.16491639,0
0.978042350697139,-1.43156676996203,0.110405826114219,-0.0123540271475262,-0.000496140408233951,0.00866769786828863,-0.143369107051194,0.0596028077030771,0.144602498653859,1.17816599,0
0.977943624926269,-1.43169924568825,0.110465393328925,-0.0137862079009381,0.000101925140641976,0.0101131528079408,0.133961416557972,0.0695461781093977,-0.250996772963011,1.17497959,0
0.977539415398154,-1.43166431746112,0.11081121373958,-0.0124472860349612,0.000796452984783818,0.00760344637657253,0.371186312333418,0.0303348917112144,-0.537812186586179,1.15652268,0
0.977534069280122,-1.43164038445922,0.110822105466777,-0.00873702804605606,0.00109763651807899,0.00222593034499784,0.481415818987544,-0.0435937548563877,-0.601504752786197,1.13900754,0
0.97752327214977,-1.43159984080976,0.110832625438843,-0.00392408949290214,0.00066005363590839,-0.00378865684899406,0.434817980819528,-0.117437425555738,-0.428896759678947,1.13657599,0
0.977498870352432,-1.43156853431537,0.11080163449998,0.00042375702586403,-0.00051477023902236,-0.00807749865061022,0.268117327075416,-0.153158597369247,-0.112551918165308,1.14953066,0
0.977471344590266,-1.43161429684836,0.110568087454915,0.0031052113982874,-0.00204597699649816,-0.0092031239299373,0.0596749485863591,-0.126701720683732,0.197280861405337,1.16481348,0
0.977478366922512,-1.4316196239423,0.110564192927222,0.00370233855679368,-0.00331248470941784,-0.00723045786284579,-0.110530448039617,-0.0410568754411181,0.369761314729337,1.16998065,0
0.977522886781071,-1.43170889596275,0.110504470552745,0.00259703407639751,-0.00372305346382902,-0.00353284471555243,-0.194903055730932,0.0757860122865534,0.355916850122204,1.16614244,0
0.977522673501837,-1.43170962044892,0.110504428839376,0.000648003519088189,-0.00296519334096348,2.63237856696193e-05,-0.190014127928478,0.183172853948651,0.206075719650816,1.16161253,0
0.977536862330524,-1.43172069665742,0.110504711582715,-0.00125213776019659,-0.00113346480147698,0.00208708098217778,-0.125269017733316,0.245171199691361,0.0299893075824964,1.15923001,0
0.977557233464487,-1.43174277961031,0.110508111658631,-0.00250482793752975,0.00131824719543663,0.00238697405800275,-0.0391328680195521,0.242455393038244,-0.0717808473818545,1.15747122,0
0.977565086922522,-1.43173659311624,0.110508995144298,-0.00289615661772527,0.00374280112581907,0.0016691655841842,0.0384972158722578,0.179629718156759,-0.0631256222803173,1.15744494,0
0.977461637243499,-1.43165847025906,0.110547415949787,-0.00251118445900269,0.00553909830738666,0.00103790936138103,0.0941633807224847,0.0771625571383965,0.0145980874485326,1.16124008,0
0.97744915412509,-1.43164218284648,0.110545539371775,-0.00156955065177784,0.00631072387877063,0.00118389023586635,0.123025735297732,-0.0371501499627808,0.079008842370632,1.16554714,0
0.977447094985639,-1.43160972199132,0.110544889760228,-0.000339293298800519,0.00593922237914282,0.00197397865957267,0.121630189552094,-0.137754873236086,0.0665553292294524,1.16347606,0
0.977458922034782,-1.43155415873646,0.110557398185911,0.000877008596720423,0.00456167364678196,0.0026395319518672,0.0864660803049051,-0.206535875671004,-0.0241382565222774,1.15429332,0
0.977458438578579,-1.43140901750493,0.110628104615502,0.00174166939976947,0.00249631489007193,0.00239814938664442,0.0197726456070436,-0.234522993975936,-0.131478618690649,1.14599736,0
0.97748524386883,-1.43143720527048,0.110638711330432,0.00193939585583991,0.000151084950312568,0.00108336319973793,-0.0629791119250179,-0.218229647050124,-0.173762336921555,1.14537755,0
0.977476368520518,-1.43144955522026,0.110640213884385,0.00130960473658973,-0.00203121152018867,-0.000654260169477623,-0.131929345083968,-0.161373053720822,-0.104767702223383,1.15059992,0
0.977485950378111,-1.43148203108525,0.110643147957391,-9.68871424994802e-06,-0.00364494205739689,-0.00170193719171145,-0.15521558346209,-0.0706449202972808,0.0494496193590222,1.15731456,0
0.977494565672365,-1.43152180993143,0.110627974937538,-0.00156184454887085,-0.0043513912603697,-0.00120744099812123,-0.116230273309358,0.0398000941842682,0.200369795483476,1.16582169,0
0.977488991614333,-1.43153561024983,0.110613000885221,-0.00272414728196442,-0.00395339031852702,0.000796256956713531,-0.0294590468609134,0.150927065427751,0.247731427395823,1.175478,0
0.977490559792666,-1.4315357531923,0.110612394906905,-0.00301873775057356,-0.00244411966424951,0.00327357123067176,0.0660818212396085,0.237184129477869,0.137393026476297,1.17764708,0
0.977470073816038,-1.4316677178861,0.110570975625761,-0.00235791953817747,-7.22783694708176e-05,0.00464750149543473,0.122549743527457,0.274220474832122,-0.0968572248914127,1.16470215,0
0.977363943834883,-1.43158089438807,0.110742858268491,-0.0011324221029029,0.0026699263788504,0.00367892924652061,0.110804532964424,0.246368566917013,-0.347385853105888,1.14450298,0
0.977380799701199,-1.43155997277726,0.11074170547852,-2.43767732586629e-05,0.00513361204802053,0.000205070715461721,0.0386383710244668,0.154729673290679,-0.485418422063792,1.13508915,0
0.977389485157689,-1.43154796403934,0.110737855631256,0.000362006936986005,0.00668090878092732,-0.0046491135051762,-0.0517297648818763,0.0223260315346014,-0.428884520500532,1.14398313,0
0.977399774222695,-1.43151812815938,0.110713048393933,-0.000155290711832757,0.00690416909627334,-0.00893795871018152,-0.106197169918802,-0.110273993988009,-0.185761227879809,1.1599754,0
0.977392992047755,-1.43133597338133,0.110515583762225,-0.00121726241102078,0.00580142915639325,-0.0107955709889796,-0.0890382969253695,-0.198087354127373,0.144031897914328,1.16620749,0
0.977411309278255,-1.43133517995466,0.110511008730656,-0.00210764538027448,0.00382055561511952,-0.00935525200983633,-0.0045781003753389,-0.208695445867985,0.419875960688253,1.15998447,0
0.977411251333324,-1.43132355501464,0.110499082197746,-0.00215342638402786,0.00173360115643968,-0.0051564924029538,0.103765856389476,-0.13712918360121,0.52835449839993,1.15578355,0
0.977308115813566,-1.43128342797528,0.110278828627461,-0.0011157678201331,0.000362309320427578,0.000127052581045503,0.17684215788879,-0.0118316779846653,0.439443382927164,1.16353226,0
0.977301736111551,-1.43126326488456,0.110307440682554,0.000652653758754793,0.000243992540580926,0.00452148641031714,0.171504771174831,0.114571530474196,0.216162971073213,1.17314982,0
0.977301161200096,-1.43126667421072,0.110312908624567,0.0023677014705031,0.00138970784532288,0.00668311612104927,0.0831520286495051,0.18731848667452,-0.0240119548243202,1.17005434,0
0.977403790748903,-1.43125956304121,0.110559306877981,0.00319922175699815,0.00326289271206808,0.00644299657280607,-0.0470307001817233,0.170752237992785,-0.174975090516563,1.15662905,0
0.977415195428367,-1.4312614664973,0.11056068446636,0.00272891475518092,0.00497041509199593,0.00469324566764044,-0.161458999454576,0.0660124638233162,-0.187323949554869,1.14816144,0
0.977437985763207,-1.43120038468587,0.110565953964437,0.00111432476063516,0.0056305397302291,0.00282000617209175,-0.203692985276777,-0.089296517087939,-0.0975093174707941,1.15233179,0
0.977407098845967,-1.43106480681144,0.110579123869907,-0.000922605092132601,0.00473757455934971,0.00184491299738381,-0.158034301015356,-0.235837678098666,0.0110493781715882,1.16142485,0
0.977404753821584,-1.43107211083983,0.110582989250601,-0.00250294810228616,0.00237919777836304,0.00195540677909969,-0.0475037327024734,-0.316506491761392,0.0565818911876777,1.1636374,0
0.977404794313223,-1.43107250999663,0.11058382089999,-0.0029779854293109,-0.000785867139250873,0.00252122569097647,0.0764126508930239,-0.301567965056777,0.00956888400197455,1.15664517,0
0.977377756370583,-1.43107774633345,0.110699246155675,-0.00221385892038066,-0.00380154678981864,0.00261691453099622,0.1591297544691,-0.195106504111157,-0.0975874963451075,1.14923886,0
0.977340595518281,-1.4310980363096,0.110719239251323,-0.000622561375689656,-0.00575261183093021,0.00164103956754514,0.169774383861317,-0.0354085102155074,-0.191449926586093,1.15003439,0
0.977339789874298,-1.43115520805991,0.110709026108139,0.00107518246292351,-0.00610669693308529,-0.000273459698315792,0.112332289456345,0.122060653939717,-0.204901301007858,1.15707212,0
0.977341057506934,-1.43115515255844,0.110708585412503,0.00219850535748696,-0.00488609039368812,-0.00232247270839438,0.0192182277644079,0.225501043797981,-0.11876702554238,1.16189311,0
0.977396994611329,-1.43131362653466,0.110634045716276,0.00239068763513104,-0.00263107995570831,-0.00351014296381818,-0.063422392188713,0.242720884856356,0.0319014407548871,1.16048351,0
0.977400625245239,-1.43130850207344,0.110632173152521,0.00175646371324391,-0.000203871107144748,-0.00319112855626931,-0.0996147382982506,0.172781129625151,0.17392946239943,1.15653318,0
0.977395478967406,-1.43130213773032,0.110627422017231,0.000760316330261405,0.00152394018910676,-0.00145183393227501,-0.0740392552611926,0.043207765785711,0.239703765171675,1.15628936,0
0.977418763055891,-1.43124029478081,0.110605233646451,1.99237776494785e-05,0.00195601784696387,0.000945203719441746,0.00378608743056655,-0.0974898406518096,0.193699017836004,1.16139094,0
0.977409755062556,-1.43124465356608,0.11060513695521,5.77846519551443e-05,0.00098111944044577,0.00288219389780179,0.104130225262313,-0.19756842870834,0.0525511358168228,1.16600431,0
0.97741954042554,-1.43125229147595,0.110614600828546,0.00109908690457827,-0.000994564846637634,0.00340770525597002,0.190710992663266,-0.22188039665564,-0.122106240048778,1.16312517,0
0.977473998886993,-1.43130585074377,0.110680735542695,0.00300619683121093,-0.00321336881319403,0.00218664285548224,0.226664339506451,-0.161907985641253,-0.25196598986321,1.15389238,0
0.977481731393711,-1.43130544303486,0.11068418867662,0.00527284022627544,-0.00483244866960656,-0.000333017043149858,0.188828288523823,-0.0422230285915178,-0.269584578368261,1.14655374,0
0.977489344345375,-1.43131075302458,0.110685640441491,0.00716112311151366,-0.00525467895552174,-0.00302886282683246,0.0804101347706256,0.0905512710490139,-0.149604552550565,1.14729681,0
0.977494479802166,-1.43132528219247,0.110682531137429,0.00796522445921991,-0.0043491662450316,-0.00452490835233812,-0.0698628207614487,0.186845491720554,0.0753515209892965,1.15632363,0
0.977761262628578,-1.43147658269093,0.110564874303762,0.00726659625160544,-0.00248071132782606,-0.00377139314244516,-0.212598434363483,0.216220614324639,0.313699511758664,1.16896162,0
0.97776075857749,-1.43148034439907,0.110566084864131,0.0051406119079706,-0.000318505184579675,-0.000634398024858514,-0.291248327969165,0.178255623997607,0.445373010230334,1.17652849,0
0.9777717590387,-1.43147845368389,0.110571978666482,0.00222812862827896,0.00146405105539639,0.00381933207744483,-0.263830205498675,0.102155933989116,0.379111262442382,1.171568,0
0.977801824429461,-1.43146827248023,0.110630921053316,-0.000410173426707795,0.00248561039528755,0.00761044470186865,-0.132588370465869,0.0283284919248485,0.100008787728011,1.15739134,0
0.977784321045991,-1.43137707937588,0.110744134802306,-0.00173605713136649,0.00276889531453603,0.00861053257914876,0.0515015400516628,-0.0141254205111035,-0.293760947613491,1.14781291,0
0.977784216326236,-1.43137680413745,0.110745073614911,-0.00122104173084986,0.002627641109425,0.00567292310301384,0.206988514390036,-0.0208653053370171,-0.615690362216244,1.1514083,0
0.977806607504276,-1.4313792093757,0.110745877339031,0.000848843413050507,0.00241898805605483,-0.000483980519148604,0.245370029582371,-0.0111676770495451,-0.683614245951261,1.160229,0
0.977819157817861,-1.43136157561613,0.110745994450624,0.00330254370887422,0.00230731128555938,-0.00732012297866122,0.12518712691814,-0.013607512451754,-0.408871848428511,1.16010828,0
0.977839462105714,-1.43133073407745,0.110746820165893,0.00455441497805561,0.00217123616104184,-0.0114088414629463,-0.125411363404116,-0.0418917719267098,0.125203704916619,1.14935212,0
0.977847060047547,-1.43129917451032,0.110726484636647,0.00330030134401446,0.00175231844177474,-0.0101568044137801,-0.417923464336867,-0.0811666168596793,0.684439917182904,1.14224455,0
0.977843270239609,-1.43129642195156,0.110719104511905,-0.000878933299354211,0.000940652273177948,-0.0033124052419511,-0.627008742752136,-0.0974976594444471,0.994246177438457,1.1513058,0
0.977840966754062,-1.43125800114607,0.110407707055554,-0.00714902072687557,-3.43243212665237e-05,0.00663005653243347,-0.66162255790332,-0.0583454516171624,0.873736121543506,1.16966584,0
0.977850759621962,-1.43125664397804,0.110429220507513,-0.0137652463059088,-0.000617778837438148,0.0153674177478685,-0.495085506056204,0.0376973825541803,0.355078472806658,1.18042774,0
0.97773501776355,-1.4312902328395,0.110705746459941,-0.0187161013664708,-0.000240805011896345,0.0189182024759351,-0.184862866154073,0.152929522374847,-0.332103740961838,1.17715098,0
0.977727407953479,-1.43129595402878,0.110716904873448,-0.0205647300280115,0.00128849021185213,0.0155971650663167,0.15899443527551,0.220147625901978,-0.856103604830549,1.16310263,0
0.977017229292052,-1.43123969595834,0.111255859579404,-0.0189747856752564,0.00348996647087191,0.00703612901801124,0.427895581297159,0.18051048861323,-0.968926101104034,1.14377268,0
0.97701914322011,-1.43123893796185,0.111255678065162,-0.0146958298622848,0.0052950713570042,-0.0026531319930291,0.563404291043564,0.0207534068591965,-0.637831026498217,1.13042251,0
0.977008866896007,-1.43123592517449,0.111242989696033,-0.0090617869518492,0.00550260542559617,-0.00903144225801126,0.573662517289017,-0.210057917073141,-0.0506857706137777,1.13483785,0
0.976909687339532,-1.43107910070895,0.110830007270432,-0.00332516177895903,0.00340202625486476,-0.00953829996414904,0.514983834252004,-0.413697161045317,0.471610171030936,1.15469221,0
0.976882479227289,-1.43110208041201,0.110821969505628,0.00182467656356101,-0.00073494535558841,-0.00482219825383968,0.44275036440329,-0.488572447768015,0.65879669631815,1.17495562,0
0.976862205482698,-1.4311199030162,0.110823624077759,0.00625218020759391,-0.00562066983326856,0.00176576870934181,0.374305401926433,-0.383078911178318,0.425444513485811,1.18213629,0
0.976860671163753,-1.43113410493486,0.110842343083052,0.00999523422685824,-0.00945145894505174,0.00602021384419993,0.276293559378721,-0.125762063397929,-0.0884510466908406,1.17280383,0
0.977015890799048,-1.43125186264856,0.11110037570126,0.0127581698206454,-0.010709079579031,0.00513570337729152,0.0964431924860021,0.181810946857242,-0.607461148503984,1.15563807,0
0.977022399655428,-1.43131464057095,0.111092704630132,0.0137226017455055,-0.00889097011045861,-0.000938908107748323,-0.195173810667563,0.413483214133972,-0.859572459109678,1.14483063,0
0.977339613770577,-1.43150891369359,0.11106716959051,0.0117708636388298,-0.00475613796911889,-0.0095346326988451,-0.563879491098309,0.476244495080323,-0.722430108630158,1.14502391,0
0.977475968840119,-1.4314780206677,0.110676496487007,0.00613206872784675,6.30698168433839e-06,-0.0167589337851467,-0.909550043406182,0.3581587106281,-0.270343387644321,1.14801346,0
0.977459487346927,-1.43150285617936,0.110673210381092,-0.00296343170621507,0.00358789408796534,-0.0194623676615899,-1.10646489664815,0.133043423873937,0.27449515731449,1.14907554,0
0.977419201657132,-1.43148706478935,0.110639912466023,-0.0140280806726966,0.00491832832670471,-0.016717416088445,-1.05721474956663,-0.0766733902952714,0.650671051459377,1.15628813,0
0.977106943229862,-1.43137995183876,0.110303563608153,-0.0246002281683628,0.00415159442375199,-0.0102107055738512,-0.753848010854866,-0.163163201473755,0.6906326437875,1.17360451,0
0.977052324547184,-1.43135507688266,0.110301979547324,-0.0321387082769115,0.00251996240901445,-0.00330437913597622,-0.290407983315169,-0.0846003912581127,0.390316374657112,1.18663804,0
0.976979649037131,-1.43132840388837,0.110297541698635,-0.0350427881100632,0.00167395849643332,0.000598784610594901,0.170351613330248,0.117845381864799,-0.0925493699810932,1.180705,0
0.976324606548505,-1.43132879030426,0.110275864011194,-0.0333392719767607,0.00285241231508131,-0.000326709089216032,0.460657471378274,0.349950020792586,-0.522554997068112,1.16227562,0
0.97582243797266,-1.43130087742807,0.110090162025979,-0.028732697262978,0.00635191252300717,-0.00555225905989716,0.483031132639988,0.517385362391117,-0.706637369011845,1.14896834,0
0.975781308067107,-1.43128741221289,0.110111443174614,-0.0239023859365781,0.0115257661469183,-0.0126186327500156,0.242950632984558,0.577903927472528,-0.589983991939083,1.14774205,0
0.975678231888544,-1.43114677899229,0.110158183441049,-0.0214728796067325,0.0173048054216436,-0.0185184726694065,-0.137323844016072,0.552597547846714,-0.284506647780511,1.15161952,0
0.975126442031268,-1.43088286478903,0.109836761860672,-0.0228461180468932,0.0228307809001108,-0.0213635391472115,-0.484731390609048,0.500566812955885,-0.00372783572864423,1.152008,0
0.975086568937309,-1.43073715335844,0.109787192066455,-0.0276934319529837,0.0278364490296696,-0.021400817504498,-0.657975147118886,0.473490006798684,0.0709337656533291,1.151524,0
0.974955327333409,-1.43041261409642,0.109600153682632,-0.0342731834241726,0.0325713490976565,-0.0206914798479647,-0.591453931409069,0.467256559254217,-0.0953554728288304,1.16068909,0
0.974226608562937,-1.43010233696691,0.108920789856346,-0.0401877227382633,0.0372439146901986,-0.021645034576253,-0.342351170578183,0.426048116234021,-0.346641052265195,1.17731981,0
0.974159648308053,-1.42978999755636,0.108962916868502,-0.0436112344440451,0.0415043958525388,-0.0251114450989049,-0.0418153310765293,0.276782513096919,-0.430811798509281,1.18318583,0
0.973671881316531,-1.429366992403,0.108685948300575,-0.0440293877548104,0.044272220983508,-0.0294195630839978,0.173601719444368,-0.0149767139925149,-0.176047790063657,1.16944591,0
0.973005408666634,-1.42880084058038,0.108579669093769,-0.0422933705603667,0.0441224538435829,-0.0311800409846343,0.245344223663714,-0.404282166435004,0.347876722805504,1.15235619,0
0.972915893870892,-1.42846466346291,0.108402544878229,-0.0398399283237296,0.0400796321792328,-0.0277012737565793,0.23235573985496,-0.776257646753931,0.810894703629136,1.15440039,0
0.972181962674609,-1.42807965342923,0.107866585157269,-0.03751637092518,0.0323170557116935,-0.0195923267202879,0.280495759252958,-1.00707099286526,0.79174401458385,1.17302846,0
0.972086428761875,-1.42779499790768,0.107769254602603,-0.0347114133326504,0.022246345783041,-0.0116748865744494,0.54567488841232,-1.03445458307339,0.0565039107283209,1.18129406,0
0.971609342312711,-1.42740526920183,0.107353137914732,-0.0292546644485272,0.0119017999523071,-0.0111098474671662,1.08344950072054,-0.904219334811716,-1.21905657404102,1.1672985,0
0.971255117443576,-1.42736488821706,0.107526908480114,-0.0184201694413218,0.0028596066041899,-0.0233004132075764,1.79812487998873,-0.751705541275999,-2.45834500207313,1.15236629,0
0.971216101480812,-1.4272976900738,0.106911387576136,-0.000438920641434425,-0.00465744880857009,-0.0478838632283077,2.4575528156877,-0.729609476203693,-2.95708158747342,1.15237638,0
0.971226715002527,-1.42739891288723,0.106579574479926,0.0241366075154425,-0.011953543570607,-0.0774546791030419,2.80565365238646,-0.913901236673716,-2.31344149796659,1.15296566,0
0.971386272130079,-1.42767203282962,0.106538578441126,0.0521931440393072,-0.0210925559373442,-0.100589094082708,2.68488054233134,-1.25415762916021,-0.733571776002706,1.14564367,0
0.971894530159684,-1.42772849388186,0.105058676592847,0.0790419494626205,-0.0336341322289462,-0.107924811842735,2.1323380510394,-1.59459730605458,0.986756684723802,1.14798513,0
0.972553350762542,-1.42801497013088,0.104042048658032,0.100365329973015,-0.0495801052894921,-0.0980572449954968,1.37403627869507,-1.7674203976866,1.8742323872309,1.17011353,0
0.973687893839753,-1.42856468723514,0.102755742395576,0.114105692759965,-0.0672543092663581,-0.0793149211231879,0.715131133006806,-1.69597572754917,1.35906800491445,1.19439476,0
0.974918381156605,-1.42920149609454,0.101852031154713,0.121257004090033,-0.0842140665418498,-0.0657242410740434,0.386076682012788,-1.45302214782575,-0.295341849217579,1.19317087,0
0.976236088684832,-1.42999323591177,0.10110358876743,0.125117770910161,-0.0987442880201073,-0.0686776595662192,0.425458516457621,-1.23037723295771,-2.01233205693994,1.15124627,0
0.977259840006456,-1.43105880375148,0.100918236895263,0.129372356074737,-0.111048060349684,-0.0888009801356185,0.663112403932632,-1.2295230945849,-2.41597798081601,1.07952344,0
0.97856497470635,-1.43228974956632,0.100041382606396,0.136003480114064,-0.123343291295533,-0.112960759943779,0.825550538823332,-1.53608821321152,-0.578718323371397,1.01853444,0
0.979915570520869,-1.43349237950845,0.0991080976340227,0.144258985502297,-0.138704173427649,-0.118747943177493,0.705355315007278,-2.04419287611945,3.37995817159178,1.01940054,0
0.981373871999793,-1.43475137625504,0.0978251434509277,0.15131253865237,-0.159146102188843,-0.0849483614615748,0.292243532784614,-2.48693323322635,8.22967352774488,1.09605372,0
0.983066099434762,-1.43629294529818,0.0964203387570388,0.154234973980216,-0.184015434521107,-0.00265162618412602,-0.19347079358959,-2.5550801327982,12.1235692321032,1.19273056,0
0.984320212575567,-1.43819753340096,0.0964316264994431,0.15230026604432,-0.209566235849089,0.118584066136906,-0.414061031682108,-2.05312635551505,13.446061214106,1.22949655,0
0.985941194972338,-1.44034770399025,0.0976832235735981,0.148159655727499,-0.230097499404239,0.253044678277967,-0.0984745359851296,-1.00684558441907,11.5623623747505,1.18999887,0
0.987637842104573,-1.44266034762869,0.10048205171352,0.147174910367648,-0.24016595524843,0.368668302025471,0.783553869618453,0.334435365401294,7.09101615590814,1.13588343,0
0.989040899549347,-1.4450055015151,0.104264209698656,0.155010449063832,-0.236821601594417,0.439578463584553,1.96894370981368,1.60314191796931,1.59697193075395,1.12753063,0
0.990440190573596,-1.44737302162134,0.108629111478951,0.174699886161969,-0.220790182414724,0.455548182892092,3.01819692886709,2.47503356035446,-3.13561921667846,1.16053295,0
0.992014772694072,-1.44957525869835,0.113169452708458,0.20488185545064,-0.196039846811179,0.424191990725307,3.52476323341454,2.80601195329181,-5.85097289535767,1.19169855,0
0.994557093109954,-1.45161590499017,0.117312684758312,0.240129487784785,-0.167979727278261,0.365682261771731,3.31949192024679,2.67362285639448,-6.25654438632846,1.1988767,0
0.99659118167617,-1.45328051503318,0.120803997935303,0.273324406987253,-0.141243498714316,0.303116817908446,2.55745786048323,2.30328874841147,-4.96998445481854,1.19197505,0
0.999122980200124,-1.45454205210649,0.123862399993696,0.298898985592086,-0.118210611230202,0.253416973360261,1.64757782286851,1.92295306952166,-3.06881783486669,1.18307417,0
1.00289775230093,-1.45590514116233,0.126269762301569,0.315374763820771,-0.0989810805349851,0.222728795011594,1.03815810869741,1.62977768974576,-1.52950414570617,1.17248457,0
1.00541254887451,-1.4567555949028,0.128890783278615,0.325756344907745,-0.0826833036375274,0.207433753554532,0.980109369651022,1.33259174934336,-0.825884955195544,1.16078887,0
1.0087984357871,-1.45763472073769,0.131094629549197,0.335557438604255,-0.0693573861440938,0.199174904002577,1.40045342306304,0.822108240767888,-0.842444847274731,1.15377931,0
1.01218791458729,-1.45840680029357,0.132964034781314,0.349561972834885,-0.0611363037364149,0.19075045552983,1.94920145621343,-0.070247794779041,-1.09381094863223,1.1494139,0
1.01582111832008,-1.45889455646405,0.134552920922207,0.36905398739702,-0.0618387816842053,0.179812346043507,2.24010784864335,-1.29930755630101,-1.05889679589925,1.13573704,0
1.01940574151127,-1.45951178499816,0.136308332243159,0.391455065883453,-0.0748318572472155,0.169223378084515,2.11493395850484,-2.53143553443219,-0.480596581587096,1.11144807,0
1.02308418103668,-1.46044924392544,0.138229955283035,0.412604405468501,-0.100146212591537,0.164417412268644,1.76480596374824,-3.22657484225454,0.515569963006862,1.09369092,0
1.02740031203449,-1.46133986205532,0.139838456655792,0.430252465105984,-0.132411961014083,0.169573111898712,1.63966025996335,-2.87690808884846,1.50095672805606,1.09570044,0
1.03156190215555,-1.46264234525102,0.141704416084368,0.446649067705618,-0.161181041902567,0.184582679179273,2.13257377330054,-1.28945783658019,1.94857069272425,1.11165492,0
1.03628257761015,-1.46421677884397,0.143493625531751,0.467974805438623,-0.174075620268369,0.204068386106516,3.26363948831546,1.22587914192979,1.50672279933587,1.13243367,0
1.04108737618938,-1.46596805495633,0.145433945760305,0.500611200321778,-0.161816828849071,0.219135614099874,4.56680335262642,3.89827814239065,0.173820536104366,1.16303985,0
1.0460405923322,-1.46746798009445,0.147596061033939,0.546279233848042,-0.122834047425165,0.220873819460918,5.29928936218099,5.7759423055902,-1.63155067353556,1.21022456,0
1.0514052227223,-1.46882645100909,0.149618489404488,0.599272127469852,-0.0650746243692627,0.204558312725562,4.89234196592296,6.14471947008164,-3.19002911260175,1.25497185,0
1.05712556500205,-1.46957689616169,0.151772936224988,0.648195547129081,-0.00362742966844638,0.172658021599545,3.38035427998964,4.8786435796484,-3.75311717844643,1.25975725,0
1.06349487864262,-1.4697019161904,0.153808425766994,0.681999089928978,0.0451590061280376,0.135126849815081,1.48686883569833,2.52114758111321,-2.83203944195752,1.21768178,0
1.07041978817997,-1.4691799733832,0.155268824782613,0.696867778285961,0.0703704819391697,0.106806455395505,0.266430986937835,0.0409564993061943,-0.456114771722567,1.17094612,0
1.07768274687495,-1.46827160822189,0.15604715855133,0.699532088155339,0.0707800469322316,0.10224530767828,0.45514296436488,-1.63576265045074,2.80261952206583,1.16083534,0
1.08490718720053,-1.467476726812,0.156782119840937,0.704083517798988,0.0544224204277242,0.130271502898938,1.92496643166056,-2.06849062848404,6.03431249729388,1.18139375,0
1.09188923934119,-1.46699952482204,0.158161481474057,0.723333182115594,0.0337375141428838,0.190614627871877,3.66221758393127,-1.48073381501343,8.37758762925757,1.20147794,0
1.09894479654689,-1.46677995838788,0.160375260762478,0.759955357954906,0.0189301759927496,0.274390504164452,4.35833373476447,-0.576376058231136,9.38148108229129,1.21321004,0
1.10654292163917,-1.46668846072357,0.163108181953719,0.803538695302551,0.0131664154104382,0.368205314987365,3.30901958405793,-0.105316086630921,9.18009458053345,1.23462346,0
1.11408235479937,-1.46655421244097,0.166929003868709,0.83662889114313,0.012113254544129,0.4600062607927,1.05781046048632,-0.41848229964643,8.34518923099742,1.27413481,0
1.12254451508622,-1.4664323535526,0.171192791569585,0.847206995747994,0.00792843154766469,0.543458153102674,-0.714668075066969,-1.28022328475551,7.53580803412355,1.31473968,0
1.13114747335276,-1.46633321745482,0.176445461008026,0.840060314997324,-0.00487380129989041,0.618816233443909,-0.124756285229457,-2.0497031859598,7.1179845260554,1.33181647,0
1.13976089539177,-1.46626679511041,0.182717165713919,0.838812752145029,-0.0253708331594884,0.689996078704464,3.66396361881993,-2.12711391377108,6.9851159181899,1.31650617,0
1.14833569085097,-1.46642883933215,0.190018240654429,0.875452388333228,-0.0466419722971992,0.759847237886362,9.58264490006163,-1.37444298498876,6.71037564677001,1.28535888,0
1.15731443002463,-1.46682702014396,0.197929652521974,0.971278837333845,-0.0603864021470868,0.826950994354062,14.8983718434285,-0.235007039981036,5.90744507627586,1.26988177,0
1.16731642537002,-1.46748923645941,0.205797310381434,1.12026255576813,-0.0627364725468971,0.886025445116821,16.499388441337,0.536983257557599,4.57147111021901,1.28579671,0
1.17793339986918,-1.46825936386452,0.214185333968586,1.2852564401815,-0.0573666399713211,0.931740156219011,12.6181589003773,0.388298914306068,3.15722983725298,1.3064909,0
1.18950323251015,-1.46911574997912,0.223163904368916,1.41143802918527,-0.0534836508282605,0.963312454591541,4.00707019023878,-0.608019472007343,2.31542284119003,1.28028221,0
1.2031105726428,-1.46977649236401,0.233111862226263,1.45150873108766,-0.0595638455483339,0.986466683003442,-6.18897647287924,-1.70243315042305,2.44484325885151,1.19104796,0
1.21910199780162,-1.47005764954761,0.243903982261192,1.38961896635887,-0.0765881770525645,1.01091511559196,-13.8554382315584,-1.86891243000692,3.35135533174073,1.099973,0
1.23490987174447,-1.47031211471283,0.254523395857984,1.25106458404328,-0.0952773013526337,1.04442866890936,-15.9263208487518,-0.438329320385621,4.24430663789984,1.09984717,0
1.24731232243175,-1.47118906726373,0.264265722688052,1.09180137555577,-0.0996605945564898,1.08687173528836,-11.9302360549995,2.41880182580499,4.13469929762,1.20421601,0
1.2564116605406,-1.47252657293433,0.273943314732566,0.97249901500577,-0.07547257629844,1.12821872826456,-4.12571302385233,5.6729583733597,2.35951246801786,1.30789994,0
1.26480197365067,-1.47372435784245,0.284940324029841,0.931241884767247,-0.018742992564843,1.15181385294474,3.65473661591721,7.94232470510411,-0.993984197180756,1.29290367,0
1.27447529469997,-1.47391769529408,0.297207252169627,0.967789250926419,0.0606802544861981,1.14187401097293,7.96824008716407,8.26670292911098,-5.09374058441933,1.15309951,0
1.28525577059626,-1.47312861483503,0.309666496045295,1.04747165179806,0.143347283777308,1.09093660512874,7.30428850767388,6.67498412454335,-8.72796501374046,0.99643819,0
1.29642525490101,-1.47152180625711,0.320909334444115,1.1205145368748,0.210097125022741,1.00365695499134,2.53670856918511,4.19112295354149,-10.8731088317472,0.93623056,0
1.30763814676599,-1.46932601974248,0.330193010388842,1.14588162256665,0.252008354558156,0.894925866673864,-3.86355105249461,2.23912700271495,-11.1373600907996,0.97738322,0
1.31868455080096,-1.46680244520996,0.338241948965456,1.1072461120417,0.274399624585306,0.783552265765868,-9.28820290076927,1.77431764489001,-9.83968184304307,1.01839951,0
1.32920348596725,-1.46410971895139,0.346080028381017,1.01436408303401,0.292142801034206,0.685155447335437,-12.2230005657169,2.68956618481365,-7.74842569514917,0.97893448,0
1.33942599546058,-1.46128395671592,0.353180251878405,0.892134077376842,0.319038462882343,0.607671190383945,-12.6906932958471,3.86465871150572,-5.63329010344181,0.89709253,0
1.34834353902735,-1.4580817534898,0.359821793423592,0.765227144418371,0.3576850499974,0.551338289349527,-11.7869368825359,3.87875042745532,-3.92722931071167,0.87734803,0
1.35581786843938,-1.45444394819644,0.365735369831478,0.647357775593012,0.396472554271953,0.512065996242411,-10.7823027313867,1.95181601347422,-2.65695133566667,0.96621622,0
1.36257122467763,-1.45047878807591,0.370466122642654,0.539534748279145,0.415990714406695,0.485496482885744,-10.3881239467469,-1.42212929257107,-1.64022514304394,1.10581474,0
1.36816029847541,-1.44657188687127,0.375063674019712,0.435653508811676,0.401769421480984,0.469094231455304,-10.5662778443909,-4.58443550315013,-0.798843397376209,1.2045475,0
1.37282751257517,-1.44282398969935,0.379381822443603,0.329990730367767,0.355925066449483,0.461105797481542,-10.8596231459219,-5.54051134988175,-0.361294860246794,1.2255771,0
1.37612918438429,-1.4390218986579,0.383967502440155,0.221394498908548,0.300519952950666,0.457492848879074,-10.899180826333,-3.07080488061236,-0.81239620898763,1.1934299,0
1.37754050386868,-1.43520457944418,0.388998777386579,0.112402690645218,0.269811904144542,0.449368886789198,-10.7074807686317,2.50313629918411,-2.59720078286034,1.14441642,0
1.37870291042926,-1.43209144647844,0.393957056904098,0.00532788295890112,0.294843267136383,0.423396878960595,-10.6261973392246,9.34053688920937,-5.73912729961331,1.09435988,0
1.37898873881207,-1.42987569688783,0.398126493327342,-0.100934090433345,0.388248636028477,0.366005605964462,-10.9818202278597,14.9008304882877,-9.59851787806924,1.03970659,0
1.37813397707541,-1.42729140950648,0.401210763783242,-0.210752292711942,0.537256940911354,0.270020427183769,-11.7659579413475,17.14129595163,-12.9609679631563,0.98025683,0
1.37595162610536,-1.4219912920706,0.403467145162441,-0.328411872125417,0.708669900427654,0.140410747552206,-12.562602672877,15.4744599756631,-14.4861254472216,0.94100137,0
1.37268322655497,-1.4137465725814,0.405327737703566,-0.454037898854187,0.863414500184285,-0.00445050692001032,-12.7455341274927,11.0038898512444,-13.372619837772,0.95277259,0
1.3683087064397,-1.40410993433872,0.405481993218983,-0.581493240129115,0.973453398696729,-0.13817670529773,-11.8372483816519,5.9468161669664,-9.89844989055728,1.01255216,0
1.36269049594085,-1.39469811440045,0.404106589643542,-0.699865723945633,1.03292156036639,-0.237161204203303,-9.77474925209657,2.55573582719751,-5.53305701869818,1.08043719,0
1.35483795682151,-1.38522495591282,0.401876169513367,-0.797613216466599,1.05847891863837,-0.292491774390285,-6.96296911329699,2.08118350416271,-2.43667333728868,1.11513827,0
1.34725502080611,-1.37507225958957,0.399067173608822,-0.867242907599569,1.07929075367999,-0.316858507763172,-4.09639152138107,4.26564994166718,-2.48989566593977,1.11441584,0
1.33861445261405,-1.36418220930485,0.395726844676631,-0.90820682281338,1.12194725309667,-0.341757464422569,-1.87684848537416,7.57538277035317,-6.26818170603501,1.11096219,0
1.32967062386515,-1.35251853449879,0.391963488076329,-0.926975307667121,1.1977010808002,-0.40443928148292,-0.769334928406716,10.0252986086348,-12.4964355842414,1.12228249,0
1.32049063269529,-1.34019292681876,0.387467019362762,-0.934668656951189,1.29795406688655,-0.529403637325333,-0.882687510542869,10.1808228207571,-18.3702748993338,1.11523143,0
1.31104156481279,-1.32722222066351,0.382180663498961,-0.943495532056617,1.39976229509412,-0.713106386318672,-1.99698914322612,7.86226877255698,-20.6999303294839,1.03564562,0
1.3014855096434,-1.31342857064746,0.375820759801049,-0.963465423488878,1.47838498281969,-0.92010568961351,-3.68736340598902,4.22040828930485,-17.4083461576563,0.89710446,0
1.29187003735763,-1.29877362508017,0.367457473288985,-1.00033905754877,1.52058906571274,-1.09418915119007,-5.4791846723155,1.14829846717667,-8.65266754591159,0.82895733,0
1.28147553596396,-1.28381027389993,0.356725944977033,-1.05513090427192,1.5320720503845,-1.18071582664919,-6.96820544009402,0.306702017073156,3.03695533767586,0.97345757,0
1.2717780085942,-1.26863201212584,0.343302828710251,-1.12481295867286,1.53513907055523,-1.15034627327243,-7.89057154371549,2.23726644150516,13.7411658166556,1.30682263,0
1.25989566794388,-1.25330336911821,0.331170770015748,-1.20371867411002,1.55751173497029,-1.01293461510587,-8.15366857291969,6.01152760754431,19.8265809100657,1.61239596,0
1.24864698461193,-1.23675756525523,0.320982494806634,-1.28525535983922,1.61762701104573,-0.814668806005217,-7.82923064444469,9.63349688070703,19.5097550911786,1.6774429,0
1.23499866886082,-1.22002264938274,0.314469114010152,-1.36354766628366,1.7139619798528,-0.619571255093432,-7.11370734556942,11.0282201227582,13.5682833807254,1.50056092,0
1.22114046871506,-1.20361100095085,0.308997964605012,-1.43468473973936,1.82424418108038,-0.483888421286178,-6.26810713545515,9.14012731018168,4.87578249200477,1.27205107,0
1.20718637511873,-1.186691442508,0.303286084205073,-1.49736581109391,1.9156454541822,-0.43513059636613,-5.55503042127229,4.55422880224026,-2.96664604625163,1.1635737,0
1.1924153117491,-1.16810937609669,0.298129752054421,-1.55291611530663,1.9611877422046,-0.464797056828646,-5.17653936845231,-0.72138813420024,-7.19504932418696,1.18312825,0
1.17711928824706,-1.14739011980786,0.293389729974121,-1.60468150899115,1.9539738608626,-0.536747550070516,-5.20673379781682,-4.23962544884206,-6.90801980696703,1.22860864,0
1.16071292065789,-1.12620321231979,0.288662450193624,-1.65674884696932,1.91157760637418,-0.605827748140186,-5.54053783563567,-4.36114133658355,-3.13934983363459,1.23105981,0
1.14400247726857,-1.10661659460489,0.282771848776413,-1.71215422532568,1.86796619300834,-0.637221246476532,-5.89778471850049,-1.10440749915988,1.91978027438807,1.21470211,0
1.12686669399895,-1.08957138764027,0.27617693649472,-1.77113207251068,1.85692211801674,-0.618023443732651,-5.90191152562996,3.86928038077048,6.04216388116536,1.22473597,0
1.10916946431437,-1.07233469536742,0.269799319275696,-1.83015118776698,1.89561492182445,-0.557601804920997,-5.24278383490439,8.12930080486905,7.87071633155923,1.25986705,0
1.09092336924621,-1.05325799339585,0.264292544907997,-1.88257902611603,1.97690792987314,-0.478894641605405,-3.86857360250948,9.73055615806733,7.25004348723289,1.29059926,0
1.07233112372564,-1.03252874666784,0.25970883538817,-1.92126476214112,2.07421349145381,-0.406394206733076,-2.07357851026073,8.16135598335752,4.95649158555169,1.29252617,0
1.05325082777207,-1.01102684180732,0.255756149135804,-1.94200054724373,2.15582705128739,-0.35682929087756,-0.464510254154601,4.49953069458919,2.14154292365286,1.26510856,0
1.03372560340987,-0.989329578927489,0.252095740257832,-1.94664564978528,2.20082235823328,-0.335413861641031,0.291980109011577,0.72144871037306,-0.230087434100952,1.22893445,0
1.01399052763973,-0.967732762364108,0.248543926464051,-1.94372584869516,2.20803684533701,-0.33771473598204,-0.223138643604729,-1.3936247745466,-1.66647616931938,1.1988974,0
0.994340621668158,-0.946207403420027,0.245069257794004,-1.94595723513121,2.19410059759154,-0.354379497675234,-1.91870119011425,-1.15324775717586,-2.16396079749882,1.17462513,0
0.974921240354986,-0.92451704384099,0.241556196243737,-1.96514424703235,2.18256812001978,-0.376019105650222,-4.19459663883177,0.831927568547415,-2.00984695078256,1.15463473,0
0.955611567471534,-0.902585199983048,0.237927419887661,-2.00709021342067,2.19088739570526,-0.396117575158048,-6.16957276448141,3.1286485437422,-1.56185651792024,1.14324225,0
0.935884713074834,-0.88042484243507,0.234110748714699,-2.06878594106548,2.22217388114268,-0.41173614033725,-7.06489208609216,4.32922350216738,-1.10087553565052,1.14408287,0
0.915090472379881,-0.85796101087648,0.230041321751989,-2.1394348619264,2.26546611616436,-0.422744895693756,-6.58670610133796,3.76133798082476,-0.758418297437636,1.15589065,0
0.893320800152711,-0.835214537906295,0.225720574707375,-2.20530192293978,2.3030794959726,-0.430329078668132,-5.02872726713697,1.71105048917623,-0.530303865101452,1.17400005,0
0.871037287460323,-0.812290427419237,0.221278804787099,-2.25558919561115,2.32019000086437,-0.435632117319147,-3.10842172351804,-0.886564383418364,-0.332305948481937,1.1896913,0
0.848704488938788,-0.789330471360002,0.216777226971213,-2.28667341284633,2.31132435703018,-0.438955176803966,-1.54032781401829,-3.04474465581937,-0.0571722474903377,1.18986072,0
0.826019026047002,-0.766340382016698,0.212447512773968,-2.30207669098652,2.28087691047199,-0.439526899278869,-0.702156709987611,-4.22273464792306,0.355683800833913,1.16729924,0
0.803055696266322,-0.743447127380019,0.208236881518922,-2.30909825808639,2.23864956399276,-0.43597006127053,-0.453423343029884,-4.49159642548631,0.854628267742596,1.13480103,0
0.779883120532418,-0.720928536290681,0.204029535148061,-2.31363249151669,2.19373359973789,-0.427423778593104,-0.286977961498187,-4.35397768541706,1.25157968158852,1.12009469,0
0.756694182511308,-0.698974101239966,0.19971099227976,-2.31650227113167,2.15019382288372,-0.414907981777219,0.335652899529921,-4.39034206220458,1.28196133250436,1.13845773,0
0.733545962847115,-0.677522339339784,0.195401638744503,-2.31314574213637,2.10629040226168,-0.402088368452175,1.64692336668297,-4.95459085316119,0.734482982184029,1.17266079,0
0.710429571530761,-0.656500081500967,0.191286475952344,-2.29667650846954,2.05674449373006,-0.394743538630335,3.4547845169602,-6.07045358959621,-0.382525506164016,1.18945962,0
0.687526536418019,-0.635947347076067,0.187345855510162,-2.26212866329994,1.9960399578341,-0.398568793691975,5.2638302410409,-7.51961595757824,-1.75107706585751,1.16993023,0
0.664874807075483,-0.615979006131535,0.183452529825517,-2.20949036088953,1.92084379825832,-0.41607956435055,6.5762172410547,-9.0207939010569,-2.82174499935548,1.12727169,0
0.642704239525914,-0.596747397636734,0.179407469753561,-2.14372818847899,1.83063585924775,-0.444297014344105,7.17378413690707,-10.391470598094,-3.02828338487575,1.09275342,0
0.621223486136059,-0.578404657928306,0.174863392995855,-2.07199034710991,1.72672115326681,-0.474579848192863,7.2000613345531,-11.5798397639553,-2.14411909865656,1.08510485,0
0.600532704021308,-0.561126881826595,0.170041066249486,-1.99998973376438,1.61092275562726,-0.496021039179428,7.00985198564465,-12.6208092274763,-0.471603413649229,1.09832983,0
0.580606742463541,-0.545010738755548,0.165216488901047,-1.92989121390794,1.4847146633525,-0.500737073315921,6.94041269899771,-13.5348848086358,1.17812387141726,1.12126576,0
0.561440823972995,-0.530214797986361,0.160307283678771,-1.86048708691796,1.34936581526614,-0.488955834601748,7.10683478775052,-14.2796623392277,1.85055015975472,1.15363989,0
0.542900324497681,-0.516856872210602,0.155345364277097,-1.78941873904046,1.20656919187386,-0.470450333004201,7.40027085740801,-14.795697321636,0.95549656890995,1.19075293,0
0.524971563797856,-0.50488161040544,0.150417691027874,-1.71541603046637,1.0586122186575,-0.460895367315101,7.68020172373732,-15.1220981175032,-1.34584655365831,1.20738085,0
0.507486223716721,-0.494051139203659,0.145866571168505,-1.638614013229,0.907391237482469,-0.474353832851684,7.98288536157246,-15.5038944890956,-4.1292769076507,1.17960813,0
0.490972443852988,-0.484760983724084,0.141083500542205,-1.55878515961328,0.752352292591513,-0.515646601928191,8.61841932217403,-16.3861341320662,-6.1550595874331,1.12031072,0
0.475505732909686,-0.477203415720299,0.1359649936907,-1.47260096639154,0.588490951270851,-0.577197197802522,10.0277664539908,-18.2634378568433,-6.56221784139251,1.07835051,0
0.461042289580308,-0.471565895771273,0.130400827661208,-1.37232330185163,0.405856572702418,-0.642819376216447,12.4707074302576,-21.4062137370011,-5.42625582276744,1.09867854,0
0.447607987323818,-0.467753906967627,0.12398096596937,-1.24761622754905,0.191794435332407,-0.697081934444122,15.7334767759343,-25.6142970209722,-3.78183789404246,1.17887689,0
0.435309480243744,-0.465950955495846,0.11695398451591,-1.09028145978971,-0.064348534877315,-0.734900313384547,19.0500092474702,-30.1165342369736,-3.00807322835039,1.26845858,0
0.423398293140614,-0.46619298571374,0.109966534770007,-0.899781367315007,-0.365513877247051,-0.76498104566805,21.3311812097615,-33.7171469211153,-3.86536706424495,1.32361668,0
0.414597991891813,-0.469688140360415,0.101825232147647,-0.686469555217393,-0.702685346458204,-0.8036347163105,21.6338267955906,-35.169538526259,-5.73656427529402,1.34590634,0
0.407752333567007,-0.476697551933362,0.093452888074896,-0.470131287261487,-1.05438073172079,-0.86100035906344,19.6233554294725,-33.6234674027219,-6.60979942276977,1.34787186,0
0.403981418120247,-0.487472055487485,0.0843705964223113,-0.273897732966762,-1.39061540574801,-0.927098353291137,15.7893338185834,-28.9365145007106,-3.94857386663507,1.32137504,0
0.400180136038898,-0.501330796336254,0.075969152125876,-0.116004394780928,-1.67998055075512,-0.966584091957489,11.2826123994681,-21.7051175820351,3.90882362842735,1.27678575,0
0.399223378657013,-0.51831410537349,0.067057745834887,-0.00317827078624651,-1.89703172657547,-0.927495855673215,7.43710375456332,-13.0089679081541,16.5356348221517,1.27949309,0
0.400034636142207,-0.537183062374994,0.0577196140467012,0.0711927667593867,-2.02712140565701,-0.762139507451698,5.19330732892275,-4.00555693506545,31.1065796598986,1.41229528,0
0.399878158124521,-0.557440316571788,0.0500658141730147,0.123125840048614,-2.06717697500767,-0.451073710852712,4.72548648793311,4.43390574453575,43.2605973623195,1.69279223,0
0.401048870357953,-0.577895405933692,0.0442104071456367,0.170380704927945,-2.02283791756231,-0.0184677372295168,5.43748883156013,11.8924554794595,48.8118341815036,2.01373067,0
0.402744640636771,-0.598057522407493,0.0432547940016093,0.224755593243547,-1.90391336276771,0.469650604585519,6.28410285404917,18.3522581445543,45.5212798258222,2.18884088,0
0.405863716448615,-0.617372031947368,0.049145420551562,0.287596621784038,-1.72039078132217,0.924863402843742,6.26945561562105,23.9932509838554,34.0699070995747,2.11830771,0
0.408093360430871,-0.634525908870808,0.0596038132131572,0.350291177940249,-1.48045827148362,1.26556247383949,4.85852470682458,28.9687521811842,17.7801121688004,1.89341179,0
0.411323892794214,-0.649269307550062,0.0721230124647569,0.398876425008495,-1.19077074967177,1.44336359552749,2.14794003025809,33.2651530858303,1.22831380400348,1.67866125,0
0.415388031234757,-0.661184080083074,0.0857931203968981,0.420355825311076,-0.858119218813472,1.45564673356753,-1.25348134547757,36.6623688657426,-11.5500084444749,1.53509261,0
0.419996586040085,-0.669795140342537,0.0999400213883564,0.4078210118563,-0.491495530156045,1.34014664912278,-4.51182977544076,38.7925280996211,-18.4604631510896,1.42858144,0
0.424147241847913,-0.674686637105156,0.113280909259957,0.362702714101892,-0.103570249159834,1.15554201761188,-6.87881023679392,39.2461520793804,-19.7730160954404,1.34896567,0
0.42791455580776,-0.675789997606352,0.125248780293869,0.293914611733953,0.28889127163397,0.957811856657478,-7.90376275313724,37.7027139725379,-17.5245508887322,1.32758015,0
0.430072311248923,-0.672676975992618,0.134802516444278,0.214876984202581,0.665918411359349,0.782566347770156,-7.50530548045317,34.0644215848283,-14.3205765298434,1.36069807,0
0.431851555913475,-0.665904822383792,0.142554706811085,0.139823929398049,1.00656262720763,0.639360582471722,-5.93915003386286,28.567259824519,-12.1625273415938,1.39358818,0
0.434563784481105,-0.656194270843552,0.149414409974915,0.0804324290594203,1.29223522545282,0.517735309055785,-3.70031393814687,21.8203039085974,-11.7952935427822,1.38776044,0
0.434684938081928,-0.643244891564567,0.154221810141922,0.0434292896779516,1.5104382645388,0.399782373627962,-1.39300190067405,14.7247009610526,-12.7342042800404,1.35386532,0
0.435490916993332,-0.628276917879801,0.158355119296847,0.0294992706712111,1.65768527414932,0.272440330827558,0.421329731887651,8.26337448319546,-13.7909418291732,1.3140514,0
0.435683543572354,-0.611582679698058,0.160762002860906,0.0337125679900876,1.74031901898128,0.134530912535826,1.38415573428006,3.22110250739445,-13.7581898334995,1.27118402,0
0.435749243699519,-0.593900568404526,0.162095225144453,0.0475541253328882,1.77253004405522,-0.00305098579916876,1.44890787495343,-0.0449173448198785,-11.9263986984123,1.22530789,0
0.436015199763464,-0.576015557174929,0.162199367370123,0.0620432040824225,1.77208087060702,-0.122314972783292,0.893136834694474,-1.68104517326129,-8.29948635897852,1.20165587,0
0.436896620008187,-0.558536095537247,0.161262032186687,0.0709745724293672,1.75527041887441,-0.205309836373077,0.189940740876947,-2.20638995574848,-3.52733991359404,1.23757699,0
0.437610280252406,-0.541328266297837,0.159072102647961,0.0728739798381367,1.73320651931692,-0.240583235509017,-0.215803067205946,-2.24659720221504,1.33198686485486,1.33078902,0
0.438519937830031,-0.524030053961382,0.156418443315771,0.0707159491660773,1.71074054729477,-0.227263366860469,-0.120142274529902,-2.26902505805037,5.1195215301462,1.424132,0
0.439373955358299,-0.50677452155739,0.154135232909844,0.0695145264207782,1.68805029671427,-0.176068151559007,0.352518234563703,-2.45380376237287,6.90246196096727,1.46430379,0
0.439787262415141,-0.489620965599999,0.152559305140515,0.0730397087664153,1.66351225909054,-0.107043531949334,0.849361285167365,-2.75107327204914,6.26400363774667,1.45801741,0
0.440405855622201,-0.472888419710103,0.15174752370748,0.0815333216180889,1.63600152637005,-0.0444034955718675,1.02591140722859,-3.06223866855019,3.49412946461566,1.44800436,0
0.441169490577024,-0.456652615818342,0.151231887472995,0.0917924356903748,1.60537913968455,-0.00946220092571089,0.779521232259792,-3.41263352225601,-0.410989615237449,1.44752316,0
0.44205256015789,-0.440794282486957,0.150740762467992,0.0995876480129728,1.57125280446199,-0.0135720970780854,0.333639319798254,-3.98226620045361,-4.01865256898187,1.4251238,0
0.443284572194376,-0.425217434984669,0.150515721459569,0.102924041210955,1.53143014245745,-0.0537586227679041,0.119253702617722,-4.98139288072718,-5.96319702066099,1.35136201,0
0.444344788854595,-0.409841982944631,0.150035889083893,0.104116578237132,1.48161621365018,-0.113390592974514,0.499880467456495,-6.43662730783033,-5.48376386588058,1.23842723,0
0.445405302569853,-0.394882904679463,0.149222487461713,0.109115382911697,1.41724994057188,-0.16822823163332,1.51613522341874,-8.05066428802295,-2.79589333203519,1.13466965,0
0.446624792043489,-0.380663752467493,0.147864885022911,0.124276735145885,1.33674329769165,-0.196187164953672,2.78817810868024,-9.26648442127451,0.973683836992872,1.09306006,0
0.447719862405272,-0.367314442509586,0.145721935035261,0.152158516232687,1.2440784534789,-0.186450326583743,3.70566702770101,-9.55223485286049,4.29126660217111,1.12957596,0
0.448613679723671,-0.354943011559107,0.143626985616297,0.189215186509697,1.1485561049503,-0.143537660562032,3.69986710438561,-8.74266928938896,5.98805367840176,1.20236357,0
0.45075687842074,-0.343418629560791,0.141818684535825,0.226213857553554,1.06112941205641,-0.0836571237780143,2.61373823316199,-7.2566982131061,5.85491657467321,1.24325062,0
0.453749634980774,-0.332809341491655,0.140772631047953,0.252351239885173,0.988562429925347,-0.0251079580312823,0.814124789925731,-5.95529927783095,4.68666267734053,1.2112967,0
0.456050315608915,-0.322937796941487,0.140869220361285,0.260492487784431,0.929009437147038,0.0217586687421231,-0.958937387215761,-5.71055376879284,3.73928867990689,1.11778463,0
0.458404539971448,-0.3137124617686,0.141568977836281,0.250903113912273,0.871903899459109,0.059151555541192,-1.95239865411275,-6.86364071423007,3.88064998645047,1.00928596,0
0.4607890039086,-0.305124819289844,0.142460663584065,0.231379127371146,0.803267492316808,0.0979580554056967,-1.80931989217861,-8.92006903096612,4.97361634101313,0.93121416,0
0.463229558888188,-0.297019683554777,0.143229475359982,0.21328592844936,0.714066802007147,0.147694218815828,-0.7486297955355,-10.7235445149106,5.98309127789904,0.9027885,0
0.465361629715012,-0.290023773499858,0.144561147093021,0.205799630494005,0.606831356858042,0.207525131594818,0.526700471374747,-11.0547740274567,5.744796306398,0.91548846,0
0.467533817458292,-0.283760357886182,0.146039586006321,0.211066635207752,0.496283616583475,0.264973094658798,1.17849973683701,-9.33475350477019,3.95796779301642,0.94060791,0
0.469622498178182,-0.278487183272491,0.148306704651078,0.222851632576122,0.402936081535773,0.304552772588963,0.663170896374558,-5.98037609880091,1.64361598435212,0.9435356,0
0.471697691866276,-0.27429575674787,0.151551234555023,0.229483341539868,0.343132320547764,0.320988932432484,-1.02773497883984,-2.15442274798847,0.639656305251777,0.91280788,0
0.473983173469159,-0.271123991714836,0.15539262953857,0.219205991751469,0.321588093067879,0.327385495485002,-3.39803970496905,0.972358910689955,2.30539312968031,0.87469381,0
0.476216854572508,-0.268382854386141,0.159193384705018,0.185225594701779,0.331311682174779,0.350439426781805,-5.73075680503529,2.95318329324043,6.28560169260347,0.86608875,0
0.478181978896792,-0.26538127466314,0.162886539799482,0.127918026651426,0.360843515107183,0.41329544370784,-7.4137621258735,4.25229797766816,10.2723864798052,0.89799227,0
0.479547056231714,-0.261703433785665,0.166833175344397,0.0537804053926909,0.403366494883865,0.516019308505892,-8.20343527847284,5.68226788354465,11.1825134443792,0.95037154,0
0.480050650217959,-0.257263428393262,0.171404210457729,-0.0282539473920375,0.460189173719311,0.627844442949684,-8.10484432881017,7.40119760603613,7.23699924457105,0.98945208,0
0.479714835779906,-0.252126196078746,0.176914011051818,-0.109302390680139,0.534201149779673,0.700214435395394,-7.30117309059496,8.27490172900124,-0.453192627656101,0.98409913,0
0.478315801842656,-0.24632356850608,0.183702584543714,-0.182314121586089,0.616950167069686,0.695682509118833,-5.9374622590071,6.19996653870552,-7.96138075953741,0.9214463,0
0.476497764268419,-0.240377559168303,0.190854246384818,-0.24168874417616,0.67894983245674,0.616068701523459,-4.16067947612198,-0.511885137050539,-10.6737070041377,0.81654339,0
0.474135340523593,-0.234209882369014,0.197787239938196,-0.28329553893738,0.673830981086235,0.509331631482082,-2.25077081776184,-11.4523701247827,-6.38525045107827,0.70059375,0
0.471540096139737,-0.228289183446984,0.203826410762654,-0.305803247114998,0.559307279838408,0.445479126971299,-0.720253758352534,-23.3038031022914,2.55450469220873,0.59966242,0
0.468742884349235,-0.223138383117396,0.2089323419933,-0.313005784698523,0.326269248815495,0.471024173893387,-0.161644659297386,-30.7713209011959,9.67085943554443,0.52901682,0
0.465761511699248,-0.219587283512345,0.213272382605597,-0.314622231291497,0.0185560398035355,0.567732768248831,-0.847831908336671,-29.1466700282042,7.59589477896853,0.50167899,0
0.462341451414436,-0.218133711875694,0.217438912182971,-0.323100550374864,-0.272910660478507,0.643691716038516,-2.29336066122,-17.2585668415057,-7.46308811252968,0.53093697,0
0.458580530770171,-0.219551346659447,0.222209235448014,-0.346034156987064,-0.445496328893564,0.569060834913219,-3.14858013313441,0.941967693064298,-32.5876947020104,0.60776417,0
0.454715933379548,-0.223849846864751,0.227409332253259,-0.377519958318408,-0.436076651962921,0.243183887893116,-1.70963326650184,17.416973430401,-58.441628973201,0.65936364,0
0.451120697364774,-0.229529202705013,0.231225544753694,-0.394616290983427,-0.261906917658911,-0.341232401838894,3.09098342391564,23.5596639324741,-73.2382164014773,0.57998953,0
0.447676857841568,-0.23419018720107,0.230647448595801,-0.36370645674427,-0.0263102783341701,-1.07361456585367,10.6958351758523,14.5822780597896,-68.4927301146553,0.40429391,0
0.445267796630201,-0.235320041451246,0.221827407847693,-0.256748104985747,0.119512502263726,-1.75854186700022,18.5907722473412,-7.55786207927282,-43.5158677367027,-3.6330959,3.60689609560342
0.442318312541912,-0.232648075709598,0.202732258269526,-0.0708403825123349,0.0439338814709977,-2.19370054436725,23.0488536014449,-34.413817818124,-6.14214486429533,-1.06458296,9.25794886509394
0.441035293258035,-0.230098416882343,0.176994367581377,0.159648153502114,-0.300204296710242,-2.2551219930102,20.769954049584,-54.6013604595995,30.7655474064226,2.25867494,11.7457706212128
0.441639571972702,-0.232094291988185,0.152292277095343,0.367347693997954,-0.846217901306237,-1.94746651894597,10.654289909986,-58.9618218797149,55.1911364912006,4.62342895,12.4783501134856
0.44430006758504,-0.241272393839124,0.134374322601581,0.473890593097814,-1.43583612010339,-1.39555515403397,-5.24958941043831,-44.7606548074312,61.149379163173,5.40918259,12.9072980471182
0.451138414725609,-0.257592856322516,0.123533809298884,0.421394698993431,-1.8834426681777,-0.784061362402238,-22.2636038515886,-16.8227907590813,50.595218832733,5.27708241,13.0590340410072
0.455397617970139,-0.277141840375421,0.117409063934003,0.198758660477545,-2.05167057576851,-0.278109174074908,-34.9462822356435,14.8732020258267,31.3949192012817,5.07181787,12.9149785471631
0.458003646917977,-0.297637909020964,0.113857685425337,-0.150704161878891,-1.90293855551024,0.0358400179379087,-39.4370222214092,39.8029325023799,12.825008705985,4.89358606,12.6012330072755
0.456088366055537,-0.315761635913673,0.11267628741356,-0.545074384092983,-1.50490923048644,0.164090104997759,-35.0745271287973,51.3194342566819,1.19784424732484,4.56499091,12.250465771917
0.449769640783332,-0.329901403744479,0.112928398129615,-0.895819655380956,-0.991714887919626,0.176068547471007,-24.5241382765298,48.8101198561854,-2.18539227717062,4.01763274,11.8351651253732
0.4404555048289,-0.339549199353469,0.114588572243806,-1.14106103814625,-0.503613689357772,0.154214624699301,-12.3639089999208,36.8523186978908,-0.148114429612813,3.29167192,11.3005147915488
0.429330373878295,-0.344919139035148,0.11614743907063,-1.26470012814546,-0.135090502378865,0.152733480403173,-2.89749721616964,22.2026589590432,3.10625630485284,2.37446973,10.6249369358588
0.416700202404064,-0.34668463626478,0.11893567882158,-1.29367510030716,0.0869360872115674,0.183796043451701,1.62455741695215,10.4545602589476,4.69148790693883,1.39686247,9.88024493271607
0.404395808852021,-0.34595319443161,0.121588656428164,-1.27742952613764,0.191481689801044,0.23071092252109,1.59262531503398,3.99898844111976,4.21225444844785,0.39288496,9.08246106924947
0.391429770230793,-0.344252745623199,0.123906863827187,-1.2615032729873,0.231471574212241,0.272833467005568,-0.792839096213099,2.0397184855414,3.09884631650452,-0.47899297,8.34284189774735
0.379263885135525,-0.342180685848309,0.126172223354591,-1.26943166394943,0.251868759067655,0.303821930170613,-3.02140502498708,2.12767015262367,2.96087761434663,-1.22518508,7.60706952799393
0.366340814251553,-0.339561101626303,0.128769255828266,-1.2996457141993,0.273145460593892,0.333430706314079,-3.65608137336891,2.07606867742785,4.23265562906601,-1.76994787,6.95815630104321
0.353173185214797,-0.33638503418213,0.131610213249271,-1.33620652793299,0.293906147368171,0.37575726260474,-2.81346161324873,1.11717872801607,5.93461459298883,-2.23346621,6.36140911573425
0.338575680702112,-0.332916938247514,0.135186499875291,-1.36434114406547,0.305077934648331,0.435103408534628,-1.67307085414101,-0.128361634331572,6.49599551742322,-2.68358497,5.79917017919529
0.326467881037015,-0.32999962546426,0.139985496107417,-1.38107185260688,0.303794318305015,0.50006336370886,-1.49350887647482,-0.536330570235498,4.91543005097896,-3.16977893,5.25127726560714
0.311288942598776,-0.327007225649526,0.145126909183623,-1.39600694137163,0.298431012602661,0.54921766421865,-2.710216441845,0.509111787571402,1.42268344544595,-3.79136925,4.63349133924695
0.298817584741836,-0.324682418113404,0.151324744225189,-1.42310910579008,0.303522130478374,0.563444498673109,-4.74998849281132,2.65063700513921,-2.71212335982506,-4.54589199,3.93481661023698
0.284611350758857,-0.321849714354431,0.15694889704654,-1.4706089907182,0.330028500529767,0.536323265074859,-6.42166242923484,4.79608041694483,-5.98867370071269,-5.28756875,3.25433000422218
0.269581206526272,-0.318380488842723,0.16170875845898,-1.53482561501054,0.377989304699215,0.476436528067732,-6.64703029415749,5.80531510134394,-7.49767269114012,-6.03413967,2.54635776083263
0.253827735019808,-0.314213638299298,0.166285591556087,-1.60129591795212,0.436042455712654,0.401459801156331,-5.00447826467937,5.11554102088184,-7.25523566542918,-6.75399619,1.85438183294671
0.237637826655123,-0.309613714321655,0.170044892709339,-1.65134070059891,0.487197865921473,0.328907444502039,-1.87182801066831,2.97370844804333,-5.9450395881388,-7.46059112,1.18775057061106
0.221169674235894,-0.304884238567893,0.17356358451724,-1.6700589807056,0.516934950401906,0.269457048620651,1.88543495635158,0.180944596425782,-4.34834102606292,-8.30812737,0.416935711163996
0.204752984769521,-0.29990610156681,0.176652151973759,-1.65120463114208,0.518744396366164,0.225973638360022,5.36073491601568,-2.39091265577725,-2.8812532550608,-9.28768572,0.46141181412283
0.188515196612933,-0.294756652820194,0.179075427321087,-1.59759728198192,0.494835269808391,0.197161105809414,7.92169695540367,-4.20480428559764,-1.50459937226596,-10.30519583,1.43061435952748
0.172334927178108,-0.289709879000947,0.180780576126641,-1.51838031242789,0.452787226952415,0.182115112086754,9.32019471629956,-5.20437805415017,0.0397163256966495,-11.40759218,2.53933407397957
0.157152541190998,-0.285209888038416,0.182389593942324,-1.42517836526489,0.400743446410913,0.18251227534372,9.58007198574612,-5.65934411789943,1.88938144216917,-12.76480426,3.88490439323697
0.142952012340278,-0.281234168152312,0.184304249104227,-1.32937764540743,0.344150005231919,0.201406089765412,8.87217467530317,-5.90024580677886,3.88550792013176,-14.40173994,5.43936909664115
0.129521863269275,-0.277963526551962,0.186355526021983,-1.2406558986544,0.28514754716413,0.24026116896673,7.44228299158611,-6.09122743612316,5.63598312363242,-16.23534726,7.11156229006653
0.116950081785169,-0.274984236428838,0.18880176710974,-1.16623306873854,0.224235272802898,0.296621000203054,5.61638222807914,-6.18102374919084,6.74363880322321,-18.21643513,8.84493661125777
0.105405193215341,-0.27264728785884,0.191889424202522,-1.11006924645775,0.16242503531099,0.364057388235286,3.80154720813072,-5.99732874976618,7.02135068402646,-20.21892955,10.5357537825339
0.0944058767673272,-0.270849298183589,0.1953035685193,-1.07205377437644,0.102451747813328,0.434270895075551,2.39459385294945,-5.39003045140557,6.56447460304928,-22.17213365,12.1627742648851
0.0838459834358847,-0.269860980536439,0.199500176228339,-1.04810783584694,0.0485514432992726,0.499915641106044,1.63257861033366,-4.33688800321784,5.64740522972408,-24.10753973,13.7691524629214
0.0732503342421882,-0.269648215650376,0.204767333470368,-1.03178204974361,0.00518256326709421,0.556389693403284,1.47679757343852,-2.95668198132327,4.56130559696077,-26.07460623,15.3986776938535
0.0628887546451352,-0.269746730585472,0.210472166056254,-1.01701407400922,-0.0243842565461385,0.602002749372892,1.58687918866418,-1.43607458693536,3.48530778834337,-28.30353366,17.2821487463407
0.0524748076656066,-0.269815270712395,0.216407457850694,-1.00114528212258,-0.0387450024154922,0.636855827256326,1.52266337820886,0.0357043019354346,2.4536961903067,-30.74471499,19.3715271919269
0.0428932099516834,-0.270076167066839,0.222484947029814,-0.985918648340492,-0.0383879593961378,0.661392789159393,0.976336386185222,1.31990608592231,1.4036671699499,-33.34956755,21.6457592404463
0.0330479575649661,-0.270420705184093,0.2290536622685,-0.97615528447864,-0.0251888985369147,0.675429460858892,-0.0415597053563756,2.31446350082302,0.257767699023594,-36.20363802,24.158468447997
0.0227322799527077,-0.270657851621674,0.236096409804693,-0.976570881532203,-0.00204426352868455,0.678007137849128,-1.20015602735117,2.96269052251391,-0.969927699861113,-39.15577423,26.7266072338564
0.0132063948938373,-0.270892364706481,0.242990211291586,-0.988572441805715,0.0275826416964546,0.668307860850517,-2.04782554113054,3.08158459204281,-2.18698609163879,-42.14806779,29.3073853793261
0.00331233036033076,-0.270571919986886,0.24956395499838,-1.00905069721702,0.0583984876168826,0.646437999934129,-2.30449020583085,2.6033232156014,-3.19234031363723,-45.1146593,31.8805303440363
-0.00593316511074573,-0.270140650001383,0.255818080224448,-1.03209559927533,0.0844317197728967,0.614514596797756,-2.02850913805098,1.5921400875563,-3.77873561959817,-48.03803078,34.4654253308652
-0.0173862114882746,-0.268926967761767,0.261984270875879,-1.05238069065584,0.10035312064846,0.576727240601775,-1.58159491556064,0.304534524973705,-3.80392276504686,-51.08510341,37.2076940462446
-0.0271945452743903,-0.268196769475688,0.267837112094724,-1.06819663981145,0.103398465898197,0.538688012951306,-1.34481893145177,-0.89517660071503,-3.26062210623089,-54.19529436,40.0491444847742
-0.0382991008875088,-0.267065567656797,0.273351111078329,-1.08164482912596,0.0944466998910464,0.506081791888997,-1.41698566438545,-1.73097653148661,-2.29846342527538,-57.44146165,43.0565225240001
-0.0492503125706788,-0.266057812801366,0.278411445931331,-1.09581468576982,0.0771369345761803,0.483097157636244,-1.45251837122105,-2.19438768243503,-1.1815903909337,-60.78294212,46.2114668461123
-0.0601438353624839,-0.26526859376317,0.283116226497908,-1.11033986948203,0.0551930577518301,0.471281253726907,-0.835813167250117,-2.5514372692608,-0.184523930669242,-64.1165039,49.4186908774498
-0.0714135968612792,-0.264672528917029,0.287855542243459,-1.11869800115453,0.0296786850592221,0.469436014420214,0.936790444377566,-3.13229661696489,0.52280277300499,-67.46182603,52.6383921921891
-0.0810512575178362,-0.264694517796676,0.292402429504859,-1.10933009671075,-0.00164428111042674,0.474664042150264,3.78704394043242,-4.01291379206744,0.936621416646012,-70.76566691,55.8256011248695
-0.0935755629046955,-0.264509597195368,0.297222456430873,-1.07145965730643,-0.0417734190311011,0.484030256316724,6.97554050077349,-4.85014088722005,1.19924812670127,-74.16377477,59.0913711110439
-0.104359846585816,-0.264991329187402,0.302203402190321,-1.00170425229869,-0.0902748279033016,0.496022737583737,9.31507807190269,-5.02056108406162,1.46194815329617,-77.59693923,62.4102042945108
-0.114086849774118,-0.266021684136784,0.307123785897391,-0.908553471579667,-0.140480438743918,0.510642219116699,9.80665472857182,-4.06982626233208,1.74220959653121,-80.87782373,65.6434196840565
-0.122891557630214,-0.267404859663385,0.31224725541809,-0.810486924293949,-0.181178701367239,0.52806431508201,8.20948089138284,-2.16541316536365,1.84983475944221,-83.93838925,68.7018883368792
-0.131730407966204,-0.26864310130357,0.317451215509635,-0.728392115380121,-0.202832833020875,0.546562662676433,5.2569807706455,-0.201866283365057,1.45721292907213,-86.95909126,71.6719864096976
-0.138402824734924,-0.270831607700824,0.323001989104178,-0.675822307673666,-0.204851495854526,0.561134791967154,2.32618017732019,0.625745834719608,0.320436756855146,-90.11618551,74.7074265844516
-0.145066813832286,-0.273000501309674,0.328607913881354,-0.652560505900463,-0.198594037507329,0.564339159535706,0.713137950991451,-0.41189971437014,-1.49758618390042,-93.45218988,77.8810020417041
-0.152312966053763,-0.274914327440182,0.334026359579071,-0.645429126390549,-0.202713034651031,0.549363297696701,0.917735511263771,-2.97896816542939,-3.54515806587363,-96.71003005,80.9841099951761
-0.157982593777841,-0.277702376950243,0.33963194384251,-0.636251771277911,-0.232502716305325,0.513911717037965,2.37271250767402,-5.73166022313306,-5.14740836858899,-99.86522855,83.9646499230024
-0.16425224283494,-0.280179208249267,0.344753336072334,-0.612524646201171,-0.289819318536655,0.462437633352075,3.81166288551402,-7.13853427450243,-5.7654646619535,-102.82969863,86.7478516443481
-0.170364273650754,-0.282803141482703,0.349489563457774,-0.574408017346031,-0.36120466128168,0.40478298673254,4.06789028995504,-6.6107378990027,-5.35597495157454,-105.54205855,89.2878959413262
-0.176954899578337,-0.285387646332073,0.353579118779148,-0.533729114446481,-0.427312040271707,0.351223237216795,2.84290048404728,-5.16390035794848,-4.48745822273018,-108.16280252,91.7365005902321
-0.182393984841656,-0.289196968621688,0.357144159899731,-0.505300109606008,-0.478951043851191,0.306348654989493,0.956133118352051,-4.99768415566643,-4.08364956553259,-110.86396324,94.249272127626
-0.187518769118881,-0.294113466353177,0.360149489637163,-0.495738778422487,-0.528927885407856,0.265512159334167,-0.107522981231911,-8.0615861262785,-4.8933212584476,-113.56319401,96.7877563496246
-0.191567054559295,-0.30032505703271,0.362835654679474,-0.496814008234807,-0.609543746670641,0.216578946749691,0.891717268136299,-14.3975346051775,-6.97096226463631,-116.19125633,99.2976092565829
-0.195911604404248,-0.307604539108781,0.364614117785587,-0.487896835553443,-0.753519092722416,0.146869324103328,4.12517459513701,-21.395310095357,-9.48719501649316,-118.56478357,101.65812379662
-0.20111454347818,-0.315552478274108,0.366016187199472,-0.446645089602073,-0.967472193675985,0.0519973739383963,8.45590060788444,-24.6653072438803,-11.0461089917232,-120.64390288,103.8654256298
-0.206244293042594,-0.32445868488019,0.366638799027134,-0.362086083523229,-1.21412526611479,-0.0584637159788361,11.9615888718748,-20.2884933215813,-10.3852257654305,-122.29839456,105.786217410316
-0.2107464895777,-0.335119779033914,0.366577185588414,-0.242470194804481,-1.4170101993306,-0.162315973633142,12.9253294496015,-7.26234946308613,-7.08911220162132,-123.48024512,107.420491100214
-0.212652009337233,-0.347620662102211,0.365199571553474,-0.113216900308466,-1.48963369396146,-0.233207095649355,10.7501274959138,11.3301506807697,-1.92061898024291,-124.04441674,108.683755502198
-0.213566054672597,-0.361910803312578,0.362804913497227,-0.00571562534932769,-1.37633218715377,-0.252413285451784,6.25975099243541,29.2914816447895,3.4507074275599,-124.15220866,109.575205833706
-0.212934853207021,-0.378240016178709,0.359934146201663,0.0568818845750264,-1.08341737070587,-0.217906211176185,1.2586982849266,40.0696795747846,7.20141910388569,-124.04630339,110.036431371879
-0.212022768574538,-0.396622601753961,0.356086698241736,0.0694688674242924,-0.682720574958024,-0.145892020137328,-2.39315234785993,39.8891250815787,8.20008931925957,-123.28603813,109.768247980397
