0.402279765558251,-0.185375171090479,0.114821250813035,0.0144109803795855,-0.93062577893065,-0.828767642799464,3.43027208651418,1.04484928819162,-5.1854645596877,0.3395689,0
0.402370833522495,-0.201211614676918,0.104375237248226,0.0508393149149944,-1.28981507531276,-1.12444226853535,5.13996532292879,-4.48126407033442,3.18448556846229,-0.77361808,1.69835000485492
0.403408672792775,-0.216715548431711,0.0913728037997045,0.103669571703751,-1.5834053487685,-1.25669577951798,5.25585151405161,-10.3726077111565,13.3815786101227,-0.76783536,5.9362213084315
0.404042173555108,-0.231503969798882,0.0777067012236637,0.156810966317697,-1.78849240364374,-1.18973958489526,2.8073688242998,-13.6192313958045,21.9672068629633,-1.74600285,8.20873654763458
0.405462355472371,-0.247166400393706,0.0654059864766189,0.184773137469547,-1.90529223268614,-0.957275871514172,-2.33855135716284,-11.7052387095348,26.1400303681357,-1.70056172,8.80489117232464
0.4070421322163,-0.264762892466386,0.0563631383924647,0.160933449428128,-1.94336505293835,-0.643779172446875,-9.20456337967481,-3.91091664689844,24.9768776938893,-1.13371527,9.02258552292581
0.408885555080908,-0.284485726497154,0.0517351737805257,0.0684593145518649,-1.9079591774951,-0.344858884037058,-15.9366113734892,8.13668732020118,19.7005969183437,-1.26042763,9.21693143475368
0.409858611743612,-0.304619425869141,0.0495128711767026,-0.0910834798712102,-1.79586806691212,-0.127586634820595,-20.5025684199538,21.0105354777363,12.8926840785712,-1.84944557,9.22735247273268
0.408938815024763,-0.323291527707911,0.0479295309940407,-0.296011756012501,-1.60270167889575,-0.00983305244945924,-21.5485447802681,30.8880971663293,7.15665244780239,-2.3175564,8.99672846149052
0.405652933732983,-0.339390723631921,0.0460565530729445,-0.511258282634228,-1.33536837808701,0.0343278534018818,-19.0188716892768,35.1427604131501,3.9975404689626,-2.76527145,8.62970229410742
0.401107496316593,-0.352698884136586,0.0451809720017672,-0.701240439754438,-1.01986089375286,0.0506096771050546,-14.1941581130003,33.3337718171736,3.43517359388488,-3.51154372,8.12994505544636
0.393757923388558,-0.362617714543112,0.0458912265850164,-0.84311707257472,-0.697817490233857,0.0775114724417901,-9.11980978418638,27.149934698281,4.43297414950515,-4.58213358,7.56057644363986
0.385056186642204,-0.369170138180429,0.0477685568336683,-0.934392426891498,-0.412883475892172,0.130702971104953,-5.67840009072683,19.4112602192542,5.71896796964074,-6.22760866,6.77009898466066
0.375670431450983,-0.372994113556311,0.0498513795304561,-0.991315176015462,-0.194642978399799,0.20380786056526,-4.7669107811327,12.7068091520715,6.4743915812047,-8.42280654,5.68546708770211
0.365746227873821,-0.374960573057474,0.0521868384619372,-1.03908909271932,-0.0493489374170012,0.280573952585826,-5.99144366878647,8.38420388029783,6.54472403334178,-10.81826031,4.46545485448709
0.355889052095786,-0.375716162917109,0.0543371937070713,-1.09902287234926,0.03785678051901,0.348239938413429,-7.98024406557057,6.3293692905406,6.1968450004887,-13.24971118,3.13690809678467
0.344461251033222,-0.375666913041743,0.0576015425228038,-1.1787702942697,0.0915828817410164,0.403897426492942,-9.18287994489739,5.52112640574144,5.73438527604102,-15.62954881,1.60303169038823
0.333934918812499,-0.375308464650352,0.0611420078367224,-1.27052097549421,0.133209622799202,0.452280674509815,-8.67238042568813,4.90896953432748,5.26180421604026,-17.81660598,0.0110772953116096
0.31964270292925,-0.373554032982709,0.0656893705258104,-1.3571946179096,0.173576325600323,0.499144868091545,-6.59689331458621,4.08217371948979,4.71397832856804,-19.98620271,1.72285881876477
0.305681566405794,-0.371404908020165,0.0706228918497581,-1.42316233813575,0.214187139725162,0.546145522586158,-4.0184048455098,3.36967433516173,4.02809655815596,-22.40764358,3.64405589570678
0.292898208779378,-0.369244399671173,0.0767239152230449,-1.46338086569682,0.253879695337903,0.590381437766717,-2.25973047162117,3.41139255465232,3.25372972583539,-24.91537397,5.64514389475919
0.278237350560175,-0.366644176561093,0.0829749004272557,-1.48601816808732,0.294949095487029,0.627506695803758,-2.1770734928058,4.56983327049458,2.49665145147379,-27.1732183,7.5995141882841
0.262323891178899,-0.363634676010348,0.0891164040945485,-1.50780997818098,0.344312335757165,0.654890651704927,-3.69553966254697,6.56725816565406,1.76997996276012,-29.38274868,9.78450336721402
0.247505848956328,-0.360429073755507,0.0953329164280385,-1.54476157099612,0.409323446300957,0.672154132649058,-5.92179398040919,8.59711513660661,0.917294547799172,-31.56356019,12.1362978930931
0.232404769306954,-0.356657212340293,0.10163556285451,-1.6039612141917,0.492112872778135,0.679228353046042,-7.61305871040026,9.7626325144405,-0.278752487220667,-33.72640309,14.4296443307191
0.216608321860186,-0.351873997724329,0.108490143302452,-1.68007435677087,0.586705647807445,0.67443984193732,-7.87233133223398,9.59584585542169,-1.86777686218998,-36.01949878,16.6454350034034
0.199723036622395,-0.345704014297901,0.115630665056006,-1.75879057874202,0.681430941833866,0.65494865499238,-6.54955528527542,8.28574593610754,-3.56869734502073,-38.41913495,18.8308469060814
0.181853573483906,-0.338596351334576,0.122016135733065,-1.82428938213045,0.76485365951903,0.619634536475721,-4.19061722629976,6.50970940628327,-4.82060169696713,-40.77408094,20.9840146531927
0.163492124194962,-0.330883529836107,0.128327380873162,-1.86620309093789,0.831261335869665,0.572293004027555,-1.66311715982521,5.00990806166271,-5.08094907789946,-42.9715294,23.0444089196948
0.14488218574816,-0.322716014986377,0.134341155935273,-1.88283998906359,0.882356242291207,0.522140378523238,0.378181455820375,4.16355262246608,-4.16749982559606,-45.0828479,25.0644185139249
0.12620919972559,-0.314021515596832,0.139290544920115,-1.87905973939026,0.924263897263838,0.480644881465079,1.78965213007362,3.81709583805469,-2.41554012866489,-47.0288449,26.9623650579299
0.107322775817998,-0.304854949499584,0.143935832797545,-1.86116189824043,0.962205337878104,0.456338085978915,2.88489058276058,3.44019549812616,-0.523315436501013,-48.83691641,28.7813877641676
0.0886831421647701,-0.295305624843392,0.148542554658092,-1.83231121913664,0.996298925493279,0.450901526747686,4.09236511703288,2.4761466821032,0.8467540736043,-50.51750707,30.4853939106486
0.0708078588768248,-0.285321954582489,0.152744539202957,-1.79138756796631,1.02106039231431,0.459369067483729,5.59149443343215,0.667805321160362,1.43668606705187,-52.18270947,32.059152825154
0.0527693691523937,-0.275009023769408,0.157773874739516,-1.73547262363199,1.02773844552591,0.473735928154248,7.15345329641447,-1.81827765902015,1.48913765630966,-54.00300023,33.6061496097018
0.0353485778047152,-0.264611107464526,0.16262473011424,-1.66393809066784,1.00955566893571,0.488627304717344,8.28203241892052,-4.50831158198204,1.55320569830261,-55.91443209,35.1243705837026
0.0182826813580714,-0.254410466248596,0.167392954271791,-1.58111776647864,0.964472553115893,0.504159361700371,8.57613410284111,-6.87004266707927,2.04751479233282,-57.83667365,36.6496486087712
0.0024212237127924,-0.244861292563384,0.172325288422781,-1.49535642545023,0.895772126445101,0.524634509623699,7.99668995391725,-8.53203392353452,2.94075863202851,-59.64674148,38.0650669558033
-0.0122920861882888,-0.236157689536461,0.177682823874933,-1.41538952591106,0.810451787209755,0.554042095943984,6.92569693260657,-9.37830175711943,3.74775691632225,-61.38637032,39.404571971286
-0.0261990565929425,-0.228082279900148,0.183146656336249,-1.34613255658499,0.716668769638561,0.591519665107206,5.95171987254014,-9.51184246849581,3.83157128903849,-63.2234951,40.8010730045589
-0.0393829665845593,-0.220960307331351,0.18886719130035,-1.28661535785959,0.621550344953603,0.629835377997591,5.54355560214421,-9.15992968326395,2.85429764270575,-65.00255251,42.1060688331249
-0.0525606403402258,-0.214525664969677,0.195346735922223,-1.23117980183815,0.529951048120964,0.658378354424649,5.81257713947524,-8.57997882358755,1.04241444345412,-66.95611917,43.5060863062818
-0.0649968905501965,-0.209108888853923,0.201777375371257,-1.17305403044339,0.444151259885088,0.66880249885919,6.49252293182191,-8.00535210659739,-0.882326461359694,-69.07573096,44.9903458556519
-0.0768421523786883,-0.204690543695669,0.208657551421746,-1.10812880112518,0.364097738819114,0.659979234245593,7.10025992942323,-7.60648591939037,-2.0924504549694,-71.30771467,46.4859824483549
-0.0878658353683889,-0.201182126815607,0.215314228985805,-1.03712620183094,0.288032879625211,0.639054729695899,7.19053193535878,-7.45350055214101,-2.11012329783465,-73.66349334,48.058972631669
-0.0983402843609708,-0.198427675242713,0.221828568317113,-0.965220882477355,0.2134978741038,0.617953496717552,6.5434120190668,-7.47768588122282,-1.06326155754075,-75.98794236,49.6612839991962
-0.108169921635936,-0.19624675945691,0.227937479182355,-0.899786762286687,0.138721015291572,0.607320881142145,5.20454072123768,-7.46756756764832,0.404384717667572,-78.30504007,51.350764041618
-0.116232538183365,-0.194950351403276,0.233620063183602,-0.84774135507431,0.064045339615089,0.611364728318821,3.47060679838776,-7.14470610530597,1.49539499088137,-80.54810858,53.04831746061
-0.124660125766666,-0.194240623734928,0.239738623625212,-0.813035287090432,-0.0074017214379707,0.626318678227634,1.79177187672961,-6.30491400102643,1.68289490656662,-82.83574829,54.8185708287038
-0.132931851957105,-0.194275266251652,0.246058153668736,-0.795117568323136,-0.0704508614482349,0.643147627293301,0.714223083114094,-4.95749591653627,0.922244120600708,-85.25125435,56.673175615742
-0.142335249809071,-0.194578664165909,0.252626595239795,-0.787975337491995,-0.120025820613598,0.652370068499308,0.713507850247622,-3.35997223847568,-0.411534560096894,-87.67719253,58.5208473439174
-0.150312152887868,-0.195875577492361,0.259326877935353,-0.780840258989519,-0.153625542998354,0.648254722898339,2.02186767735808,-1.92128221995709,-1.82228317200043,-90.20744465,60.4551401831051
-0.156527895182092,-0.198044639350951,0.265897627529816,-0.760621582215938,-0.172838365197925,0.630031891178334,4.43284745888227,-1.00963413543228,-2.97504389437064,-92.69861227,62.4172959191571
-0.163802430122398,-0.199831714086126,0.272103391078574,-0.716293107627115,-0.182934706552248,0.600281452234628,7.23290353136683,-0.788256201891492,-3.81017434613451,-95.2786517,64.5073733939069
-0.171094863065118,-0.201490993544542,0.277882551826782,-0.643964072313447,-0.190817268571163,0.562179708773283,9.41762832924468,-1.18850471329255,-4.39603237022723,-97.87004907,66.6801609358959
-0.178946439984449,-0.202766565857566,0.283235788358453,-0.549787789021001,-0.202702315704089,0.518219385071011,10.1036107095038,-2.02457970936243,-4.6684102606965,-100.49364878,68.8451717177481
-0.183349621373095,-0.20519705866495,0.288445976308368,-0.448751681925963,-0.222948112797713,0.471535282464046,8.94909511801383,-3.15244159171366,-4.31784495039235,-103.05365343,70.8747874234033
-0.189082391618851,-0.207144755702121,0.293284353451604,-0.359260730745824,-0.25447252871485,0.428356832960122,6.38119393775489,-4.55521952473222,-2.98798505349132,-105.67465316,72.9285263347038
-0.192360767645782,-0.209918202216863,0.297764674378931,-0.295448791368275,-0.300024723962172,0.398476982425209,3.40130806887094,-6.2727266386324,-0.690970032808339,-108.34580932,75.0599706442545
-0.193858221572217,-0.213393871658702,0.302280694794378,-0.261435710679566,-0.362751990348496,0.391567282097126,1.06441784303422,-8.24183597307333,1.85705201481969,-110.94755822,77.1710555934542
-0.197263407113945,-0.216776567934887,0.305980105323413,-0.250791532249224,-0.445170350079229,0.410137802245323,-0.0815919608422262,-10.1817622490562,3.33952367022471,-113.44243217,79.1995443572445
-0.199560190945466,-0.2211265085783,0.309764476036975,-0.251607451857646,-0.54698797256979,0.44353303894757,-0.234381066423302,-11.669592065839,2.44882576715774,-115.84431723,81.1648164518092
-0.202210712873792,-0.226397636444377,0.313932066076403,-0.253951262521879,-0.66368389322818,0.468021296619147,-0.0921880470176625,-12.4009632963554,-1.23239825344739,-118.31202011,83.2218192577073
-0.205098687544985,-0.233023273153156,0.318438459604762,-0.254873142992056,-0.787693526191733,0.455697314084673,-0.288728428844346,-12.4821760907901,-6.68723649071793,-120.66405314,85.1922331288545
-0.208003397131177,-0.241011607964021,0.323260522282815,-0.257760427280499,-0.912515287099634,0.388824949177494,-0.847324030593092,-12.5431554880096,-11.729423874004,-122.84969711,87.0600345919989
-0.210356193639848,-0.250103211646297,0.326990597025078,-0.26623366758643,-1.03794684197973,0.271530710437454,-1.0601882974772,-13.5229222010799,-14.1384702252065,-124.96630378,88.9474222341989
-0.212951979948437,-0.260467283922588,0.329915950365662,-0.276835550561202,-1.17317606399053,0.130146008185389,0.119035186588136,-16.1981524691292,-13.0722004813736,-126.82270065,90.7745212619999
-0.215114383375931,-0.272420252113615,0.332165995152479,-0.275645198695321,-1.33515758868182,-0.000575996628346438,3.38478429392481,-20.6902455263988,-9.89158635390619,-128.16752573,92.4006782387986
-0.217183704729224,-0.285806059175109,0.331945934615609,-0.241797355756073,-1.54206004394581,-0.0994918601674084,8.56199688222051,-26.2652456160871,-7.63419501445733,-128.87440023,93.7324318125544
-0.220372617273093,-0.30119210675997,0.330480907684946,-0.156177386933868,-1.80471250010668,-0.175833810311982,14.5458240212633,-31.5624444172891,-9.30166069511392,-129.15109863,94.7356434408666
-0.222872392844997,-0.318966393429156,0.328337310878275,-0.0107191467212347,-2.12033694427957,-0.268850417263121,19.8233315745491,-35.1823262307097,-15.845151332592,-128.61078536,95.0279403910809
-0.223149373804761,-0.340043826361616,0.325113243912613,0.187514169024256,-2.47216020658667,-0.427301930589041,23.1921819131234,-36.304729966168,-25.2293451719195,-126.81895955,94.4850994042401
-0.220799703529846,-0.36482868996009,0.320904613153955,0.41943598815549,-2.83520750624835,-0.679595382308237,24.317732733909,-35.0210069552108,-33.352303067485,-123.08764288,92.7528105388658
-0.215848890007268,-0.393202248602901,0.31432559855282,0.66261331549458,-3.18541757580046,-1.01311841298309,23.7534416132526,-32.1775567556671,-36.533012246792,-117.46243072,89.8793422679045
-0.208962408780324,-0.425242837728333,0.304892044727506,0.900147731627106,-3.50719314335713,-1.37844853545101,22.4928003026017,-28.8443226558127,-34.0807110147642,-110.33492797,85.9959692291636
-0.200290063029507,-0.460501425135085,0.291938628152895,1.12507573465312,-3.79563636991526,-1.71925564559865,21.3260421943819,-25.6978186973519,-29.1401355864413,-101.71421899,80.9779375716804
-0.189613656055057,-0.498456265587224,0.275203604593593,1.33833615659694,-4.05261455688877,-2.01065700146306,20.4311459982936,-22.6697221217442,-26.9381380437823,-91.7126405,74.8971163166558
-0.176069116883149,-0.53875982231731,0.254535735510328,1.54264761657988,-4.27931177810622,-2.28003838190089,19.3643832888486,-19.0299225070255,-31.1140532915751,-80.36714973,67.7106494026491
-0.161183779477009,-0.581127932859304,0.230135101783357,1.73629144946836,-4.46961100317647,-2.59117891481664,17.4457188177777,-13.8312890824198,-40.3613291408513,-68.13189189,59.6966844565931
-0.143413180164934,-0.625695128588214,0.202741849900963,1.91074863764614,-4.60792389400067,-2.99479220622515,14.2264269908357,-6.45794916120361,-47.7066487280262,-55.64760281,51.2930963733352
-0.124132915032181,-0.672050833363878,0.172606241926457,2.0530129075545,-4.6725033856127,-3.47185869350541,9.76868812309744,3.00979131404139,-43.4579538196912,-43.47462643,42.503683496478
-0.102872653624587,-0.719282853470736,0.139686874112125,2.15069978878547,-4.64240547247229,-3.90643823170232,4.62653325528104,13.7691275116613,-20.6254063392206,-32.07536568,33.4290602379097
-0.0813602019139232,-0.765900987174461,0.103584837669324,2.19696512133828,-4.50471419735568,-4.11269229509453,-0.442584118413304,24.5766993252621,20.1217174364021,-21.58706561,24.9026793183551
-0.0609220120515683,-0.81038810964075,0.0640374533897779,2.19253928015415,-4.25894720410306,-3.91147512073051,-4.76978292727574,34.1540546710539,69.0069240313383,-11.89111041,17.6049602707863
-0.0386856726418026,-0.852646998525352,0.0230907574910979,2.14484145088139,-3.91740665739252,-3.22140588041712,-7.96615045546667,41.5408888023883,110.496044401373,-3.07442617,10.9933951347948
-0.0168305033668286,-0.891734554171377,-0.0135221890091067,2.06517994632673,-3.50199776936864,-2.1164454364034,-9.94807442086987,46.2759523316713,130.07010643367,3.34973997,4.66734511237147
0.00422029758657509,-0.926968266622031,-0.0372866006563748,1.96569920211803,-3.03923824605192,-0.815744372066698,-10.8028639714529,48.3910326786987,120.983533527732,4.04322868,0
0.0238849775957325,-0.957723266640796,-0.0431194255666929,1.8576705624035,-2.55532791926494,0.394090963210623,-10.7155979184499,48.3079460994591,87.4431232826709,3.74074149,0
0.0420034276599814,-0.983327459872255,-0.0348425562400138,1.750514583219,-2.07224845827035,1.26852219603733,-9.90275174892781,46.6727059109666,42.53107112248,2.7506871,0
0.0594539449318811,-1.00389899533292,-0.0202468733274695,1.65148706572972,-1.60552139916068,1.69383290726213,-8.65016803918259,44.2031992908951,2.03181883395704,1.66348434,0
0.0760477699584333,-1.01963209797435,-0.00435898877932142,1.5649853853379,-1.16348940625173,1.7141510956017,-7.23787677877496,41.507958741936,-22.5214328374834,0.97478339,0
0.0917669825715431,-1.03119213704928,0.0100979954355607,1.49260661755015,-0.748409818832369,1.48893676722687,-5.90977054932414,38.9654702706107,-28.0592483368671,0.77818342,0
0.106637885406637,-1.03879879749974,0.022949190693876,1.4335089120569,-0.358755116126262,1.2083442838582,-4.79797329537576,36.6623174897193,-19.6486296612897,0.86592027,0
0.121213600879874,-1.04265602611026,0.0346359134453679,1.38552917910315,0.00786805877093109,1.0118579872453,-3.86270535506505,34.4391712553747,-6.39895251982128,0.98993394,0
0.135082983524691,-1.04257888395358,0.0463479111824225,1.3469021255525,0.352259771324678,0.947868462047086,-2.99656503031824,32.0601361388266,3.70248123586737,1.02579413,0
0.14797870248129,-1.03877201280437,0.05717432676262,1.31693647524931,0.672861132712944,0.98489327440576,-2.09095773770829,29.3958411190742,7.19249227100423,0.98767819,0
0.161362606435767,-1.03210307692031,0.0682240526827542,1.29602689787223,0.966819543903686,1.0568181971158,-1.1898666173268,26.5602252133815,5.33633368547278,0.96208089,0
0.174623666263508,-1.0225456057653,0.0787122278172385,1.28412823169896,1.2324217960375,1.11018153397053,-0.483587924367364,23.8801180583611,1.75213653443392,1.02431843,0
0.187627430700116,-1.01026319952211,0.0887061319907432,1.27929235245529,1.47122297662111,1.12770289931487,-0.248162186118157,21.7477503179574,-0.619219950343979,1.17595127,0
0.199789918337463,-0.995355478442848,0.0985471088443919,1.27681073059411,1.68870047980069,1.12151069981143,-0.689448808862844,20.4289444107012,-1.27091764843353,1.34565879,0
0.2130825391286,-0.978576180418279,0.109724502283184,1.26991624250548,1.8929899239077,1.10880152332709,-1.82111277540907,19.9524213887982,-1.85976369149984,1.45671671,0
0.225162443719862,-0.959556487183262,0.120934436164149,1.25170511475139,2.09251413779568,1.0902038864121,-3.42236825682491,20.1274097073182,-4.51349617753476,1.48607808,0
0.238299289337402,-0.938856261091929,0.132757843677879,1.21748143218314,2.29378823486886,1.04506892463675,-5.09818644499886,20.6760698521216,-10.1282119319399,1.45740506,0
0.250152840607176,-0.915861522016965,0.143472058672717,1.16649956773315,2.50054893339008,0.94378680531735,-6.42666894948492,21.3611044344301,-17.7645507808505,1.40508005,0
0.262180394920189,-0.890934267476796,0.153399804570128,1.1022328782383,2.71415997773438,0.766141297508844,-7.12073423976438,22.0712683096496,-25.2953004437806,1.36366261,0
0.272935816615068,-0.863735392738663,0.160943539617861,1.03102553584066,2.93487266083087,0.513188293071038,-7.16325455770514,22.6094822332601,-30.7675720756663,1.36760769,0
0.282915813132428,-0.834250099679437,0.165515692440046,0.959392990263606,3.16096748316348,0.205512572314375,-6.79685787487332,22.7799013865101,-33.1641618296126,1.42809464,0
0.292589806831623,-0.802547413103976,0.166913689477187,0.891424411514873,3.38876649702858,-0.126129045981751,-6.43773007929664,22.3005370560184,-32.4618756355385,1.51724583,0
0.302141955605077,-0.768830310440962,0.165227302786559,0.827047110721907,3.61177186758876,-0.450747802337136,-6.49479703434902,20.8996967237961,-29.0061434176649,1.60046645,0
0.310141360690322,-0.732938785315094,0.161461636941124,0.762099140378417,3.82076883482672,-0.740809236513785,-7.16524463171337,18.4233485176438,-22.9553898511237,1.67967302,0
0.317686209956249,-0.694765865100253,0.154474917615513,0.690446694061283,4.00500232000316,-0.970363135025022,-8.3062704931156,14.8936792049382,-14.3065156864225,1.78042691,0
0.324259096357314,-0.654581113630482,0.144917049921699,0.607383989130127,4.15393911205254,-1.11342829188925,-9.41800312643172,10.4897888606785,-3.45682357099223,1.89778682,0
0.330597663579654,-0.613010219923448,0.133729059890886,0.51320395786581,4.25883700065933,-1.14799652759917,-9.83361248954854,5.50437004960057,8.24889846502844,2.00486528,0
0.335705512403548,-0.570236532911468,0.122338679036551,0.414867832970324,4.31388070115533,-1.06550754294888,-9.00235622319646,0.336678655048266,18.5944834688741,2.08685566,0
0.339812682634931,-0.527083355818635,0.111352184300822,0.324844270738359,4.31724748770582,-0.879562708260143,-6.80343039175458,-4.47309443461972,25.3282584441517,2.15751816,0
0.343357772896834,-0.484115835332455,0.102119279285903,0.256809966820814,4.27251654335962,-0.626280123818626,-3.69972777604439,-8.26224458300882,27.2824004963884,2.21892049,0
0.345997787593998,-0.441713539375468,0.0955088510271603,0.21981268906037,4.18989409752953,-0.353456118854742,-0.624105795204,-10.4373512521788,25.0036790070386,2.23612502,0
0.347563153852424,-0.399899146057842,0.0922634299580998,0.21357163110833,4.08552058500775,-0.103419328784356,1.34853370217626,-10.8334007640559,20.3871202709538,2.17185174,0
0.350031240877363,-0.358871726063263,0.0917552106748042,0.227056968130092,3.97718657736719,0.100451873925183,1.50193241574949,-10.0863435106215,15.4893591371241,2.03098816,0
0.352412130205675,-0.31878209765572,0.0932451455482884,0.242076292287587,3.87632314226097,0.255345465296423,-0.13663513352993,-9.71531033827563,11.2988740280656,1.87646705,0
0.35476932546766,-0.279781583150288,0.0959273244331207,0.240709940952288,3.77917003887821,0.368334205577079,-2.70676496478644,-11.7094362581916,7.3386326273941,1.75008737,0
0.357094390265314,-0.242039628186463,0.0992204825261513,0.213642291304424,3.6620756762963,0.44172053185102,-4.81094679536838,-17.6971828726325,2.44597305402373,1.65352968,0
0.359226754481985,-0.205758375052882,0.102992206234887,0.16553282335074,3.48510384756997,0.466180262391257,-5.11514935329116,-28.075797167127,-3.79867650422722,1.53233392,0
0.360943660872578,-0.171383364768742,0.107138648294302,0.114381329817828,3.2043458758987,0.428193497348985,-2.98761326500746,-41.6064910938663,-10.0660212970334,1.30583506,0
0.362274181910041,-0.139720152654039,0.111594402316144,0.0845051971677537,2.78828096496004,0.327533284378651,1.11204258237837,-55.7537470149065,-13.5471911078445,0.92918457,0
0.362970006460101,-0.111518183438644,0.115307005614463,0.0956256229915374,2.23074349481097,0.192061373300206,5.71324196590493,-67.6287285124405,-11.5634667315566,0.45789833,0
0.363585392450127,-0.0883759378619474,0.117728579789369,0.152758042650587,1.55445620968657,0.0764267059846406,8.88698845465191,-75.0052494607984,-3.5939599427343,0.01620086,0
0.366065457669723,-0.0722635137384705,0.118926246713236,0.241627927197106,0.804403715078585,0.0404871065572975,9.06657411266115,-76.8429488882942,7.62322176031341,-0.2655932,0
0.367239793555748,-0.0640023804748603,0.119411339162212,0.332293668323717,0.0359742261956424,0.116719324160432,5.77601965654944,-73.0885590065737,16.8911628028533,-0.31889783,0
0.371166771282766,-0.0649111255943522,0.12070484054451,0.390053864889212,-0.694911363870095,0.285630952188965,-0.0955741533375526,-64.0368745394828,19.03589878472,-0.15223287,0
0.375238569973396,-0.0729311894438209,0.122351752948912,0.389098123355836,-1.33528010926492,0.475989940036165,-6.59198646518998,-49.8693119461289,11.8104631901689,0.16463267,0
0.379055171507721,-0.0865848846487422,0.125705780097738,0.323178258703936,-1.83397322872621,0.594094571937855,-11.4747312541155,-30.8290982521242,-2.51508420440878,0.49793161,0
0.382087909372128,-0.104149650300813,0.131165459897165,0.208430946162781,-2.14226421124745,0.568943729893767,-13.1245368069531,-7.99087839325806,-17.9317904841743,0.65402753,0
0.384139646533207,-0.124129326286173,0.138412936299946,0.0771855780932504,-2.22217299518003,0.389625825052024,-11.2006204867338,15.9892004426246,-27.5862888825791,0.49152604,0
0.385037423305548,-0.144881588321957,0.145492621286296,-0.0348206267740873,-2.06228099075379,0.113762936226233,-6.68948220786247,36.8854401983009,-27.220959044989,0.12193466,0
0.385220729477298,-0.165339596572501,0.147902621135735,-0.101715448852712,-1.69342658877078,-0.158446654223657,-1.43609293604264,50.0636532439538,-17.3116095867743,-0.04270585,0
0.38395453272395,-0.184614725375799,0.143490323368806,-0.116076378213138,-1.19279005633124,-0.3315627500914,2.70072700788181,52.3766487009551,-2.68513500760541,0.40267476,0
0.38153000545195,-0.203058698718699,0.133794835416274,-0.0890691081343203,-0.669023569321691,-0.358414100167454,4.58049328071275,43.8227403494957,10.0750615548278,1.41385384,0
