0.687664819901852,-0.270673999582447,0.205004402589864,-0.252043629733549,-0.015778650746346,-1.1241245353645,1.81673082321567,2.09320899562801,-7.83581582259571,0.30821645,0
0.684325750573782,-0.272715504925319,0.189884270926376,-0.311813403642991,-0.0424972544316765,-1.55540107523131,7.83580921583853,-8.75080076585568,-0.484070073593009,-0.8519361,0.24093384035
0.680796448211227,-0.273311250027141,0.171109041247296,-0.285909371545458,-0.162075648580674,-1.79776673171981,14.749241781334,-23.439232710009,10.131630712689,-0.08820285,0.0750269374020004
0.677663744344984,-0.27416478846253,0.152454768121368,-0.159788629138059,-0.409534607499571,-1.79322665600885,20.1411906038402,-37.4705736253631,20.6536730084904,1.35584662,0.5545266622
0.675949973438393,-0.277571969090127,0.135875611714514,0.0457121274824471,-0.781740422520841,-1.56817459932261,21.627068703181,-45.5809467775609,27.5256055917593,1.92718221,0.0790030771479985
0.676539355942427,-0.284985543241832,0.121909957406289,0.278635432745791,-1.2273684877102,-1.21751136988935,17.8628612245421,-43.8832059619429,28.6094486909665,2.33213266,0.614890585692001
0.679870855952064,-0.297944810160095,0.109985838286067,0.472975330771439,-1.65659467494055,-0.860272295593414,9.20990606029768,-31.6053889165964,24.134065426923,3.36580513,0.899516790654999
0.684782645657896,-0.314719880822683,0.101045646105192,0.571552509905711,-1.9686878456266,-0.589597118587131,-2.27335930862369,-11.5862515217054,16.4669022328633,3.32081431,2.567113394105
0.690338796088266,-0.334714042342703,0.0945201617994124,0.545247383599146,-2.08673399449577,-0.441100881914041,-13.528353461686,10.7217092331091,8.844657772699,3.84624815,3.509455584445
0.695431258264008,-0.355275103907997,0.089871030532437,0.401203640123146,-1.98487288954724,-0.39232269628552,-21.6066244685376,29.3214190793267,3.76648531185075,3.47960282,5.369452799964
0.699257987943983,-0.374945986642783,0.0859208729130905,0.177563739798405,-1.69628922808226,-0.388953228853813,-24.7125288109122,39.880800055244,1.92710656663886,3.11367175,6.876386551538
0.701029632921373,-0.39186770388338,0.0822351405294028,-0.0719429226030366,-1.29893719859945,-0.380465614892733,-22.7632111588008,41.1284259987842,2.22872633909695,3.20928935,8.21735583168
0.700555608303315,-0.404997669762075,0.0785551494062895,-0.296742372585805,-0.885921050701097,-0.345351359240993,-17.2562879875062,34.8983500206592,2.77785879587126,2.59589472,9.79042497651199
0.697888191413296,-0.414092453783314,0.0751365176734709,-0.464217953995981,-0.533827178718291,-0.29453622575329,-10.5515197130825,24.9371318726468,2.20973074508265,1.51687825,11.837969782163
0.693283849483717,-0.419104033212728,0.0719079638153675,-0.565890261244895,-0.282106319010436,-0.255037362577241,-4.91452798840922,15.1391434343854,0.536572258257626,0.25295241,13.711834450688
0.687249966134228,-0.421649546533944,0.0690039788898808,-0.614326318899812,-0.130281266544917,-0.246460106351547,-1.72593303549581,8.05344633011037,-0.96354551860106,-0.57327085,14.93522265312
0.680918263815435,-0.422923403537379,0.0674677140768696,-0.633602948893995,-0.050980179249826,-0.265230393178632,-1.15517301193398,4.27487866388981,-0.677414299104364,-2.20547815,16.798599688068
0.674636337588778,-0.423847415400904,0.0651963185027805,-0.648018937256393,-0.00998259869024265,-0.284974605820282,-2.37054770827093,2.8393045982786,2.19148800286987,-3.27156497,18.20211879417
0.668406040644856,-0.424303597343485,0.062022194133664,-0.673563632638812,0.0172859501298159,-0.271388161088125,-4.10435626894121,2.23511264893132,6.98743449362847,-3.98075982,19.27678077921
0.661823929480562,-0.424091585566995,0.0585385487116757,-0.714651667860833,0.0396098861345919,-0.201715198777476,-5.28532930780723,1.42250953754008,11.8514221120094,-4.94639834,20.840511814002
0.654640606494162,-0.423354760614812,0.0561153452719128,-0.766240760886115,0.0546079127997191,-0.077476367183892,-5.45617116719778,0.34477068476183,14.6881071941379,-6.72481859,23.3026344575
0.646930472802742,-0.422472532631711,0.0558307740497641,-0.819335930415538,0.058952262791104,0.0760455702522786,-4.82853726102484,-0.248907147109759,14.2658818625455,-7.50510596,24.804233196712
0.638391378402459,-0.421871287124751,0.0568292153047074,-0.866848567633882,0.0569356413580867,0.222203525828384,-4.01298645272932,0.534409199730203,10.8185198013315,-9.58606078,27.306940281237
0.629732152815229,-0.421454179787996,0.0593753613077772,-0.907117901473962,0.0621944618862321,0.329757172302886,-3.59605079669288,3.01618239832597,5.84256846187421,-10.69369196,28.870369662282
0.620755530027811,-0.421090179678787,0.0628270937334586,-0.943749267132446,0.0919461238072357,0.385145047392335,-3.80180792344869,6.59338982366824,1.26593144591656,-11.43390637,29.755801345595
0.611562937231692,-0.420276267373268,0.0664872751950288,-0.982406961826627,0.157488961466836,0.39490802487422,-4.37218518074382,9.91180171810227,-1.50707174223816,-12.49636862,31.04602122258
0.601898000220519,-0.418680040028475,0.0701423365587054,-1.02638882288606,0.256448009119227,0.378659921258957,-4.7260698905971,11.4687570217221,-2.15926503841301,-13.24387968,31.701624339946
0.59195832918646,-0.416236235071288,0.0738795973450974,-1.07353033867355,0.371208447836401,0.357606961509119,-4.29552690927472,10.3190439163819,-1.37886981712239,-14.83641271,33.323435034138
0.580096109215357,-0.411910112587111,0.0768463252863969,-1.11620927519862,0.474567836596019,0.345069565540896,-2.85829052857712,6.53617383127308,-0.295667416416291,-15.40614185,33.646824914625
0.56862091338789,-0.406995820951795,0.0803960860493788,-1.14458221343067,0.540057948661998,0.343063674120474,-0.707133738305035,1.22258511702818,0.19457993239692,-16.5035718,34.385406431528
0.558337378806333,-0.402278325138019,0.0852167706154546,-1.15159617323707,0.552318880454384,0.345269293300857,1.44273701210065,-3.92447111276494,-0.172674177304141,-17.284272,34.720684493664
0.54725754822553,-0.396844551609746,0.0885332861007987,-1.13721719628777,0.513044581765387,0.343323415278799,2.77342341326165,-7.28459708691058,-1.06242705083951,-18.2688649,35.290953500201
0.535219080019639,-0.391338172559122,0.0911248792558599,-1.1095479805419,0.440158858686639,0.33240472543626,2.76369492192977,-7.93713738259521,-1.88296503238304,-19.09638636,35.87336141441
0.523728675567603,-0.387100646478434,0.0942383591930561,-1.08191103132261,0.360787484860687,0.313575075112429,1.47496827717814,-5.98795212696431,-2.17352793190271,-19.1641441,35.70023648204
0.512926576089077,-0.383294382529269,0.0976836709014854,-1.06716134855082,0.300907963591044,0.291839795793402,-0.430116347497247,-2.47720095394048,-1.831661926236,-19.89059185,36.193128858857
0.50240356278646,-0.380334265720643,0.100692046762061,-1.0714625120258,0.276135954051639,0.273523176531042,-1.96128885755991,1.05090992719781,-1.04917276542683,-21.27472444,37.552027333222
0.492031925904125,-0.377701548419614,0.103466344299346,-1.0910754006014,0.286645053323617,0.263031448876774,-2.26637290183913,3.16898076168113,-0.140891411195207,-21.60822284,37.843289358591
0.481239041240451,-0.374907767422823,0.106098017893482,-1.11373912961979,0.318334860940429,0.261622534764822,-1.05456938012052,3.1083346229482,0.642818060662933,-23.24887112,39.613619224176
0.469933961258912,-0.371731514275618,0.108684654313467,-1.12428482342099,0.349418207169911,0.268050715371451,1.23275964361142,1.01004381538521,1.19816982536052,-23.84960221,40.205683868374
0.458384712507546,-0.367943545740336,0.111301873090738,-1.11195722698488,0.359518645323763,0.280032413625056,3.60177066025125,-2.17923912467748,1.5441434174812,-25.12634558,41.570639430041
0.447307297986027,-0.364444646664284,0.114105506296624,-1.07593952038237,0.337726254076988,0.295473847799868,4.97650899176219,-5.14791449911982,1.72831561101899,-26.08236611,42.41968722264
0.436615946629857,-0.361224973215948,0.117080240237735,-1.02617443046474,0.28624710908579,0.312757003910058,4.7111064122233,-6.75544678216129,1.78703220201477,-27.45204595,43.872556519454
0.426534047842389,-0.358418562318557,0.120238248236539,-0.979063366342511,0.218692641264177,0.330627325930206,2.9031072036713,-6.48995414480304,1.74661867564952,-29.04187307,45.427304745016
0.41662915214461,-0.356077657610744,0.123515695922841,-0.950032294305799,0.153793099816146,0.348093512686701,0.342964823389868,-4.62077767337906,1.64815592650694,-30.58912783,47.040575377799
0.407054462618399,-0.354400543505366,0.126977698913038,-0.9466026460719,0.107585323082356,0.364575071951771,-1.86858757891952,-2.02633474083511,1.53484251506003,-32.86404192,49.463870016975
0.397713896444973,-0.353448551745004,0.130616542502773,-0.965288521861095,0.0873219756740046,0.379923497102371,-2.84249743654357,0.228001764082453,1.41602196128225,-34.80378837,51.50118648896
0.388130120036544,-0.352774879961008,0.13446541831656,-0.993713496226531,0.0896019933148291,0.394083716715193,-2.28594393599386,1.33891726252457,1.23599847926855,-36.87095232,53.750424234375
0.378280480241153,-0.352001801727735,0.138349867256629,-1.01657293558647,0.102991165940075,0.406443701507879,-0.571135902396831,1.04709531215044,0.914279174382287,-38.97490256,55.992365542447
0.368007809286993,-0.350825251542487,0.142593660116528,-1.02228429461044,0.113462119061579,0.415586493251702,1.52746824130144,-0.353694735585737,0.439981521618421,-40.5366909,57.746371091916
0.357384175658603,-0.349266665015541,0.146586631535091,-1.00700961219742,0.109925171705722,0.419986308467886,3.24185563673565,-2.24646330712354,-0.0485969506489818,-42.59239569,60.031748635824
0.347357136234716,-0.348199010111116,0.150758847918767,-0.974591055830067,0.0874605386344864,0.419500338961396,4.16164428230395,-4.0067361739641,-0.268484684365309,-44.04833373,61.614685227014
0.337915544295532,-0.347665989699149,0.154943055412537,-0.932974613007027,0.0473931768948454,0.416815492117743,4.32948993827213,-5.23765120085447,0.065974116432073,-45.86364656,63.626270202624
0.328768945463059,-0.34731942263664,0.159061167113,-0.889679713624306,-0.00498333511369935,0.417475233282064,4.08518896690047,-5.82064305993696,1.02354301283397,-47.83997347,65.743665614392
0.319882491271721,-0.347277364739523,0.163278219434364,-0.848827823955301,-0.0631897657130689,0.427710663410404,3.7838045059604,-5.81399798013171,2.31202287097392,-49.14015171,67.103183388384
0.311283598924205,-0.347846265281186,0.167715886783701,-0.810989778895697,-0.121329745514386,0.450830892120143,3.58042510069879,-5.3118590852958,3.32435403360365,-50.42373286,68.509238633794
0.303037155747843,-0.349016351814082,0.172346197816286,-0.775185527888709,-0.174448336367344,0.484074432456179,3.41605514561304,-4.38726181989882,3.42067826855281,-51.6497888,69.769953757686
0.294918550085208,-0.350600978828001,0.17716666386714,-0.741024976432579,-0.218320954566332,0.518281215141707,3.16570681725356,-3.15044936158009,2.2895617147194,-53.5135369,71.731893336656
0.28782707836682,-0.352980051443095,0.182036186061812,-0.709367908260043,-0.249825448182133,0.541176832288901,2.8400603344678,-1.86691887768086,0.21127191736591,-54.43019776,72.654674437129
0.280970661832505,-0.355506366317071,0.1870343774196,-0.680967304915365,-0.268494636958942,0.54328955146256,2.65949703694881,-0.995855209862481,-1.99884548979886,-55.83014903,73.991442530391
0.274092045931834,-0.358092420844284,0.192758625397151,-0.654372334545877,-0.278453189057567,0.523301096564572,2.94594795129009,-1.07819202418047,-3.34132356952455,-57.70441811,75.9851945438
0.267541465711273,-0.360866777722764,0.198383987033542,-0.624912855032976,-0.289235109299371,0.489887860869326,3.8693307541403,-2.46506520181773,-3.14686589047672,-58.65107876,76.784358704629
0.261150375772155,-0.363805911659524,0.203674119615311,-0.586219547491573,-0.313885761317549,0.458419201964559,5.25675020609085,-5.05690863819715,-1.43674652847279,-59.65219936,77.956090712514
0.255261643602573,-0.367044741492664,0.208058033092614,-0.533652045430665,-0.36445484769952,0.444051736679831,6.56502016199028,-8.19250065603516,1.05491445164659,-60.07794726,78.437301227838
0.250045650513033,-0.370672427541556,0.211898429398764,-0.468001843810762,-0.446379854259872,0.454600881196297,7.10300303989537,-10.8168972408517,3.22937522834303,-61.54093294,80.006183684575
0.245405953099731,-0.375072338881316,0.21615845940576,-0.396971813411808,-0.554548826668389,0.486894633479727,6.40981997544117,-11.9066915292699,4.18958557679497,-61.72607407,80.261003145316
0.241367274998717,-0.3805788491807,0.221275549573511,-0.332873613657397,-0.673615741961087,0.528790489247677,4.55028140754935,-10.9369806316162,3.65413730654938,-62.36068705,80.92423771875
0.237985790330099,-0.387298935254616,0.226960212960028,-0.287370799581903,-0.78298554827725,0.565331862313171,2.14913628013544,-8.15356007188422,2.02448793631309,-62.4253646,80.800215205961
0.235129749599165,-0.395113134377219,0.232700528089608,-0.265879436780549,-0.864521148996092,0.585576741676302,0.126757110387205,-4.51474115541124,0.0962433909282681,-63.2054476,81.48440073368
0.232338171207889,-0.403704917649626,0.238649181077603,-0.264611865676677,-0.909668560550204,0.586539175585585,-0.760747460476669,-1.26857470863593,-1.39272715260146,-63.56458774,81.68332491132
0.229849473764347,-0.412909822521887,0.244276933466003,-0.272219340281443,-0.922354307636564,0.57261190405957,-0.336165979039395,0.612537772541989,-2.10026036803419,-63.8029065,81.964619118079
0.227326938924464,-0.422311587094739,0.24982724786442,-0.275581000071837,-0.916228929911144,0.551609300379228,0.874984360117561,0.873298371786913,-2.11818175138576,-64.47982793,82.62748302172
0.224621143465924,-0.431562171771381,0.255253087300448,-0.266831156470662,-0.907495946193274,0.53042748286537,1.87291838124612,0.0795353787917249,-1.76247958135269,-65.4868908,83.632125192682
0.221859453663556,-0.440512415477951,0.260322579896035,-0.248101972658201,-0.906700592405357,0.512802687051844,1.71990248673206,-0.688749981004956,-1.30394542985279,-65.59394004,83.544508874756
0.21897518816609,-0.449150405295107,0.265712955637925,-0.23090294779088,-0.913588092215407,0.499763232753316,0.0159571656486415,-0.360014595849287,-0.901519851337463,-66.44743681,84.355014410914
0.216530950716314,-0.458300105403128,0.271061866720111,-0.230743376134394,-0.9171882381739,0.490748034239941,-2.82621484946775,1.60291771183163,-0.705742727751639,-66.76943629,84.486395180064
0.214544681902674,-0.467734117377371,0.276106801660459,-0.259005524629071,-0.901159061055584,0.483690606962425,-5.76664378607709,4.94624469689232,-0.975889845220529,-66.91685911,84.630531777966
0.212304017911521,-0.47707222909427,0.280727197477564,-0.316671962489842,-0.85169661408666,0.473931708510219,-7.62149863757118,8.72380636652534,-1.99743637821711,-66.61161144,84.307725387325
0.209117920758269,-0.485444062309149,0.285268449245342,-0.392886948865554,-0.764458550421407,0.453957344728048,-7.6355796351663,11.6939764804517,-3.80869779257748,-67.41124956,85.316684431614
0.205073935634599,-0.493055989465152,0.289619095350838,-0.469242745217217,-0.64751878561689,0.415870366802273,-5.81922713426553,12.8142825090598,-5.95814763310883,-68.04845232,85.987367295295
0.200209917684788,-0.499288582913304,0.293877389802427,-0.527435016559872,-0.519375960526292,0.356288890471185,-2.91161862525066,11.6339155332411,-7.56135195988431,-68.96188065,87.07038810496
0.194827203938315,-0.504450814451361,0.297429206388735,-0.556551202812379,-0.403036805193881,0.280675370872342,0.0325753393012022,8.4147610761423,-7.73965161119545,-69.62815721,87.71518850747
0.189062494865379,-0.50851484223803,0.300478890527513,-0.556225449419367,-0.318889194432458,0.203278854760387,2.17777612103069,3.98161951180149,-6.23671291299889,-70.71758092,88.882033464432
0.183859394523024,-0.511892726466934,0.302491505086212,-0.53444768820906,-0.279072999314443,0.140911725630399,3.2906315466866,-0.624101305480289,-3.75809601800642,-71.79713656,90.00605636672
0.178728465639634,-0.51484860526707,0.304200733424359,-0.501541372742194,-0.285314012369246,0.103330765450334,3.78047806728185,-4.53256289614455,-1.74868211988675,-72.74459372,91.155896044928
0.173745079909891,-0.517592604237607,0.30518600878809,-0.463736592069375,-0.330639641330691,0.0858439442514669,4.39843067753104,-7.3281703428946,-1.65214036584278,-73.11205402,91.5399055488
0.168857906676895,-0.520732966085008,0.305753939624821,-0.419752285294065,-0.403921344759637,0.0693225405930391,5.76757052569888,-9.13620191173644,-4.09007458352398,-73.49418795,92.315512633679
0.164479761338236,-0.524645896180475,0.305878887920504,-0.362076580037076,-0.495283363877002,0.0284217947577992,8.01583931726841,-10.4767083614738,-8.57146591478772,-73.36903142,92.104023269349
0.160936906494039,-0.52969119432384,0.305918122747556,-0.281918186864392,-0.60005044749174,-0.057292864390078,10.7029032305858,-11.9856061732543,-13.8765754451015,-73.03131913,91.8672996826
0.158228363538191,-0.535707015086368,0.305920747024619,-0.174889154558534,-0.719906509224283,-0.196058618841093,13.0755806314864,-14.1215519354476,-18.8670943088607,-72.34554115,91.293651139658
0.15662622825388,-0.543156952125841,0.305176910212166,-0.0441333482436694,-0.861122028578759,-0.384729561929699,14.5063143000816,-17.0002820743135,-23.1028935347267,-71.2799883,90.517025185128
0.156108732720143,-0.551701600338337,0.30132200830007,0.100929794757146,-1.03112484932189,-0.615758497276966,14.8541225271702,-20.4066131452634,-26.8084688195634,-69.65545514,88.963510794798
0.157017138722161,-0.562022435573068,0.294779438791711,0.249471020028848,-1.23519098077453,-0.8838431854726,14.5733055050316,-23.961692844889,-30.2866480793931,-67.19983585,86.64879447499
0.159384269096381,-0.574083807385667,0.284812962641934,0.395204075079164,-1.47480790922342,-1.18670966626653,14.4929328482433,-27.323552090468,-33.3526251722074,-63.11392169,82.587644868555
0.163381712746618,-0.588723672261028,0.272024770104424,0.540133403561597,-1.7480434301281,-1.52023591798861,15.3723652909478,-30.2848123505308,-35.3504700843655,-59.05454389,78.537764277434
0.168973885201953,-0.606313717261985,0.256870596317475,0.693857056471075,-2.05089155363341,-1.87374061883226,17.4656634846673,-32.7073133251713,-35.8499153286406,-54.2468166,73.708945830336
0.176064887950371,-0.627013277335676,0.239374996492864,0.868513691317748,-2.37796468688512,-2.23223977211867,20.3033265408103,-34.3480328237443,-35.3589132558701,-49.06335669,68.03547417513
0.184663842257075,-0.650980998198718,0.218957155773324,1.07154695672585,-2.72144501512256,-2.58582890467737,22.8000727079433,-34.7151637534435,-35.2091216879287,-42.79809255,61.188961209681
0.195038963689262,-0.678074184523997,0.193959371954483,1.29954768380528,-3.068596652657,-2.93792012155666,23.6439525087776,-33.0960481432889,-36.2711171481788,-36.49055908,54.520815865092
0.207978670004466,-0.708570947371966,0.163436696552176,1.53598720889306,-3.39955713408989,-3.30063129303844,21.7967505413466,-28.7994506114636,-37.1983825608787,-28.89502424,45.643795167474
0.223569547161413,-0.742503723163175,0.127723994370808,1.75395471430653,-3.68755164020452,-3.67261511864723,16.9041418702008,-21.5173933558277,-33.6460810696732,-21.31534844,37.21303553817
0.241164559369421,-0.779242531289861,0.088593078986577,1.92299613300853,-3.9027255737628,-4.00907592934396,9.46411109745913,-11.6168162604384,-19.6607557547553,-12.85150672,28.159379042184
0.260438286498796,-0.818289911725433,0.0488988140803685,2.01763724398312,-4.01889373636718,-4.20568348689151,0.717317750587311,-0.189425365066656,8.85732673108825,-6.79251788,20.966570080911
0.280664559879638,-0.858646535016893,0.0104967082237301,2.024810421489,-4.02078799001785,-4.11711021958063,-7.69082329869731,11.2003618585541,50.373156424728,-1.22909394,14.112028175183
0.300571797894255,-0.898996929402785,-0.0263948893418004,1.94790218850202,-3.90878437143231,-3.61337865533335,-14.1397989622089,20.9703859904928,96.0906571744392,2.36608366,9.047772285372
0.320610250809236,-0.938404039126887,-0.0613667057134144,1.80650419887994,-3.69908051152738,-2.65247208358896,-17.4371852935968,27.9851137070114,132.185494050211,4.23870111,5.648643173664
0.33771217678576,-0.974893666596265,-0.0930307890964803,1.63213234594397,-3.41922937445727,-1.33061714308685,-17.1025635730415,31.8467321852891,145.457730975293,6.1005402,3.303723217536
0.354678402365745,-1.00874251857946,-0.112460773284859,1.46110671021355,-3.10076205260438,0.12396016666608,-13.4749517349718,32.9273077627416,129.724387754154,6.67306631,2.125926432
0.369207332892118,-1.03967087604417,-0.112159465576914,1.32635719286383,-2.77148897497696,1.42120404420762,-7.63584755471505,32.1826071361767,89.4569301067128,1.86760032,0
0.382560234563092,-1.0677657939191,-0.0925292324330713,1.24999871731668,-2.44966290361519,2.31577334527475,-1.15238940404891,30.8318564988367,38.3847544066424,1.43548536,0
0.395104755400546,-1.09260068214459,-0.0635015404436421,1.2384748232762,-2.14134433862682,2.69962088934117,4.31440227139064,30.0298378384073,-6.50129080646041,0.8270359,0
0.407624413324673,-1.11407239315813,-0.0358768579024332,1.2816188459901,-1.84104596024275,2.63460798127657,7.44232218515394,30.5823983183119,-32.5121521496337,0.47017785,0
0.419823469100507,-1.13197856877383,-0.0134608970600339,1.35604206784164,-1.53522197705963,2.30948645978023,7.61228957304793,32.7538422420259,-36.3974373463759,0.48314543,0
0.433571723451775,-1.14739313643493,0.00558271992663901,1.43216496357212,-1.20768355463937,1.94551208631647,5.05438697110304,36.1985606152307,-24.544401997301,0.66515246,0
0.448039432714911,-1.15943985027434,0.023765244867453,1.48270883328315,-0.845697948487066,1.70006806634346,0.731361221778801,40.0567664678068,-8.44440689275739,0.78324458,0
0.462803692267516,-1.16774070199574,0.0424260203920425,1.49002244550094,-0.445130283808998,1.61562399741589,-4.01912011262666,43.2156543614768,1.73622611660041,0.76084392,0
0.477963350577107,-1.17230082670685,0.0609486250065356,1.44983124437467,-0.0129737401942306,1.63298625858189,-7.99169877671414,44.7152629721707,1.74883134602294,0.65272574,0
0.492538831827158,-1.17266835499915,0.0789379687026914,1.36991425660753,0.434178889527477,1.65047457204212,-10.451241116588,44.0849217900613,-5.8521511399402,0.5491389,0
0.505835875980752,-1.16863056841231,0.096146724886467,1.26540184544165,0.87502810742809,1.59195306064272,-11.2938706680266,41.5297118534165,-14.7411774797307,0.51159009,0
0.518325726299249,-1.1595818996551,0.110130741803752,1.15246313876139,1.29032522596225,1.44454128584541,-10.921409770092,37.8173333526628,-19.2481131435095,0.54647064,0
0.529974918188637,-1.14646296059209,0.123137525659967,1.04324904106047,1.66849855948888,1.25206015441032,-9.96079348143474,33.9160271040053,-17.5123986611101,0.61731635,0
0.540716254552854,-1.1296120993558,0.134985254511357,0.943641106246118,2.00765883052894,1.07693616779922,-8.98448629917113,30.5584434019993,-11.8005568434251,0.68252764,0
0.550178142751377,-1.10963627339224,0.145902879427467,0.853796243254407,2.31324326454893,0.958930599364966,-8.35578063119699,27.9442609941277,-6.33067589042709,0.71559478,0
0.558481589951905,-1.08671807276456,0.156423529903343,0.770238436942437,2.5926858744902,0.895623840460695,-8.22975993885994,25.7432865656982,-4.34947054207098,0.70227986,0
0.566081178153695,-1.06086586807186,0.166207603089258,0.687940837553838,2.85011874014719,0.852129135039985,-8.62952858430048,23.3666577999183,-6.30660816431449,0.64908951,0
0.573134031495323,-1.03251857209644,0.1752546043589,0.601645551710833,3.08378531814637,0.78906305339684,-9.50542543150913,20.3597746817174,-10.0442353025709,0.59699192,0
0.579218642839522,-1.00160947713255,0.183219117170804,0.506591297395741,3.28738306496354,0.688620700371131,-10.7213155768597,16.6684420205086,-12.5073438140853,0.59967065,0
0.584167664781622,-0.968420049810664,0.18905301353875,0.399378141627145,3.45406748516863,0.563547262230277,-12.0072804632416,12.6388082319871,-11.7420642579632,0.67313415,0
0.588115197076708,-0.933795283434163,0.193682013130936,0.279305336994729,3.5804555674885,0.446126619650645,-12.9542412618754,8.73987368113642,-7.97605561165161,0.77117868,0
0.590902510930489,-0.898144942914167,0.197927258977437,0.149762924375975,3.66785430429986,0.366366063534129,-13.1030606090581,5.17247504906039,-3.31198793149658,0.8217424,0
0.59241833619263,-0.861736745177304,0.202520112451748,0.0187323182853944,3.71957905479047,0.333246184219163,-12.1033009817636,1.60238429419542,-0.39431159897797,0.79489477,0
0.592679880762358,-0.824613083049375,0.206918403078765,-0.102300691532242,3.73560289773242,0.329303068229383,-9.85282494200094,-2.80189000230379,-0.868838551431864,0.72902131,0
0.591783253812929,-0.787097967481234,0.210372188709778,-0.200828940952251,3.70758399770938,0.320614682715065,-6.54115497839416,-8.98365206829666,-4.44435931704017,0.68449367,0
0.589788376860885,-0.749853558065131,0.212813229065431,-0.266240490736193,3.61774747702642,0.276171089544663,-2.57736628784537,-17.4134262695269,-8.97549286242633,0.680223,0
0.586975777724099,-0.713689883050867,0.214638895299296,-0.292014153614646,3.44361321433115,0.1864161609204,1.53315239717853,-27.5830328496974,-11.5035627284333,0.68699739,0
0.583831822418301,-0.679365915444301,0.216354676825185,-0.276682629642861,3.16778288583418,0.0713805336360669,5.26758682817002,-37.8547871132869,-9.794332715843,0.67224796,0
0.581010011608255,-0.647752534574137,0.217393404118989,-0.224006761361161,2.78923501470131,-0.0265627935223631,8.09438101860505,-45.8297159562544,-3.67241464182028,0.63209744,0
0.578951534683737,-0.619977875541239,0.217764649962588,-0.14306295117511,2.33093785513876,-0.0632869399405659,9.48156396446666,-49.1688875049527,4.53085174663154,0.57682336,0
0.577842405694829,-0.596792472335464,0.217891042169162,-0.0482473115304437,1.83924898008923,-0.0179784224742504,8.96137747554047,-46.5558884484669,10.7733431430018,0.51599471,0
0.577558918147613,-0.578243877150414,0.217948131888994,0.0413664632249609,1.37369009560457,0.089755008955768,6.37144319315338,-38.3978147391596,11.1851188295746,0.46858759,0
0.577863038453648,-0.564236597612194,0.218109189127039,0.105080895156495,0.989711948212969,0.201606197251514,2.07485756770781,-26.869110661546,4.17808042722605,0.46588106,0
0.578485610662336,-0.554253210269163,0.218988903137885,0.125829470833573,0.721020841597509,0.243387001523775,-2.90414084472007,-15.2203783106747,-8.28945405366135,0.5211161,0
0.579260434050329,-0.547040952690825,0.220396555336449,0.0967880623863721,0.568817058490762,0.160492460987161,-7.08776932494701,-6.57663932278639,-21.1522673151198,0.58447036,0
0.580146111153097,-0.541691283088546,0.2219688383347,0.025910369136902,0.503050665262898,-0.0510302121640368,-9.0525695404402,-2.74372189980097,-28.3986430696823,0.54725446,0
0.581306391902656,-0.53726695930494,0.223729683389212,-0.0646153262674999,0.475613446264888,-0.335016642860859,-8.06058776895391,-3.55944041247046,-26.0043190664723,0.34102742,0
0.581172922385966,-0.532342495192612,0.222533873321136,-0.145221203957039,0.440019042140184,-0.595059833525582,-4.45946534230188,-7.11055997483161,-14.1172868267612,0.05665207,0
0.579952391299832,-0.527469053337506,0.217222395711681,-0.189815857380058,0.368913442391868,-0.736232701793194,0.369548849755115,-10.6919179550264,2.77839351488389,-0.0675561,0
0.577169388932902,-0.52326798526503,0.20682731835936,-0.186120368882507,0.261994262841604,-0.708448766644355,4.58646439089624,-12.0649224358604,17.9324203187608,0.17100038,0
0.573568249865532,-0.520081391740139,0.193260912306319,-0.140255724973544,0.141345038483,-0.529124563456747,6.70412928668155,-10.3881745855877,25.5705080720318,0.73014407,0
