0.663657900689139,-0.218137696462376,0.0971511510499484,0.342644315806309,-3.22267935002372,-0.862402051277422,-9.97723515600159,11.6279856767528,-8.76527418563843,0.41607376,0.0427591576769997
0.666718843772389,-0.251121564839078,0.0885599025464246,0.330713681056226,-3.08156247684816,-1.11115223859984,10.7998203926851,-7.22013584549112,-2.09264375636993,1.40347591,0.409328992512999
0.668691991026179,-0.282892784385613,0.0790229271418883,0.337359303400494,-3.00115242077499,-1.28222492551078,24.3449444116892,-22.3800271671001,5.79266816366773,0.50988294,0.942685711001
0.669553457445163,-0.311991635543041,0.0682476111369977,0.384686135479246,-3.03266910812902,-1.31691283437138,26.1674571773534,-30.6991731162091,15.4793539679992,2.41803668,1.381393612848
0.671971558938456,-0.340205283280059,0.0534027159766867,0.460785020150227,-3.18675098375145,-1.18325257762314,15.5134081946828,-30.353514119687,26.4494505330827,3.77708562,3.90093378846
0.6767118330443,-0.370786469798343,0.0379142515986539,0.518558417311717,-3.42482783715274,-0.882270585223524,-4.51284053935476,-21.2832872578174,37.1329261913187,3.81676084,7.462104637976
0.683474521034461,-0.405887207184083,0.0272131784094846,0.491490510493632,-3.66737086614859,-0.446889229514928,-28.0378572972224,-5.2481648245811,45.3772342925911,2.70729598,12.473169929163
0.691390192901643,-0.445486623742888,0.0239228615379434,0.320316890059902,-3.81692635575188,0.0661567708980412,-48.3187258952692,14.550841004252,49.15288204091,2.78062705,14.715438044256
0.695605355380493,-0.486492413872047,0.0263988346585745,-0.0201270186263718,-3.78836509958448,0.589151842961506,-59.8139449764356,34.217948233601,47.239471578597,1.22138957,17.983371828168
0.696010921727569,-0.526703332539694,0.033628016345603,-0.504960902736966,-3.53597988704763,1.05755053786148,-59.7666646569768,50.0957245161452,39.6576466479467,0.88845734,19.565087357046
0.689474541156737,-0.562614924065039,0.0446380402140446,-1.06120478241677,-3.068078438145,1.42193067364283,-48.8379072333851,59.6310559508573,27.7132785550443,-1.28393251,23.335165115187
0.676736204472909,-0.592736679884871,0.0584880329490035,-1.5877245018901,-2.44418809408725,1.65519844371822,-30.6583502743821,61.924978802013,13.6585313391054,-3.01935637,25.822744515568
0.658882732564626,-0.615978458272683,0.0744128813017808,-1.98633367768848,-1.75621853234151,1.75410361606688,-10.5202558647111,57.807602419251,0.0972051134844856,-5.20127592,28.799045071415
0.637799935188177,-0.632000548517399,0.0908625677884583,-2.19291489544949,-1.10053579393588,1.73575623546104,6.31456677699443,49.4278937663383,-10.6716778549048,-8.03000247,32.15667406006
0.616517669716572,-0.64229531237283,0.108192741641373,-2.19739566028392,-0.550794584412109,1.6309407218426,16.132559575253,39.5050100167022,-17.181600114246,-9.92899086,34.330383425892
0.595675836161845,-0.647911952598949,0.125130372619558,-2.04559499470929,-0.140556168602313,1.47633457291801,17.6586754741198,30.4954970656522,-19.0685993579039,-11.77291013,36.0913787787
0.576149535629629,-0.650551364808455,0.139941316413528,-1.82265155187426,0.139348270405381,1.30734628613872,12.1084494793691,23.9476202524357,-17.0427412215044,-14.25904535,38.699261838272
0.558079035170453,-0.650837365106195,0.15329252406793,-1.62435107767976,0.329363384572939,1.15255708531581,2.47960354048198,20.2342373828863,-12.6027403573926,-16.48218544,40.621522188504
0.541297772777811,-0.648975129337579,0.16519727806197,-1.52672095702561,0.481274232832695,1.03010211868467,-7.60322772509412,18.7090111151657,-7.59034730644506,-18.15511583,42.102747033501
0.525196587352987,-0.644852383264353,0.175906932686006,-1.56434414038358,0.637859233992844,0.946019229719534,-15.0682720064383,18.1755476221951,-3.70165175599112,-20.1347534,43.53036067655
0.508481643806729,-0.637918384924924,0.185917968662382,-1.72412999171503,0.819421354752039,0.894615116668201,-18.2204490176528,17.4551354005731,-2.06626320173098,-22.1485154,45.007397744855
0.490060588905835,-0.628510140119092,0.195538097835669,-1.95534862135552,1.02103536615414,0.860991413797274,-16.9933584593855,15.8251584698536,-2.98254708159417,-24.01675364,46.12286648394
0.469923817928898,-0.61726129028273,0.204078234721114,-2.19092395596481,1.21980320226832,0.825727249357159,-12.6322388861034,13.1781804131707,-5.86662578569267,-25.60904744,46.898577628092
0.44801145264354,-0.604733221093339,0.212232438468238,-2.37143445518943,1.38765940793087,0.771162584433892,-7.00322581839373,9.88410678288419,-9.43411902137876,-26.8416348,46.893320237896
0.424656102888774,-0.591095642433263,0.219497015956096,-2.46314214414285,1.50372663504349,0.687912771357153,-1.8266336064096,6.46677325075353,-12.0864219102268,-27.94059326,46.861903860418
0.40050804954596,-0.576558990221213,0.225904745515237,-2.46444348295082,1.56128886550967,0.579570214431028,1.88350681179375,3.27579993435034,-12.4174799890258,-28.32655329,45.943807271824
0.374727534252286,-0.560886763093297,0.230561007673937,-2.39998307229519,1.56741386742542,0.463522843427332,4.00418546580279,0.318608255228713,-9.70789851096197,-29.48796706,46.040155446298
0.351872741436334,-0.54627678837764,0.235843812141776,-2.3063287841256,1.53669019616625,0.366723603446335,5.10698271826654,-2.67519407331433,-4.24769835834177,-30.13183977,45.4898097696
0.32728339869638,-0.531018658591651,0.239695758164251,-2.21579088890919,1.48292368127489,0.316985100472148,6.01790951399548,-6.00602078777523,2.64625014159178,-30.52930275,44.979474539262
0.305198589644937,-0.516811120847722,0.24432769235304,-2.14487099024568,1.41304914961903,0.332337121686254,7.35050987289922,-9.71807307970258,8.97426674072771,-31.27086644,44.611747192785
0.28321636109855,-0.502676010602558,0.249141257721097,-2.09119785522872,1.32593410726532,0.412344482960746,9.21104130373033,-13.4406675415125,12.6928225788983,-31.82930916,44.307957623516
0.26128057052757,-0.488609655683415,0.254180390837945,-2.03896716786101,1.21608495301723,0.535240926204341,11.1847286774209,-16.4628331576503,12.4590771411613,-32.50179758,44.281355397255
0.239810942040901,-0.475326790235599,0.25959168016213,-1.9694342151051,1.07980208701725,0.663037251878397,12.5820138716359,-18.0287396648376,8.21523962727508,-33.36995797,44.635579609464
0.219484125826906,-0.463845969735551,0.265571881721684,-1.87131206963097,0.920228338154315,0.753813864355905,12.8154883053496,-17.7241485958787,1.364316807821,-34.43022666,45.270216235302
0.200280739829709,-0.454410733587371,0.271882291547201,-1.74650271795751,0.748441256713577,0.777296520053762,11.7277662461911,-15.7622112090398,-5.59067808124036,-35.60428323,46.132619971082
0.183092082683066,-0.447301594599097,0.278510560561558,-1.60903562535159,0.579863874918375,0.727856297330782,9.71892175533913,-13.0056247230386,-9.87737260426291,-36.69230347,47.101271056879
0.167576851237493,-0.442158210871632,0.28531621419458,-1.47823709394145,0.427748472343106,0.629305761205997,7.61203044210531,-10.6732551836104,-9.48934153633362,-37.83916137,48.135163379244
0.152796941841084,-0.438264718158979,0.292141323536372,-1.36964849738992,0.297114802439243,0.528501008189199,6.30930830985639,-9.82680274647766,-4.04138322564485,-40.06560343,50.491818565412
0.138990563836935,-0.43591252204357,0.299002147027049,-1.2880404411402,0.182490894548294,0.479005918318131,6.38230965429194,-10.8507405556086,4.91738977849051,-42.03594457,52.41668056128
0.125468892492484,-0.434400549421219,0.305661343973883,-1.22577052441462,0.0710798377558827,0.520325258046019,7.77130729545825,-13.1690573235248,14.3191597849814,-43.78986994,54.461336461518
0.112118563785893,-0.433288912219644,0.312261910598753,-1.16725510832118,-0.0496704838319053,0.660657248376088,9.72957245677378,-15.363833090087,20.6324609083037,-46.20828642,57.20230729434
0.0994024397329228,-0.432976070852403,0.319540491212266,-1.0975646995767,-0.183461904929868,0.870500698943822,11.0535013299759,-15.698987254416,21.1957650733981,-49.35109166,61.05919079724
0.0872691071225991,-0.433327012582682,0.327060887368175,-1.01128111834576,-0.319781718317078,1.09070012506233,10.5266984592601,-12.872014770003,15.3158321242153,-52.53538856,65.022635336505
0.076800043867023,-0.436074824399503,0.336340844888931,-0.91754060613678,-0.435006402607211,1.25287795030727,7.41906329547627,-6.69578484247325,4.66286958748169,-54.8391091,67.748350158148
0.0683456518661358,-0.441030174556405,0.347297295701449,-0.838697474903336,-0.50053935098883,1.30489148526016,1.85319518346254,1.59193729510151,-7.25945188819916,-60.08461247,73.93729210434
0.0618149731114369,-0.447431135728707,0.358915799292067,-0.802650711962921,-0.49536055097827,1.23124379602654,-5.10775034848126,9.56861327040672,-16.4265131755227,-63.31721619,77.532167642358
0.0547454496065247,-0.454003996822498,0.370724750592669,-0.831513343016376,-0.418043468190932,1.05967486303458,-11.7009148600715,14.3836227698942,-19.9060213058933,-67.51395257,82.322912634396
0.0459665996759613,-0.458872306187874,0.381871981076795,-0.930923718633822,-0.292916419350093,0.850270720245325,-15.9667288605309,13.7826519143257,-17.1231066875478,-71.5686688,86.712110964356
0.0349325112077933,-0.461187572532574,0.392018546407445,-1.08424900019061,-0.166926399651214,0.670511906444253,-16.3534997389263,7.01982540146265,-10.2215946594655,-75.77071704,91.36979157418
0.0226552767242414,-0.462546137345925,0.400884544292752,-1.25423930822924,-0.0972599569180358,0.565877759190607,-12.2232388379451,-4.71008277933266,-3.30465842321303,-79.46821366,95.336577035847
0.00926454678705956,-0.463438281242638,0.408042714466636,-1.39199302779729,-0.133540000514929,0.538191774681625,-4.08803107641264,-18.526510051632,-0.798960302849588,-83.11396067,99.27567445537
-0.00495631183332029,-0.464273245185995,0.412391115729649,-1.45041346971704,-0.300915747406057,0.541428567096444,6.50615912879009,-30.7593147582735,-5.58297760516919,-86.24565837,102.843890404748
-0.0187229893565731,-0.467365396676133,0.415187478941069,-1.3976657403918,-0.590510814044783,0.497841788621746,17.4152631815325,-38.1905680609324,-17.6733402808718,-89.47635175,106.539410662707
-0.0316703702335646,-0.473728429923927,0.416388290948248,-1.22608919268379,-0.961308233087506,0.328632536226787,26.5142213963951,-39.19714501884,-34.0852116539915,-92.03127987,109.464625093855
-0.0425184549490903,-0.484158461508776,0.416571392392877,-0.953591451094018,-1.35344819861208,-0.0134311151200266,32.298434077256,-34.3645652591809,-50.018744373008,-93.2854757,111.377407515596
-0.0513009561084489,-0.498655412367266,0.415747243905828,-0.617156845565902,-1.7086229581917,-0.523857283904858,34.2786717761341,-26.3220007244708,-60.9500037488364,-94.9647104,113.755643519882
-0.0581470882901471,-0.516471944032865,0.412002717662826,-0.260804878772502,-1.99041474262081,-1.14873897491222,33.0481184577154,-18.8294180641041,-64.7605408059385,-94.11127871,113.628585418689
-0.0622815631504797,-0.537049016550585,0.404078232057454,0.0778314492448525,-2.19716497195833,-1.81023584190199,30.0088537349685,-15.4259764224484,-62.9321263654465,-92.77307671,112.898021425228
-0.0627296828936475,-0.559450005609595,0.39009353027297,0.377797182726402,-2.36244874927693,-2.44537784350582,26.8571475058051,-18.1187427734054,-60.1434520793567,-89.55947956,110.545961568339
-0.0590303505553624,-0.583500886699106,0.369090890982144,0.638707126474308,-2.54258708707742,-3.0410508680334,25.0047930373247,-26.5868651731581,-62.2407947197802,-83.9137085,105.76798065006
-0.0519234722920686,-0.608842764448905,0.339511341591197,0.87731244743748,-2.79528371744072,-3.64755787929068,25.1312408258672,-38.1968352452891,-73.2748891551804,-76.83328195,99.24052319918
-0.0418141960954205,-0.636430741145149,0.300404886821899,1.11840741886671,-3.15672180161295,-4.36047200945657,27.0127597354276,-48.8352407139349,-92.799014501563,-66.64169929,90.0505289814
-0.0290573116230989,-0.667805677925432,0.250410885617222,1.38365423075827,-3.62511943783148,-5.27330144129345,29.6763593103666,-54.2720517736762,-114.6730002625,-54.26122217,78.187876269976
-0.0141947713585832,-0.704294380195773,0.189443789965745,1.68247251286693,-4.15657955685325,-6.41689579389966,31.8117225692593,-51.5783480562419,-128.145402820647,-39.53952825,63.289637970478
0.00284194649909285,-0.746728075324136,0.119150569518672,2.00819454385221,-4.67486351108959,-7.7099006328354,32.2841537996102,-40.1056562735297,-121.138013594878,-25.03308089,48.186481515357
0.0217171097168839,-0.794648359214733,0.0436916715554662,2.34060770030943,-5.09196704257092,-8.9438397811963,30.5571759068033,-21.6940991538631,-84.74576820244,-11.78569133,32.81198759844
0.0439387866156037,-0.847057758572226,-0.0346715485308375,2.65357254813879,-5.33274723265179,-9.81587894844183,26.869015265968,-0.0526073075770652,-17.3579486792518,-3.21000306,21.576028794782
0.0699813688560513,-0.902240723824983,-0.117596997497199,2.92452802325814,-5.35557349471779,-10.0052703546139,22.0996135618873,20.4556355644715,73.227214372675,2.42037921,12.309040780617
0.100132847458512,-0.95696525374056,-0.210116400235923,3.1420582821605,-5.16243539915634,-9.27208290153921,17.3824932130948,36.1899379058104,170.72335240885,4.73687593,5.82458324128
0.133296607095749,-1.0076103494991,-0.313328543787434,3.3085333357374,-4.79556362835077,-7.54590714107211,13.6140188294053,45.2981858210706,254.299683189239,5.81800719,2.378321586464
0.1679050591816,-1.05265737952354,-0.413363725238999,3.43681567169395,-4.32211775694314,-4.97253102417802,11.0551697603917,48.1269793078807,304.426362001841,3.11800451,0
0.203080691263538,-1.09380514468244,-0.482329542504784,3.54239762191046,-3.81232994172806,-1.89877814642799,9.18927591502774,46.8739529297785,308.743762816527,4.18593671,0
0.238637258035351,-1.13316763768221,-0.498255772634731,3.6341875112816,-3.31841432857256,1.20409957154084,6.90388695843702,44.6480550507201,265.974828030201,4.19242381,0
0.274498451084149,-1.1696205237019,-0.464527022516954,3.70778191816341,-2.86099633857977,3.85699739842166,2.94026806580464,44.2993376135272,186.510949236078,3.20620211,0
0.310893861142648,-1.20070691462173,-0.405274278792176,3.74419184770712,-2.42706434115246,5.6937742931102,-3.55308709594598,47.4378266498427,89.4191080258781,1.94069394,0
0.348246577489082,-1.2253737082671,-0.34348564793514,3.71494331311583,-1.97948916830981,6.54853986605664,-12.57420371919,53.968532633807,-3.16116435496399,1.15695026,0
0.385883034630007,-1.24418221962969,-0.288160068687611,3.59201479674191,-1.47433323881076,6.48272628292394,-23.1087090907505,62.2677781301177,-72.3816721723444,1.01501724,0
0.423411748407416,-1.25769034704461,-0.237532912295792,3.35913306554317,-0.879724412632431,5.74554365346684,-33.3369967022346,69.8925156733104,-107.736249604497,1.12396368,0
0.458335046894753,-1.26503247265273,-0.188207033251687,3.02027674223687,-0.189755377653711,4.68358907039598,-41.1527270471435,74.5337451814309,-109.226906964679,1.10054919,0
0.48927274640882,-1.26558954108379,-0.140746825307765,2.60210027799494,0.57126814685051,3.63150042277048,-44.8206067311253,74.8579281204307,-86.1078337773173,0.89893842,0
0.515349731357753,-1.25916291763737,-0.0984797759617121,2.14909232256914,1.3555228575736,2.82002701785033,-43.5461099075852,70.9434889753544,-52.8495092312455,0.69148462,0
0.536577212689467,-1.24587198929201,-0.0637093320140017,1.71284280224129,2.10683043481288,2.32953572468197,-37.7565780805036,64.1821014076178,-23.866037149801,0.60572009,0
0.553673178366596,-1.22585709291141,-0.0358901969303075,1.33887460468911,2.7789023910825,2.09932134014217,-28.9933389407024,56.7128969023893,-8.86382974267002,0.6315562,0
0.567276865525125,-1.19930678461771,-0.0135224652947272,1.05533554573477,3.3502014937897,1.98294963667533,-19.4509570323777,50.6196051252346,-10.3188394649186,0.71406561,0
0.578585064060971,-1.16668809758906,0.00440433836740769,0.86715175015317,3.8300780661444,1.82464233930017,-11.3213801327533,47.1904147431509,-23.7361408535617,0.84317401,0
0.586860310755044,-1.12750274817798,0.017960722914417,0.757302507709355,4.25381948929088,1.52664664311902,-6.1649062948693,46.4996150497985,-40.3251351498386,1.02711938,0
0.594896319059895,-1.08358847593345,0.0283122103196032,0.694415606504877,4.66811693212389,1.08380578494479,-4.51284806212282,47.4390123791056,-50.9089905330961,1.2188763,0
0.602964345604406,-1.03556808414575,0.0368967222012802,0.643814817207714,5.1118920131804,0.576072059851307,-5.81917750801833,48.1589128173512,-49.5537810408476,1.33420715,0
0.609294899845616,-0.982853064546264,0.0448297771987468,0.57819276973574,5.59922973631098,0.126482595834518,-8.75292001445317,46.7345612867527,-35.6329128520013,1.36571001,0
0.615373676903191,-0.926006328579327,0.0498464898160237,0.484525222282551,6.11062623885912,-0.155311864682414,-11.7079835878692,41.8054349270966,-13.71165389654,1.40938084,0
0.621159213164624,-0.864746132630713,0.0501975584317393,0.365433356761739,6.59597047275848,-0.219984196530349,-13.3424340724456,32.9623482875645,8.5279416429298,1.54255184,0
0.624637693459224,-0.799189713084272,0.0483256650582402,0.235284715476139,6.9885373592726,-0.0976204811951828,-12.965522686443,20.7658259312262,23.4102847558779,1.71102145,0
0.627059672201451,-0.730097999285421,0.0460074012850827,0.113101304074054,7.22521973873218,0.116962390994232,-10.6601667587847,6.42518665232003,26.2135652659562,1.78838637,0
0.628097410766233,-0.658330124147932,0.0462398243381099,0.0151940832724955,7.26577380126299,0.304724930570005,-7.13170810625645,-8.70524238224687,16.8662318826382,1.69825238,0
0.627735659688298,-0.585304427044977,0.0490133544541233,-0.0498626569409237,7.10400279399095,0.370951026188614,-3.37014004169122,-23.5951604340235,-0.160671830641325,1.47180986,0
0.628066539033358,-0.51312571815673,0.0527709992899151,-0.0825338671766061,6.76665213431473,0.281832532551562,-0.268042403179601,-37.7812721178435,-17.6351742694618,1.18562761,0
0.627506062148797,-0.443571065198564,0.0565204510265993,-0.090108261267049,6.30040295231753,0.074945368385753,1.66504071731159,-51.2944021139943,-28.2983124274687,0.89894302,0
0.627098553250263,-0.378197562266385,0.0582898392932665,-0.0824725152558907,5.75205194735742,-0.159379451865956,2.40439735034756,-64.3171221526397,-27.528234481692,0.64889106,0
0.626682434467997,-0.318204780263739,0.0571630292463719,-0.0679156325780766,5.14991737225199,-0.317023571238248,2.31841091747274,-76.7351997711521,-14.9894442388081,0.46772492,0
0.626287883068363,-0.264693958593184,0.0557148021569568,-0.0506599109895211,4.49443173956982,-0.322948055472854,1.94676102675439,-87.7975850807447,5.27788348729258,0.33411723,0
0.625644355389477,-0.218978872381608,0.0518029466607099,-0.0308245991556248,3.76259081140236,-0.160758272925267,1.75141751217907,-96.0638911302354,26.3057574798183,0.20769027,0
0.624731579606611,-0.182505209089832,0.0506240144500996,-0.00638733924113631,2.92551006571752,0.122102333861899,1.94010938834988,-99.7077656707351,40.6345513993299,0.06734515,0
0.62411350423874,-0.155822185087149,0.0515674624747077,0.0240971788809879,1.97280507114477,0.434382609162732,2.42095164529965,-97.1005054735935,42.8741243256424,-0.06657166,0
0.624436111770343,-0.138623432956113,0.0539843082036044,0.0594229279776617,0.934066865082835,0.677074611346416,2.88907736092949,-87.4771710277854,31.5224326393665,-0.13581852,0
0.625612019674425,-0.130164769610947,0.058695313836024,0.0952284157949149,-0.112126178377857,0.780424415945608,2.99474612297085,-71.4351879472077,9.45813024035331,-0.11321703,0
0.627451577332873,-0.129354622155158,0.0649492273536537,0.125153961137428,-1.04724330998811,0.727299008622657,2.51671971256747,-51.0554387719771,-17.0116245557963,-0.04797703,0
0.62869348189556,-0.135077889432203,0.0739472990158481,0.142974057619058,-1.73900141575856,0.554590842101242,1.47072247071276,-29.5558047291349,-40.1870444455839,-0.04471243,0
0.629425546811273,-0.147096922873274,0.0855674748064223,0.144644129743813,-2.07727116931244,0.333622227951625,0.114984393031942,-10.5449667116903,-53.3970488052517,-0.16363125,0
0.630407806595123,-0.164807056475145,0.0958655355888099,0.129366700066376,-2.00808710444995,0.138879993050262,-1.14255906524596,2.91564190164767,-53.0149692096133,-0.31660479,0
0.631611122975246,-0.185964192834957,0.0977141637233799,0.0993557359115345,-1.55415410338328,0.0185238086536903,-1.89436678415142,9.15968062039016,-39.4487767968689,-0.2807532,0
0.633232808739706,-0.208827209816878,0.0889708933768159,0.0586479129519042,-0.814530469229443,-0.021510032282226,-1.88242613554866,8.41375690903962,-16.8428429910749,0.12809798,0
0.63510181167343,-0.231600450552734,0.0706627237539471,0.0117315052372391,0.0568130929549066,-0.0143320987253018,-1.09312840260183,2.78566043840677,8.34267838659798,0.84911465,0
