4.82637934,0.80533568
5.00224199,-0.98285989
4.52675018,-0.11615577
3.31180903,3.25890206
1.70972233,6.40033129
0.18810885,8.2980767
-0.95893016,9.25496549
-1.54519998,9.60045458
-1.73661077,9.72077409
-1.6400302,8.82647042
-1.36993941,8.12879727
-1.07911605,7.65802588
-0.91485476,6.45204138
-0.71002292,6.03194454
-0.55467397,5.12725462
-0.44693296,5.0271167
-0.34415425,4.34665297
-0.17539535,3.62179166
0.11080421,2.77511419
0.49097465,1.85168741
0.88029005,1.02238513
1.25057414,0.04352514
1.6463988,-1.27126797
2.10082322,-2.50354697
2.70612048,-3.52886112
3.18085043,-4.16591217
3.58012762,-5.33482971
3.88670298,-5.84048006
4.23534519,-7.18295759
4.58049565,-7.74085876
4.901314,-9.11604887
5.36240069,-10.11876751
5.82446575,-11.61845412
6.25345802,-12.927806
6.6575222,-14.2787251
7.05017922,-16.36915869
7.48776951,-17.70368741
7.86672729,-19.13953615
8.33389063,-20.65017997
8.76669182,-22.45590717
9.20454232,-23.97504352
9.63703087,-26.01791708
10.03686938,-27.21049618
10.40711588,-28.9481827
10.78472195,-29.95377361
11.11561872,-31.45693014
11.43349459,-32.79821114
11.76875431,-34.45851513
12.1306782,-35.81688584
12.54846235,-37.15435942
13.0229565,-38.81902985
13.5345567,-40.40770158
14.02497337,-42.62188556
14.54490829,-43.94133747
15.09380971,-46.33462083
15.70435198,-48.31907402
16.31383376,-50.39478077
17.00652876,-52.27966311
17.68236593,-54.60324504
18.37489113,-56.58944088
19.06059182,-59.52269407
19.71990779,-61.63282768
20.39088569,-63.91688815
21.08247117,-66.33151878
21.72855394,-68.74086139
22.35421367,-70.96668432
22.87711039,-73.04072783
23.34406901,-74.90437224
23.7424209,-76.31735378
24.07218265,-77.31465143
24.3494137,-77.33084515
24.53297381,-76.87915853
24.59660305,-74.89498123
24.52599689,-73.34978298
24.28465004,-69.77949432
23.85526081,-65.86880095
23.18884886,-60.5955031
22.29659164,-54.4081749
21.16079804,-47.33288759
19.70743805,-39.27833122
18.04777274,-30.64704741
15.98526623,-22.07639609
13.76490721,-14.08946554
11.43834627,-9.16358689
9.07172484,-4.59148419
6.63765688,-2.3623114
4.05534447,-0.55664776
1.25998569,0.40847226
-1.77151069,1.72295904
-4.87259741,1.63041768
-7.46224653,2.35722677
-8.71724109,2.61001943
-8.37239582,2.1098136
-7.00576763,1.15025498
-5.56488429,0.36638638
-4.57136615,0.16568972
-4.01606794,0.441126
-3.58245152,0.81967061
-2.91969556,1.03668304
-1.97725145,1.05379093
-0.75623338,0.95919751
0.62146716,0.85299364
1.96558367,0.79875942
3.23369539,0.80968354
4.35356496,0.85343345
5.45442139,0.88569544
6.41269818,0.88483178
7.24491471,0.86200125
7.86431762,0.85645812
8.21531242,0.91304081
8.31115931,1.04447365
8.19547422,1.21385215
7.9518985,1.35555056
7.6310671,1.42652959
7.23673837,1.44277944
6.76962752,1.45992847
6.22099472,1.51888329
5.67521706,1.60488385
5.24515442,1.65065953
5.00416755,1.61031465
4.96197228,1.49840552
5.03902295,1.37629241
5.17085965,1.27347678
5.32929425,1.1640636
5.48030436,1.01829743
5.59643433,0.81521722
5.62955007,0.57312928
5.49224497,0.31608104
5.17481996,0.07568039
4.78712148,-0.12390305
4.48176739,-0.25538541
4.35574185,-0.27458904
4.39625146,-0.13575485
4.66189301,0.16400958
5.11963192,0.52899263
5.65359521,0.77439743
6.06210389,0.78411977
5.99314518,0.67077964
5.25080186,0.66055596
