22.28024542,0.8622124
22.03571292,0.90091245
21.51781357,0.93271486
20.67229237,0.89632929
19.3899388,0.81632843
17.50896464,0.84386288
14.99950979,1.10058122
11.84245103,1.49354831
8.31480076,1.73213018
4.6749795,1.66828648
0.88668388,1.54678455
-3.24572225,1.81933098
-7.60877866,2.49187258
-11.16394345,3.06342339
-12.62251034,3.06923215
-11.71309318,2.42411735
-9.31974474,1.41069574
-6.63436102,0.56541378
-4.43296518,0.27348803
-2.86276121,0.44982266
-1.71870409,0.74345707
-0.80775877,0.92752708
0.01456637,0.99310175
0.86117087,0.99318037
1.78954766,0.94257697
2.83550206,0.85905809
3.88723148,0.7944636
4.80239802,0.78797382
5.58278016,0.83006461
6.17314659,0.88400913
6.62881911,0.92185321
6.94294921,0.93965775
7.0081148,0.95529861
6.78341566,0.99036964
6.28347333,1.07863219
5.59887862,1.25350344
4.83585231,1.50050591
4.02218611,1.74194477
3.36482953,1.88535952
2.8222501,1.92755973
2.4619849,1.89268489
2.32299911,1.78415688
2.31838982,1.59103789
2.26875285,1.36698057
2.18329196,1.09387436
1.89894833,0.78125043
1.51551768,0.43206846
1.09735381,0.06858162
0.76967167,-0.3187626
0.61642781,-0.68172203
0.68879598,-0.88428465
0.95088087,-0.76560234
1.15736896,-0.29917687
1.03915559,0.33185789
0.55721172,3.8469988
-0.51021143,7.83812026
-2.08587037,13.73803549
-3.76657185,17.73909888
-4.9613243,19.17571966
-5.36694665,18.4322147
-5.11771598,18.45238113
-4.35173363,17.30834592
-3.19234902,16.42004826
-1.82495253,16.11305468
-0.34305311,15.15982924
1.03978888,14.48396913
2.31688703,14.58816832
3.5059483,13.33972419
4.61163092,12.6174818
5.61782592,11.03161136
6.50644169,8.53955581
7.26665214,6.76632625
7.93231796,4.27895479
8.51929217,1.71995895
9.09653926,-0.36966837
9.69315325,-2.94772752
10.29029155,-5.03598862
10.87899365,-6.7702117
11.42030923,-8.89031107
11.87492527,-11.77482552
12.22193817,-14.15407453
12.49566895,-16.05105502
12.75615298,-18.42488885
13.0699497,-20.6753969
13.3874673,-22.8002696
13.68480845,-25.90444117
13.93417596,-27.92760579
14.14958334,-29.79199103
14.35460594,-31.83614936
14.54240013,-33.07675122
14.73207543,-35.02317401
14.95700822,-36.90026041
15.25840769,-38.25180818
15.61657572,-40.06052835
15.99435291,-41.7123448
16.3318125,-43.62284175
16.66898451,-45.41140699
17.02329659,-46.83886155
17.38065487,-48.60971091
17.75129983,-50.3200265
18.16102929,-52.00644282
18.59682269,-53.36867334
19.07835322,-54.63765659
19.52747324,-56.46378914
19.92220049,-57.55513778
20.32994066,-58.98212142
20.72691226,-60.60350147
21.13504207,-61.51634137
21.52984887,-62.9087698
21.85818117,-64.03393274
22.09934918,-64.23998948
22.18790486,-64.79487804
22.16976067,-65.13365982
22.03593792,-64.45229003
