-0.21986367559802,-0.209939802935284,0.388863640731387,0.0533347150188854,-3.23950759600296,-0.114420776118667,50.7628337517816,-54.5221896774601,-56.9527454400723,0.8622124,0
-0.219659960593194,-0.242022638453392,0.384595743478254,0.57741027041555,-3.95118228032613,-0.478575086294411,43.4777075630242,-57.8099380872375,-44.6152969855025,0.90091245,0
-0.214150171692811,-0.279611313017253,0.375556694626815,1.04407850090472,-4.55113443650759,-1.07764067127222,38.9317016442867,-60.4340957432464,-41.6385978704146,0.93271486,0
-0.205501998403068,-0.322660846524984,0.360799565791402,1.44947934731186,-5.04917408201781,-1.9540693746713,38.230269677232,-61.6840997432231,-54.9511920002153,0.89632929,0
-0.190943158343836,-0.371495888717946,0.338418273820198,1.81763577900451,-5.49201761588632,-3.07647581398287,40.9131496058359,-60.4458331485436,-81.8378354475487,0.81632843,0
-0.174050691948837,-0.426185527581914,0.305589081583264,2.18751673867482,-5.933425623477,-4.34721012299065,45.0779300409418,-55.3516743141025,-110.314489907809,0.84386288,0
-0.149504702663904,-0.487608169527058,0.261790832020623,2.59286838830636,-6.40082340996021,-5.61548265382484,48.0281184188162,-45.2099126020855,-123.695786019821,1.10058122,0
-0.122775935152323,-0.554511929325365,0.206689761979694,3.04350611786761,-6.87336680730591,-6.69526969735556,47.2066376711882,-29.5566577350187,-107.518107224911,1.49354831,0
-0.0925489312662069,-0.626386826132724,0.145120649909327,3.51601164230565,-7.28129610061759,-7.39031706706361,41.0834484056082,-9.09713902222811,-56.0272115665428,1.73213018,0
-0.0574410652576694,-0.702169474469127,0.0815937847382383,3.95784752605661,-7.52732597760797,-7.52795133311254,29.6879176432703,14.1792100629257,24.3975120944889,1.66828648,0
-0.0175123802927037,-0.779345171310644,0.0154755531303583,4.30343527119433,-7.52164053646148,-6.99893064040991,14.6118066272459,37.3159487450363,116.317710177651,1.54678455,0
0.0259158366047007,-0.854406428292373,-0.0566485398677385,4.49602986661262,-7.21654675066157,-5.79451854730787,-1.50248354980749,57.0845397885757,196.507949829222,1.81933098,0
0.0722024860322465,-0.924504699825322,-0.132798239672482,4.50706768056037,-6.62707096246731,-4.02795190252782,-15.7943188838228,70.851037365995,243.524369971938,2.49187258,0
0.117849599348906,-0.987940992880207,-0.194847570708955,4.34583761424517,-5.82946033230001,-1.92851681186174,-26.0420940674493,77.3269899663006,244.819204541091,3.06342339,0
0.161410245895832,-1.04486887496366,-0.220304365300029,4.05620688042378,-4.93822146345845,0.196656625243454,-31.2548771212465,76.9388096491188,200.85122536183,3.06923215,0
0.200659865660348,-1.09480752584363,-0.204432041583893,3.70211044788653,-4.07048551829327,2.02723951262542,-31.8179562564109,71.672225519867,124.787344903578,2.42411735,0
0.237908519891724,-1.13797649642087,-0.162660231158423,3.34758763831585,-3.31098507426571,3.3045053314196,-29.1784395098058,64.4282466653708,38.0165245059737,1.41069574,0
0.27241193265267,-1.17386022551003,-0.115791443564969,3.03881381744531,-2.69019743589584,3.89430702117844,-25.2216770923166,58.1008506441459,-36.8222232745822,0.56541378,0
0.304081494275192,-1.20280661796851,-0.0773698380172631,2.79429885577976,-2.18276413420627,3.81812362751824,-21.5876623976485,54.6887182488647,-82.8031576873897,0.27348803,0
0.332969239132945,-1.22544298911176,-0.0499646088128768,2.6058926438606,-1.72544024581635,3.24138638268033,-19.1793973612234,54.7454836527758,-93.3243315055653,0.44982266,0
0.359275795092374,-1.24239759341692,-0.0299970452379929,2.44894123531515,-1.24664998740695,2.42192075143818,-18.0232480298182,57.3541152745395,-73.0021108136871,0.74345707,0
0.38397149435722,-1.25360868672011,-0.0140980500983596,2.29660609762222,-0.695907048392768,1.63435584618528,-17.4954868421466,60.6232080017227,-34.8821023313555,0.92752708,0
0.407598790320457,-1.25895393819592,0.000254231116563726,2.13222636845426,-0.062157220131677,1.09400118381649,-16.7864726000786,62.512853415105,4.73249119686162,0.99310175,0
0.429408967276243,-1.25768442880765,0.0150302671037641,1.95497346677232,0.625025217831967,0.903262406221763,-15.3884690046499,61.6762067748419,31.8451180033007,0.99318037,0
0.447718720610875,-1.25010274820758,0.03123349878836,1.77721848134233,1.31056127113239,1.03550758673383,-13.3969518176516,57.9962153921046,38.8211694799064,0.94257697,0
0.465516999797689,-1.23742069507601,0.0494888468940818,1.61561562658146,1.93827382041045,1.35856578272681,-11.501704335691,52.6110944043132,25.7874742124004,0.85905809,0
0.482271833716666,-1.21971398947532,0.0678449881131721,1.48043974291403,2.47432952309052,1.68739097740491,-10.6785440587264,47.4171919063228,-0.700061385271689,0.7944636,0
0.497666278604157,-1.19673715206796,0.0838176574402565,1.3682167792188,2.92033833715773,1.84716890262398,-11.7184147778706,44.2426191512376,-30.8411776107724,0.78797382,0
0.513242445253504,-1.16889625482289,0.0974378952070158,1.26105567792551,3.31118386053052,1.72669249899833,-14.7992651960326,44.0210757162114,-55.246005304395,0.83006461,0
0.52652743179996,-1.13562435807586,0.10774173320376,1.13308193261662,3.69886165744878,1.30699204103226,-19.2903479300536,46.3075493255668,-67.7516773530884,0.88400913,0
0.537506507839171,-1.09703601284713,0.11569471898862,0.961274920400432,4.12913909985146,0.659516422335401,-23.8850866418723,49.354837357421,-66.6285552713899,0.92185321,0
0.546910262610969,-1.05335912562669,0.121177323513239,0.73610345899044,4.62061556104392,-0.0819359359537962,-27.0257461547723,50.7534921531464,-54.1257266985629,0.93965775,0
0.553586598341991,-1.00463069564936,0.122314677617744,0.467388169056256,5.15474949792134,-0.764112715180105,-27.4635744681589,48.4072485235993,-34.9035530295536,0.95529861,0
0.558799127651097,-0.951606803386814,0.118392937798344,0.182741691926813,5.68105842048771,-1.25790809624401,-24.7387512529815,41.4618495655919,-14.1659227982914,0.99036964,0
0.560956461944311,-0.894867407612337,0.109667298069752,-0.0810586988087848,6.13567553122333,-1.49042967656264,-19.3910204575742,30.7942000776002,3.80365632987279,1.07863219,0
0.561422921607259,-0.835257833590917,0.0977188663385164,-0.290568867514128,6.4660687718708,-1.45833370231362,-12.8105282627247,18.8154974769304,16.3570071449041,1.25350344,0
0.558673322049685,-0.772607090019475,0.0844015449496735,-0.42727970756926,6.65205834134395,-1.22133272881149,-6.77608088319932,8.6010483293809,22.5044917730905,1.50050591,0
0.555154455883392,-0.707113048889566,0.0702003907474828,-0.493894332454826,6.71438019095203,-0.880032838410905,-2.84469155670594,2.63523142074081,22.5597001675834,1.74194477,0
0.549100129143308,-0.638520853907689,0.0587273540668333,-0.512893366402521,6.70659157437649,-0.545517609996019,-1.814301949376,1.645444379773,17.7443890987503,1.88535952,0
0.543710138246518,-0.568991405772851,0.0492575565597392,-0.517951066494259,6.69247586830655,-0.30907228473911,-3.45201200021284,4.01066806403055,9.9264905164193,1.92755973,0
0.538788002577946,-0.499450282083448,0.0429697426393833,-0.541423442055827,6.71691672118086,-0.219497188202555,-6.58197438765552,6.05073095625887,1.44288053781945,1.89268489,0
0.532813339122641,-0.430176904118606,0.0405439829903979,-0.602511976373904,6.78126708237812,-0.273160654250649,-9.49342352600376,3.18452733778305,-5.17596034757282,1.78415688,0
0.527301245689513,-0.361424243739833,0.0404635357037187,-0.700304098781236,6.83326568992418,-0.418855357860733,-10.5163944387077,-8.3954575059493,-7.72449598668551,1.59103789,0
0.522215712121836,-0.293437353377157,0.039597207146505,-0.813952938695023,6.77674907524558,-0.576076284814447,-8.55925394620073,-30.1183613491061,-5.04558846985982,1.36698057,0
0.513730386428885,-0.226582303449345,0.0381056332343203,-0.909582227304478,6.49938549967757,-0.662025611576605,-3.42882241651035,-60.1116598883671,2.300789082467,1.09387436,0
0.503892008894092,-0.162703035358328,0.0331429006837478,-0.951158147186605,5.90992344810099,-0.62007796081368,4.15644555863862,-93.3646358677861,11.7979018599171,0.78125043,0
0.493246683790159,-0.104283854950184,0.0264507733881858,-0.911409746442456,4.9724889436302,-0.441396370638231,12.8319340879431,-123.008579636605,19.4556498542019,0.43206846,0
0.483840066503856,-0.0538072970854001,0.0191524370438043,-0.779270147122301,3.72584389189056,-0.172504916408154,21.0078485466,-142.333346835329,21.0373972766231,0.06858162,0
0.476425834886621,-0.0142471488639685,0.0134333048008233,-0.56194819444964,2.28025202586691,0.0949097249460031,27.2827466536112,-146.869241909143,13.6985130045785,-0.3187626,0
0.471371676579308,0.0118730572440274,0.010758694885358,-0.281882291543114,0.792113501070353,0.250522446027703,30.7162103945053,-135.808792227944,-2.56412923642207,-0.68172203,0
0.468686426264058,0.0228290598559942,0.012021757725501,0.029440171075878,-0.575815451988176,0.201301154252699,30.9050164036383,-112.255670107473,-24.2914544573384,-0.88428465,0
0.468602546612872,0.0178493017931013,0.0165960019757282,0.338132674955808,-1.69576158352631,-0.093976461358061,27.8974045930496,-82.1969348290227,-45.170220305036,-0.76560234,0
0.47184819248034,-0.00141243160818716,0.0201998990123826,0.612889196172788,-2.50440744415588,-0.603162439217678,22.0408856600512,-52.5514570502377,-57.8221315295567,-0.29917687,0
0.478207057532814,-0.0304289149186271,0.0181366864860043,0.827495552127546,-3.01122727633234,-1.22051671229027,13.8660945185127,-28.9805780520986,-56.2449982852697,0.33185789,0
0.486341464708365,-0.0638612878835961,0.00972517914470074,0.961515890066971,-3.28381717244543,-1.78984952656588,4.06226137442186,-14.229667748752,-38.0615401019201,3.8469988,0.517388360847004
0.496775617364644,-0.096648895207641,-0.00890486933480857,1.00061995407792,-3.416329324352,-2.14544078048968,-6.47333310421731,-7.56773544463421,-5.72825838491331,7.83812026,2.60814797658
0.506631480829615,-0.127126147543501,-0.0364053057262924,0.937852391620417,-3.49278664967524,-2.15889789391593,-16.5922457180061,-5.48228277863166,33.8154666703901,13.73803549,3.448184983908
0.515238283183834,-0.157530830834392,-0.065739080295434,0.776109444550014,-3.55838215674058,-1.77751629477341,-24.9539446600626,-3.32366442352099,71.0294042158477,17.73909888,6.273516739132
0.521748583474186,-0.19057810475389,-0.0865914442942029,0.530766946770117,-3.60844460651415,-1.04189234027861,-30.2428470523632,2.74703831977869,96.5971564078593,19.17571966,8.30778383570201
0.526646193427044,-0.227881729526322,-0.0936708898213797,0.230517128164104,-3.597926568142,-0.0769200295889441,-31.515801557309,14.2425796841387,104.248354120306,18.4322147,11.449136077666
0.529206238010546,-0.267488032456224,-0.0893209940329283,-0.0854051030692562,-3.46663514732581,0.941226401033649,-28.5679068208708,29.8135267324883,92.6209994573249,18.45238113,12.992622533884
0.529973077564408,-0.305777902471852,-0.0759520800132647,-0.374220464772841,-3.16981547704805,1.83188044504831,-22.1583527592562,45.8487120340174,65.5441920421049,17.30834592,14.632225998166
0.527276832547535,-0.338598089158912,-0.0557170012718143,-0.599584689662578,-2.70213569330742,2.45602082441667,-13.9609412271827,57.9336175923305,30.6804106606701,16.42004826,18.587510345572
0.520436719657361,-0.363876385262193,-0.0318514303411006,-0.741615462525368,-2.10606014766801,2.7480132968226,-6.19407052103388,62.5751482631011,-2.96451269069477,16.11305468,23.265891127584
0.512982007920653,-0.38307777547539,-0.00598740627870628,-0.803334697217691,-1.4617862688392,2.72438547286943,-1.00955611764384,58.5260917703576,-27.7858124095469,15.15982924,29.293624662096
0.503016552963022,-0.39533540083573,0.0181477394816242,-0.810640446493366,-0.862934492846931,2.46880937826329,0.169700279358671,47.2262364384517,-39.6598334748742,14.48396913,34.88801217946
0.49349614509641,-0.402741620868099,0.0404373070702526,-0.804993806517422,-0.387351771665496,2.10001218333214,-2.86988978666518,32.2354968387709,-38.7267528552399,14.58816832,39.326394108183
0.484108054480117,-0.406508633933184,0.0611903412396979,-0.83064729712845,-0.0738630505792305,1.73413474881068,-9.02372260890434,17.9238904280675,-28.7357657003753,13.33972419,44.520526226286
0.476202190316133,-0.408591591892989,0.0804881434407752,-0.920445546210953,0.0868346169798899,1.45365634335204,-16.1958504720043,7.94877013892881,-15.3176389217525,12.6174818,48.835131766575
0.468953094247806,-0.409777905624605,0.0980495591078796,-1.08503690116804,0.144510518482246,1.29154601864331,-21.9689234400098,4.09766866760582,-3.88495864430983,11.03161136,52.80265916218
0.459364356566446,-0.409805332601135,0.113558830079524,-1.30935334535976,0.168632211472716,1.23332263703297,-24.3927797341769,5.89715189087052,2.08365694288661,8.53955581,56.73844872748
0.446682322633491,-0.408508318918251,0.126827005440092,-1.55771669038108,0.222747347351411,1.23351120087192,-22.6165698456328,11.0684985908854,1.83774391193229,6.76632625,59.002631259455
0.43033063324272,-0.405381084215752,0.13844506571708,-1.78583451820628,0.343539131539049,1.23872603990253,-17.1414918788104,16.5829273712713,-2.92106026982476,4.27895479,60.961084745645
0.410535582898026,-0.400366512768402,0.148689698305872,-1.95544323716317,0.531716901699117,1.20855122712662,-9.60746031711408,19.8612554719554,-9.13428144777083,1.71995895,62.172025965025
0.388038181327537,-0.393433308553782,0.158764560623929,-2.04640829716443,0.757002070361506,1.12750874298867,-2.19789733651892,19.6491095513122,-13.7870966729776,-0.36966837,62.811888397654
0.367541393955408,-0.385801676106925,0.169177439112889,-2.06209508351785,0.974035830437082,1.00556347446752,3.11628418296034,16.2694178834475,-15.0568518957575,-2.94772752,63.513861785622
0.347815000325631,-0.377039051629753,0.179599468537651,-2.02637624064099,1.14216240998092,0.869069049301233,5.2183793195018,11.2280758952245,-12.8201465314213,-5.03598862,63.377997183445
0.328307603454544,-0.366701842239579,0.189874258496056,-1.97376701838135,1.24112357209037,0.747180839440005,4.15040826418596,6.40757128123861,-8.42143423469267,-6.7702117,63.144497734951
0.308916163466432,-0.35532685780724,0.199321997659398,-1.93664669168581,1.27690862805415,0.659608302608649,0.98994386942217,3.22477142473869,-3.89872085918782,-8.89031107,63.07330277776
0.289456638184201,-0.343363172771007,0.207256544389777,-1.93441268955724,1.276306038204,0.610155491767265,-2.628856606963,2.10419760989911,-1.04382780446311,-11.77482552,63.984503657013
0.269527696127669,-0.330521432833914,0.21331306204167,-1.96841474462219,1.27329992200049,0.587643380527104,-5.15136456118233,2.45080723176582,-0.689651032121928,-14.15407453,64.743627858554
0.248930118434699,-0.316721958828687,0.218090565416723,-2.02409491276286,1.29352928448896,0.572770502872761,-5.65134533270897,3.07668677956496,-2.47820856958065,-16.05105502,65.023807207845
0.227655389818403,-0.302319320501521,0.222636869389086,-2.0789127214875,1.34343960224048,0.547402990335823,-4.09794396175677,2.84536948271453,-5.1429793909246,-18.42488885,66.516638841198
0.206019557117724,-0.287942513047284,0.228113655335045,-2.11250386333197,1.40846701610608,0.502324141906406,-1.26634476964239,1.22346567110363,-7.13133604410524,-20.6753969,67.517783130345
0.184516736657472,-0.273629275720392,0.233655382888075,-2.11491146078693,1.4606346135441,0.440575692623471,1.64237658352431,-1.50418110775124,-7.27823345845143,-22.8002696,68.89410612969
0.16331040208404,-0.259185960575146,0.238844964957242,-2.08980409017448,1.4719684262196,0.3755623252057,3.50267039706296,-4.43034326281365,-5.2543310495883,-25.90444117,71.447120387952
0.141806673528979,-0.244747763782464,0.243197249054242,-2.05182907004962,1.42777096207875,0.325186347557585,3.68751693584034,-6.51442849680317,-1.63265166631116,-27.92760579,72.8478466875
0.120668415697554,-0.23110666496782,0.246956817068336,-2.01967070494059,1.33395451312149,0.304636859628798,2.26166959859914,-7.11698681210972,2.41292858745263,-29.79199103,74.39642494556
0.102033023718007,-0.219158282803935,0.250535136479336,-2.00800401294703,1.21523114085799,0.320672923609566,-0.102583496274311,-6.32050908792492,5.61826314872251,-31.83614936,76.105223986834
0.080722986916409,-0.206907638062471,0.253812763410951,-2.02172379024324,1.10488605014749,0.369378943913249,-2.42538161409909,-4.88444537138322,7.12316424898033,-33.07675122,77.063065537923
0.0601345254271879,-0.194812494826978,0.257123221905659,-2.05461997107194,1.03050174993726,0.437890624948878,-3.79626465955186,-3.85851876915426,6.75490719328428,-35.02317401,79.124986810634
0.0394562115955473,-0.183270760416173,0.261049039686856,-2.09262480668248,1.00182562223851,0.509110716620599,-3.67895704289565,-4.0409713540926,5.0122491788153,-36.90026041,80.832395249303
0.0182452707491537,-0.172232700102226,0.266309452802122,-2.11982944368381,1.00620427523057,0.567486031918317,-2.04010581776018,-5.54586285933924,2.7912877674678,-38.25180818,82.512738133488
-0.00483957112297752,-0.160895378827949,0.272560664201004,-2.12443418058497,1.01389441351986,0.603766984113858,0.717935121143079,-7.69813119678755,0.993223165124185,-40.06052835,84.61986505389
-0.0271932263290745,-0.150785991279294,0.279154120005436,-2.10208848300347,0.991346280400147,0.617255021139256,3.96299457528637,-9.32794051022506,0.185241262998988,-41.7123448,86.640738116275
-0.0487323375949963,-0.142085158788025,0.285043900943366,-2.05545924166993,0.916958454810509,0.615057136172622,7.07472022045151,-9.34909421565095,0.442769572608266,-43.62284175,89.4495481675
-0.0684399551472137,-0.135153637768937,0.290928662663434,-1.99069750493902,0.792375256946991,0.608897388721059,9.62429714127519,-7.3652400125796,1.41065887336588,-45.41140699,92.029841985696
-0.0867431127080695,-0.12905006726214,0.297112575039023,-1.91288831712561,0.643848611406757,0.610742939592355,11.4378791104838,-4.01555709789919,2.52449386504815,-46.83886155,94.562348741388
-0.105976738628952,-0.122118027356664,0.303349653634287,-1.82294928578188,0.512090991765612,0.628707565434682,12.5489920109553,-0.869079101339771,3.27344341966856,-48.60971091,97.4400186502
-0.126434778644489,-0.114072915414436,0.30981862854221,-1.71762957852554,0.433929392307318,0.66442644500803,13.0911423809793,0.13440469722905,3.3841088007027,-50.3200265,100.06606869626
-0.145409604525892,-0.106645814437429,0.316969756661628,-1.59265220302279,0.42297175451102,0.712517648085211,13.1964587887913,-2.50367640678618,2.85669980798814,-52.00644282,102.790941351758
-0.160934820301984,-0.101067061644179,0.324575786350089,-1.44739065224452,0.457717822332109,0.762088579882049,12.9471593691405,-9.10483304545972,1.86202148311178,-53.36867334,104.805621385984
-0.174091320072231,-0.0968561916280919,0.332980079547462,-1.28855482494364,0.483365209913454,0.799702059004887,12.3880235869994,-18.4778660364973,0.574178156931766,-54.63765659,106.751930902155
-0.186327329704318,-0.0935063204572812,0.340818702633085,-1.13063340861206,0.428585009008526,0.812907861105667,11.5721749500793,-28.1640486794909,-0.960834582854815,-56.46378914,109.464022276506
-0.198823682421476,-0.091042557485564,0.347707992792928,-0.992216663423196,0.232549728074149,0.793394672367676,10.5967620310078,-35.2148856178897,-2.84512917151712,-57.55513778,111.020393388895
-0.210764084067356,-0.0906187705992288,0.354824401252069,-0.889225848864322,-0.127186520445635,0.738990033453981,9.59658366605953,-37.2320102736291,-5.22328105690389,-58.98212142,113.292865230876
-0.220854220808894,-0.0929905458181866,0.361752862708979,-0.827660968550417,-0.616763551934995,0.654060829638724,8.69322602644144,-33.2754056304428,-8.1047164362739,-60.60350147,115.730220712218
-0.228501688278989,-0.0988912284316906,0.368876071669018,-0.799022687148223,-1.14617208199581,0.548265765507278,7.92830972764136,-24.277499142569,-11.2097096132364,-61.51634137,117.256496046578
-0.234821529863783,-0.107885163139959,0.375766750238281,-0.78076282862097,-1.58958955855163,0.434010614482921,7.22345620766854,-12.7793628429164,-13.9312552522984,-62.9087698,119.344320219366
-0.240783862742455,-0.119611755494752,0.381497229913926,-0.742246480036254,-1.8207052982822,0.323275815877753,6.39921685568733,-2.06414377970646,-15.4567705019362,-64.03393274,121.151542016604
-0.247512456249277,-0.134472481314977,0.385706405738909,-0.654499686775844,-1.75199662190001,0.224653925566635,5.25445902358082,4.99987032721415,-15.021786358091,-64.23998948,121.76695431778
-0.255217702844259,-0.151180706565345,0.387251993926251,-0.50037655059661,-1.3647918525532,0.141396166525981,3.67310544262191,6.97316057778068,-12.2047430264666,-64.79487804,122.142835684488
-0.263203337107172,-0.170019859277344,0.386935318070644,-0.281398227781194,-0.71953224783286,0.0710055020903249,1.7057407823466,4.33404227492039,-7.14429437636891,-65.13365982,121.736996034204
-0.269734118487231,-0.191843519076134,0.384599670469071,-0.0185847444524444,0.0578884805983045,0.0064905704353033,-0.420485155273184,-0.74297599569714,-0.584090096973643,-64.45229003,120.383223439516
