0.429307643757315,-0.0698067895050937,0.287536154669793,-0.222905199303829,0.486695854520203,-0.504194151924349,5.60055700922055,6.60509540310039,-52.2862824450876,0.76812138,0
0.426576775247807,-0.0654667204439298,0.285468932249458,-0.230640720645166,0.654048184978649,-1.07530793128178,10.9839742915489,-3.28675594272069,-58.7603168160812,0.68752451,0
0.423014141634394,-0.0575582505033727,0.276303020127081,-0.163700698203234,0.689359576281441,-1.69538548027794,14.5008675325412,-15.5081002060543,-52.2990235907554,-1.72756845,0
0.420776632325864,-0.0486399941441355,0.257118031820063,-0.0361709158348747,0.562057137078164,-2.23160694986725,14.6606448799719,-26.0769152467876,-34.5263948203136,1.9713418,0
0.420469244588937,-0.0423902683695129,0.232287023461495,0.113779612466544,0.295973361832639,-2.57433948504291,11.3472904827709,-31.6756360279415,-10.9452554402644,-1.17955958,0
0.422222223619043,-0.0404946964631179,0.205707301308448,0.240871914276239,-0.0424278060482497,-2.67348238056064,5.87317024413757,-31.1012429890192,11.5878304126635,1.76319527,0
0.425505255486286,-0.0425163390864381,0.180064625835911,0.312453141949216,-0.373861514632069,-2.5478771977663,0.321994839468968,-25.6178615588204,27.7123782983056,-1.15540863,0
0.428978160675656,-0.0469425057632017,0.15663923113134,0.32097124026528,-0.638460285374248,-2.26674280267738,-3.44838879794483,-18.0985777165611,35.3232940403361,0.27465811,0
0.431677563167679,-0.0527749189503492,0.135360479182052,0.283566362439929,-0.814803840618872,-1.91572100341025,-4.59323974353981,-11.5096376270696,35.5443450722125,0.53153563,0
0.433705558789476,-0.0598815094088494,0.115411391313564,0.230469400223252,-0.918513837122226,-1.56570101005938,-3.4617147773191,-7.58601983274118,31.282696560822,0.11641509,0
0.435580091624403,-0.0684478595688631,0.0978519140091264,0.189658114007492,-0.984529918634215,-1.25756290508965,-1.19409648004709,-6.33835149340134,25.4116879839667,0.18869699,0
0.437783317779502,-0.0783095770426778,0.0845122002205134,0.175769534639819,-1.04481816124122,-1.00492033735453,0.995325595318062,-6.51671528866374,19.6770008290403,-0.25739669,0
0.440083587557137,-0.0892641835657759,0.0751224490979693,0.188039491929749,-1.11366716250707,-0.806396624362538,2.32204523636538,-6.56899485405394,14.6873374370669,0.4725803,0
0.441990953002354,-0.100826966996425,0.068007869743884,0.215420607583451,-1.18596950046006,-0.656373696504872,2.55110350379607,-5.51099163619187,10.6313294401981,0.47835282,0
0.444579669331209,-0.113010382876832,0.0617696664584502,0.244074562379262,-1.2460743438041,-0.547681263683696,1.77115711172158,-3.25904876096573,7.90177128402011,0.31251012,0
0.446912274649363,-0.125497864609001,0.0561539793566361,0.262366173160708,-1.27958666715656,-0.468224470384511,0.132909180471323,-0.406498981184173,7.05162283273162,0.38023271,0
0.448871597499214,-0.137831694011543,0.0506681768652287,0.262045410015513,-1.28102960306922,-0.398957155042524,-2.20716488851319,2.26592092915719,8.14105211502791,0.53470247,0
0.451603237095186,-0.150366577838999,0.04659622790175,0.237631218382523,-1.2546474765925,-0.319319900115831,-4.9139646359499,4.17975924521565,10.1060963161286,0.38946919,0
0.453863201635339,-0.162802584924605,0.0439970582724058,0.186987361465141,-1.21045929752623,-0.219397599537285,-7.29633479046262,5.07368370083302,10.8508439550747,-0.31744495,0
0.455519890501546,-0.174846480929937,0.0423964850577756,0.113987641557747,-1.15966465582926,-0.110916692992734,-8.3965152963596,4.91048319032386,8.26132053571578,-0.34134236,0
0.456878676622647,-0.186614973753148,0.0409590783115912,0.0310564186431206,-1.11220301099318,-0.02752081964155,-7.41278562639239,3.76542365097806,1.62624501149567,-1.00634433,0
0.45762910589275,-0.198110272981071,0.0402155525168112,-0.0418720214477684,-1.07645496257189,-0.0103504312660813,-4.23382748409854,1.82347856519978,-7.46447602401919,-1.77739334,0
0.457801058174117,-0.209263942857472,0.0389694513099379,-0.0835783121816272,-1.05922456605871,-0.0845167899607581,0.274812715563124,-0.542428937237574,-15.4759903132739,-2.0504598,0
0.456717074667342,-0.219638464419995,0.0384580885141266,-0.080944250448696,-1.06446757544258,-0.239363038737152,4.52127023540613,-2.75270232367283,-18.5162878659653,-2.18649776,0
0.454895108706025,-0.229746348192966,0.0368455969696332,-0.0362802111992995,-1.09112262855066,-0.424941246317705,6.89784863885447,-4.16304479318789,-14.3607349109275,-3.40410818,0
0.454371457396016,-0.240272544627073,0.0342146009123132,0.032175163643644,-1.13192171450861,-0.568944582239101,6.56635242974863,-4.33121699676177,-3.75555813662477,-3.42405396,0
0.454659312804218,-0.251751942509247,0.0286546205314325,0.0976260385443374,-1.17489592859711,-0.606661135691406,3.86198665346918,-3.24322170184937,9.77516223291428,-4.07169601,0
0.456232510180465,-0.26399347750468,0.0212039186886811,0.136343379372962,-1.20748305793228,-0.50883572692944,0.0923207909948808,-1.34902153217637,21.5846937357394,-4.71254853,0
0.458297214090689,-0.276423780330691,0.014203136896221,0.137492586755541,-1.22133244591856,-0.292817711698769,-3.20078441002185,0.658018591974139,28.0897377947196,-5.45177286,0
0.459806694731933,-0.288615408159762,0.0108246383114203,0.105656464880502,-1.21502517182669,-0.0117903428593988,-5.05877754625404,2.19988932025707,28.3049529387105,-6.01846806,0
0.460131447273187,-0.300139606025841,0.0124280448935582,0.05511561585219,-1.19310085708318,0.271294709064439,-5.49358736608806,3.08049002503948,23.9553550615855,-9.23841959,0
0.460121780941658,-0.311897769117875,0.0171396167107871,0.00014016368134339,-1.16223305615999,0.510818299401035,-5.30441576798862,3.54950239849084,18.2015193782406,-12.21916105,0
0.460055710630159,-0.323590643107782,0.0224764333593883,-0.0529571694937104,-1.12665352231289,0.692793240210645,-5.42857472503856,4.10466580835382,13.81102488563,-15.22705262,0
0.459939754619848,-0.335229779980817,0.0280069456011783,-0.107242916744096,-1.08560686422935,0.830903489066944,-6.30810961767129,5.1887877001141,11.8659133615143,-18.04201791,0
0.459113142949626,-0.346161995674941,0.0348544461210101,-0.170324012920809,-1.03371898722821,0.949562622682088,-7.60690421094182,6.95982182944331,11.542959739121,-21.95307346,0
0.457669910817997,-0.356552182614698,0.0442885556591582,-0.246393055030227,-0.964120768933778,1.0649922200733,-8.46237606354188,9.19873675262542,11.0543940485039,-25.85933074,0
0.455263319945653,-0.365958759758429,0.0550881900346485,-0.331016815665646,-0.872133401407524,1.17553616055834,-8.07101659623621,11.4347829608184,8.93063219582272,-30.62917936,0
0.451496910415424,-0.374533428855789,0.0678621361476059,-0.411726981628008,-0.75778557179934,1.26484248251656,-6.22534278152621,13.1593316222859,4.88573762870395,-33.88069483,0
0.447119997802816,-0.382120462729737,0.0813893829463519,-0.47398040944327,-0.626192255576481,1.3136998588036,-3.48287359880868,14.0132586892158,-0.148149588709639,-37.81691964,0
0.442454705310566,-0.388422101228565,0.0945532843088909,-0.508809145431357,-0.486059668684323,1.31221836291651,-0.888873815705972,13.885527650301,-4.70845660388357,-41.44248667,0
0.437570468943102,-0.39341250789429,0.106856867330028,-0.517697883588417,-0.347204392181313,1.26513379687767,0.564448301204434,12.9103269761546,-7.67815017806068,-44.99679363,0
0.432538431811394,-0.396951681664562,0.118726509139243,-0.512053400576372,-0.218101122419766,1.18835229509706,0.437176855701415,11.3853850394591,-8.80243158492017,-47.84949248,0
0.427033593886499,-0.39905047377494,0.130103385333957,-0.507681632019358,-0.104247272025175,1.10032797924786,-0.97447439695137,9.6587712725859,-8.63615730431411,-50.84551563,0
0.422834331706201,-0.400352733219424,0.141925698351713,-0.517426375988872,-0.00765955929931586,1.01396640620472,-2.82268709033246,8.01274413798406,-8.06023202917363,-53.190248,0
0.417109319798036,-0.399917928767653,0.152545914625428,-0.545653246892196,0.0724678820805247,0.933364085912985,-4.16243548607507,6.59336798775631,-7.75730842569807,-56.20639795,0
0.411283052613316,-0.399097358729169,0.162232522866324,-0.587277601752947,0.138401561958088,0.855791001656004,-4.3955809167522,5.40683654863694,-7.92161076699823,-58.47839498,0
0.405350569228176,-0.397968514326498,0.170737825074295,-0.631233410920469,0.192469927444457,0.776574893986022,-3.50742375761296,4.38240357795671,-8.31208394628161,-59.81447759,0
0.399439775398717,-0.396356274109417,0.178052640468408,-0.666307648496599,0.236293963224024,0.693454054523206,-2.0370121014153,3.47278222546989,-8.49069359908438,-61.58709772,0
0.393016135592648,-0.393954609777953,0.184404503958054,-0.686677769510752,0.271021785478723,0.608547118532362,-0.759653656115885,2.71283529840603,-8.07026791192311,-62.87543798,0
0.386155195863042,-0.391092571397577,0.190277883513405,-0.694274306071911,0.298150138462784,0.527844439413131,-0.29280475088204,2.19865041490947,-6.84956220838947,-63.74501453,0
0.3790027238401,-0.387969746443967,0.19604242311487,-0.697202353580731,0.320136642611878,0.459348817329236,-0.82837782120756,2.00107546036868,-4.8604597527759,-64.14414055,0
0.371635245928335,-0.384682893701925,0.2013194580478,-0.705486131792807,0.340147397215565,0.410744219801477,-2.0335370232545,2.0487534142813,-2.38156036577583,-64.14347502,0
0.364502703471055,-0.381323805447335,0.205607189222553,-0.725821502025352,0.360634931358378,0.386928616143719,-3.27274389591922,2.09979839349716,0.0574646624744893,-65.29800837,0
0.357647245995163,-0.37787912642076,0.209026493954331,-0.758548940984544,0.381632915293349,0.387503262768464,-3.86471398499168,1.80346312305143,1.78809341584626,-65.7459922,0
0.350284870902532,-0.374172592155849,0.212217230192735,-0.797196080834461,0.399667546523864,0.405384196926926,-3.44182231294891,0.896606972442457,2.20755319839937,-66.45384106,0
0.342699174299857,-0.370230349779193,0.216340732517127,-0.83161430396395,0.408633616248288,0.42745972891092,-2.07591313249447,-0.615592382909689,1.10564967425526,-67.31419632,0
0.33411678229509,-0.366049039357449,0.221010171911679,-0.852373435288894,0.402477692419192,0.438516225653473,-0.20605498778174,-2.3979444585603,-1.13042155419959,-68.78293778,0
0.324502705050985,-0.361789286683271,0.225609097560991,-0.854433985166712,0.378498247833589,0.427212010111477,1.57485279946739,-3.87555633669252,-3.5635769314282,-70.51738012,0
0.315741579637107,-0.357844974869721,0.229604997292972,-0.838685457172038,0.339742684466664,0.391576240797195,2.75411617093293,-4.46901754392002,-5.09367910799044,-71.21675528,0
0.308960128135757,-0.354889956691439,0.233837198723178,-0.811144295462709,0.295052509027463,0.34063944971729,3.08545443318733,-3.85789803993632,-5.00301353145726,-72.33707315,0
0.300959966101216,-0.35200720893229,0.237164006764187,-0.780289751130835,0.2564735286281,0.290609314402718,2.60544271130991,-2.12863939440525,-3.37274526331127,-73.02852278,0
0.292091435394099,-0.349085587803778,0.239735052332497,-0.754235324017736,0.235187134684048,0.256881861769605,1.55260429747845,0.258312759004623,-1.0881621247182,-73.77161449,0
0.284870757125719,-0.347012353422302,0.242474196146121,-0.738709281042952,0.237770262274094,0.246000240522423,0.226903117205078,2.67158865237523,0.600963249441931,-74.3970459,0
0.277418262829825,-0.344412711681395,0.244765758650651,-0.736440249870901,0.264486148797846,0.252009873016842,-1.04809064892836,4.54701042699377,0.740438423147004,-76.03362316,0
0.2702234473739,-0.341974935615043,0.24721577785264,-0.746921156360184,0.309956253067784,0.259414257248312,-1.97548471125659,5.57976084428456,-0.809505995792107,-76.12317508,0
0.262180313587846,-0.338819139472,0.250584398397473,-0.76667600347275,0.365753861510629,0.251319197290391,-2.36648822928096,5.77347065758584,-3.28438729872593,-76.82408266,0
0.25509688905904,-0.335059473370401,0.252322360265629,-0.79034088576556,0.423488568086488,0.218475324303132,-2.14150401623889,5.34622752033967,-5.43972392642325,-77.76998817,0
0.247213570360202,-0.330780691720454,0.254653405957563,-0.811755925927949,0.476950843289884,0.1640780850389,-1.46344113431119,4.59146060013533,-6.19548821803156,-78.44487782,0
0.239215969770871,-0.326109659363893,0.256274744401502,-0.826390337271061,0.522865449291238,0.102123202858584,-0.691061624025667,3.74484964866101,-5.19207399118293,-78.52800746,0
0.230739521695161,-0.320993766666542,0.257820339221096,-0.833300953511318,0.560313945777848,0.0502024629467547,-0.30051270035278,2.9344968940162,-2.90352615397562,-78.67614211,0
0.222277071509117,-0.315396496104462,0.258309458668255,-0.836306080514845,0.58965891471801,0.0211672014069985,-0.641606532764694,2.18846519874208,-0.32270344429248,-79.81827222,0
0.213926064261005,-0.309380922829623,0.257704309732423,-0.842722145842492,0.611543566705431,0.0179401669640737,-1.72377897082816,1.4866961519327,1.60804538954914,-80.57811976,0
0.205411209691505,-0.303185460214109,0.257691357294978,-0.859959935550774,0.626410528224758,0.0340206208595651,-3.14991773856812,0.789962615632389,2.4941784248796,-81.83387045,0
0.196957247914279,-0.297046670882869,0.258855628390806,-0.891459112936455,0.634310154381082,0.0589624051083611,-4.27123758329887,0.0551330144509339,2.62906794676632,-82.12988501,0
0.188159768164746,-0.290685924016396,0.25959185260066,-0.934171488769444,0.634861484525591,0.0852530845760242,-4.49549577689438,-0.766718942123684,2.72406391850188,-81.7263517,0
0.178962072200427,-0.284386534199776,0.260322854087261,-0.979126446538387,0.627194295104354,0.112493723761043,-3.61226709712513,-1.72650924047994,3.42108544009827,-82.61114106,0
0.168775153810274,-0.278026181428647,0.261085002021561,-1.01524911750964,0.609929202699555,0.146704578162026,-1.90507709224791,-2.8317968089442,4.81486949308469,-82.2091271,0
0.158943584630359,-0.271993523649359,0.262606011260646,-1.03429988843212,0.581611234610113,0.194853273092873,-0.0110512071246287,-4.00863792681749,6.3750287132531,-82.00451871,0
0.148725064261572,-0.266181224858242,0.26449497936475,-1.03441040050336,0.541524855341938,0.258603560225404,1.40005352898651,-5.06627839751866,7.21185030156598,-81.76921681,0
0.137631741412986,-0.260634161135556,0.267368591023396,-1.0204098652135,0.490862071366751,0.330722063241064,1.95608692023018,-5.73621073995539,6.5918555856953,-82.08809033,0
0.127595699406284,-0.255898456999826,0.270760564073621,-1.0008489960112,0.433499963967197,0.396640619098016,1.71141753740483,-5.75808153428618,4.41689097276996,-81.71677408,0
0.11802971366252,-0.25164474979711,0.274337584086992,-0.983734820637149,0.375919148624335,0.440809528825716,1.04161919805359,-4.99550780301042,1.35313100484935,-81.35376956,0
0.10823041649314,-0.247715203119966,0.278768949575999,-0.973318628656613,0.325964070594231,0.45434083887421,0.375092287816398,-3.5194377311362,-1.44834432116212,-81.14973328,0
0.0989230087829743,-0.244424755174198,0.283375824501921,-0.969567705778449,0.290769693282869,0.439857395662588,-0.0488805970478903,-1.61561104766098,-2.90575933135743,-81.25390067,0
0.0879914697530011,-0.241258000806914,0.287741484453243,-0.970056511748928,0.274613582806259,0.410799802349014,-0.257205773667815,0.297363005750326,-2.52856337250102,-81.01059662,0
0.0797081404391615,-0.239204851325404,0.292551230342765,-0.972628569485606,0.277587212863763,0.385514168624004,-0.435207018763264,1.811727492414,-0.634665615628601,-81.24659337,0
0.0682435059480641,-0.235974665933516,0.296044578224598,-0.976980639673239,0.295704487787903,0.379167512467718,-0.727833809746673,2.66035113588561,1.84875335603923,-80.91852399,0
0.0589354758534874,-0.232963640488603,0.299367853719201,-0.984258977770706,0.322307999146759,0.39765504602811,-1.06953465065553,2.77031185941741,3.86595208773234,-80.79114914,0
0.0503671354945277,-0.230172461428661,0.303156958987424,-0.994954324277261,0.350011117740933,0.436314566905434,-1.17021127430807,2.2183803453597,4.72618821443644,-81.40589416,0
0.0401543602260388,-0.22640223381616,0.307587597197731,-1.00665643702034,0.37219492119453,0.483576449049798,-0.622767752972261,1.11011762701439,4.37090431418992,-81.75368774,0
0.029285912928663,-0.222379184265933,0.313159927528399,-1.01288411455006,0.383296097464674,0.527285492191697,0.896905436520022,-0.508511342453196,3.2964073302251,-81.2118893,0
0.0193776463019671,-0.218780085662991,0.318443455784278,-1.00391506018486,0.378210984040142,0.560249565493948,3.46407052716142,-2.67572254752274,2.2389876518708,-81.30103394,0
0.00945523238542035,-0.21511437796541,0.323765215128357,-0.96927435491325,0.351453758564914,0.582639442012656,6.79521064646094,-5.40095394319412,1.80268361286155,-81.55674546,0
-0.00060785402163955,-0.211553210254036,0.329458496078056,-0.901322248448641,0.297444219132973,0.600666278141272,10.2918944573411,-8.51519990860544,2.22733466369231,-80.67699719,0
-0.0101179805026936,-0.208436306504446,0.335389055935827,-0.798403303875229,0.212292220046919,0.622939624778195,13.1622137320932,-11.5637997768106,3.35024132253088,-80.85698446,0
-0.016071943131339,-0.20667471654341,0.341409400068177,-0.666781166554298,0.0966542222788132,0.656442038003504,14.6082041851315,-13.8305879831353,4.71019194185033,-81.23501045,0
-0.0229588385249152,-0.205633209987305,0.347993153412765,-0.520699124702982,-0.0416516575525396,0.703543957422007,14.0950127445534,-14.5770946580523,5.73229499505235,-81.61908285,0
-0.0304858342943248,-0.205558991257128,0.355606988737239,-0.379748997257449,-0.187422604133063,0.760866907372531,11.5444479962475,-13.3463321943404,5.89443167838744,-82.23798234,0
-0.0327523891977335,-0.207702023449786,0.363119125296996,-0.264304517294973,-0.320885926076466,0.819811224156405,7.48518482956244,-10.2610453009187,4.8873823109589,-82.70529157,0
-0.0362737937708912,-0.210851344072238,0.371554297208562,-0.189452668999349,-0.423496379085654,0.868685047265994,2.88421013143408,-6.06640785274942,2.75541084936338,-83.62945972,0
-0.0367482880570505,-0.215460126119434,0.379705016580367,-0.160610567685008,-0.484160457613148,0.896239155759628,-1.13347890912193,-1.91445640969824,-0.0635841051450465,-83.84966682,0
-0.0391347966474219,-0.220067819779309,0.388439907077594,-0.171945356776228,-0.50330502171013,0.895603314708177,-3.68732329359705,1.06827872151872,-2.80136277885037,-85.97408284,0
-0.040809088904465,-0.225055852622718,0.397492660254319,-0.208818589712198,-0.492622234494943,0.867589686919674,-4.49472030907125,2.26598120599151,-4.63898281497495,-86.32904366,0
-0.0426759030207749,-0.229765442967647,0.406144164854005,-0.25376579280291,-0.469962422435028,0.821199858769924,-3.94528143974663,1.82857858113714,-5.07212868659597,-88.12763875,0
-0.0455197229562868,-0.234719835985988,0.414750187918712,-0.293218607200377,-0.451676636623657,0.770478571903964,-2.89934398166601,0.608598201672633,-4.2005817794648,-89.60772033,0
-0.0486799412400551,-0.239343143710417,0.422679013634335,-0.322212047017037,-0.445590654606931,0.728472754109316,-2.25871445921739,-0.250809182666235,-2.75629643558457,-91.27719438,0
-0.0515522154528952,-0.243792909507595,0.430076432494886,-0.344799191609211,-0.448098746433593,0.700909789753471,-2.54403845026778,0.126322126779215,-1.78371873444449,-92.22739122,0
-0.0553581516292275,-0.248243137991558,0.436819664078144,-0.370239576111889,-0.446835525165801,0.683072602409026,-3.67391336236087,1.91749333188491,-2.09438524859851,-93.53694981,0
-0.0580916943322156,-0.252390909991863,0.442352766563076,-0.406978709735497,-0.427660591846952,0.662128749923041,-5.04111809053444,4.50386915487037,-3.80797742623837,-94.86332905,0
-0.0630028904515694,-0.256436714272213,0.449737631270317,-0.457389890640842,-0.382621900298248,0.624048975660657,-5.87629803040461,6.79441436093261,-6.21857515336747,-96.09211805,0
-0.0676787128642626,-0.260606587202303,0.456411070801979,-0.516152870944887,-0.314677756688922,0.561863224126982,-5.59389680065191,7.76647236544214,-8.11872847738806,-97.43122771,0
-0.0723197018212116,-0.264436035930719,0.462028466581131,-0.572091838951407,-0.2370130330345,0.480675939353102,-4.07136104695939,6.99581384053826,-8.39201424276581,-98.91353994,0
-0.0780893632659001,-0.26665577220241,0.467401183256182,-0.612805449421001,-0.167054894629118,0.396755796925444,-1.62612951440303,4.86388489859971,-6.59592480232905,-99.99725341,0
-0.0845440674891938,-0.267692313296793,0.470992265212804,-0.629066744565031,-0.118416045643121,0.330796548902153,1.19605115785195,2.35806222310452,-3.20039282373867,-99.98780052,0
-0.0910522882197427,-0.268579563988415,0.473635826768074,-0.617106232986512,-0.0948354234120754,0.298792620664766,3.89619494331318,0.564776421046198,0.62191278874411,-100.6814043,0
-0.0969173737959547,-0.26979089893472,0.476265369315193,-0.57814428355338,-0.0891876592016134,0.305011748552208,6.20030257116905,0.112523392625405,3.50161423346687,-101.1415512,0
-0.102333125752504,-0.271119585456606,0.479556615749093,-0.516141257841689,-0.0880624252753593,0.340027890886876,8.0156864173892,0.882741502563239,4.4178970540256,-101.88955451,0
-0.107566357459065,-0.272037403495682,0.483507239894949,-0.435984393667797,-0.0792350102497269,0.384206861427132,9.3089208709876,2.09712838813136,3.04848168284069,-102.74507926,0
-0.112359146253174,-0.272661798002643,0.487958838811441,-0.342895184957922,-0.0582637263684133,0.414691678255539,9.88477415200056,2.77379524181717,-0.227606963302136,-103.16775613,0
-0.115860079161403,-0.273045629240945,0.491933811347559,-0.244047443437916,-0.0305257739502416,0.412415608622518,9.43428343301499,2.23311365108914,-4.52283024209153,-103.9131329,0
-0.118086385725063,-0.273363722478438,0.495441304599381,-0.149704609107766,-0.00819463743935027,0.367187306201603,7.60005300826334,0.466341662561944,-8.79241839382176,-104.81624805,0
-0.119168902282602,-0.273751888591003,0.498643628078689,-0.0737040790251326,-0.00353122081373084,0.279263122263385,4.28849338350226,-1.898896737485,-12.0879504269074,-105.24563835,0
-0.120306043631471,-0.273487702465452,0.501325718300796,-0.03081914519011,-0.0225201881885808,0.158383617994312,-0.153607097266672,-3.93968204124585,-13.774736338998,-104.4270173,0
-0.120605535673395,-0.273898624529871,0.50341570662136,-0.0323552161627767,-0.0619170086010394,0.0206362546043318,-4.91346035245298,-4.90854944930669,-13.6625438681058,-104.9080556,0
-0.121176681755673,-0.274326435447329,0.504326970425496,-0.0814898196873065,-0.111002503094106,-0.115989184076726,-8.95598331443282,-4.56760695094253,-12.0534926214112,-103.29837876,0
-0.121815020221627,-0.275456566157659,0.503086346585414,-0.171049652831635,-0.156678572603532,-0.236524110290838,-11.4535508573225,-3.22949095647846,-9.69663119680749,-101.67262096,0
-0.123269044073087,-0.277149800298541,0.500312080813121,-0.28558516140486,-0.188973482168316,-0.333490422258913,-12.0784484180811,-1.52645544614003,-7.60186635507931,-99.45829486,0
-0.126015773785771,-0.279050525987684,0.496660118979663,-0.406369645585671,-0.204238036629716,-0.409509085809706,-11.1316823542058,-0.0488957587905109,-6.70440087557803,-97.81715798,0
-0.130403702916617,-0.281266488159401,0.492471018804401,-0.517686469127729,-0.204726994217622,-0.476553094565486,-9.43913298690483,0.947612864688014,-7.5092041299293,-95.31613937,0
-0.135834274463845,-0.28308843509663,0.487617241923043,-0.612077798996777,-0.195250865570742,-0.551645135864779,-7.86947366884353,1.57430642169137,-9.86711061680863,-93.32269219,0
-0.140814212470184,-0.285310147081034,0.482773905252204,-0.690772535685213,-0.179507801353828,-0.650316242032865,-6.94897516710321,2.14486167473952,-13.0249551054982,-89.32767741,0
-0.149291409466677,-0.286386252171565,0.476049805619141,-0.760262287356245,-0.158059184606433,-0.780565793087848,-6.68865607789134,2.92280906931354,-15.9281613141535,-86.59960121,0
-0.156850316661597,-0.288117508484735,0.468475080330677,-0.827148848135158,-0.128831093913297,-0.939847406229383,-6.59447061533572,3.9198289602293,-17.6706886046761,-83.47699106,0
-0.163731928768994,-0.290092750133627,0.459334085401366,-0.893093554288516,-0.0896328043110042,-1.11655429227614,-6.04383339855899,4.89094488435841,-17.8216043274428,-81.09574186,0
-0.173030098276896,-0.290740250880022,0.447470848950507,-0.953531888274106,-0.0407233554674201,-1.29477033555057,-4.60947171626577,5.47014824822817,-16.5105464182116,-77.4596391,0
-0.182536585222861,-0.291390478528841,0.433932648290842,-0.999626605436764,0.0139781270148616,-1.45987579973269,-2.29982025336481,5.37711473996263,-14.2266558270872,-74.81556661,0
-0.193087220978885,-0.290740160297434,0.419687476012252,-1.02262480797041,0.067749274414488,-1.60214235800356,0.501600638889437,4.53365304977138,-11.4793889651391,-70.42661266,0
-0.203497501021655,-0.289948986490476,0.404494900618435,-1.01760880158152,0.113085804912202,-1.71693624765495,3.30370541327993,3.05338113401817,-8.56088561553711,-68.25876177,0
-0.213478552066949,-0.289096686540724,0.387682097333683,-0.984571747448718,0.143619616252383,-1.80254510381032,5.79179882156492,1.11842561783412,-5.54608406113682,-65.6260747,0
-0.222958456775742,-0.287747244563373,0.368990771740399,-0.926653759233069,0.154803872430725,-1.85800594442169,7.96143902770954,-1.1538766093685,-2.50697058982559,-63.5631385,0
-0.231921694807659,-0.286431770183924,0.349696372058699,-0.847039368955973,0.14326510633704,-1.88307565031995,10.0336622509976,-3.75089312714316,0.289490005009438,-59.36342475,0
-0.241444901309726,-0.284394951224626,0.331048066562549,-0.746702746445997,0.105756175065608,-1.88018075026985,12.1559787018116,-6.69597864885976,2.38896467132322,-56.72301487,0
-0.247351399534831,-0.283735640009716,0.312706413845178,-0.625142959427882,0.0387963885770105,-1.85629110355662,14.2419223140721,-9.91367060358816,3.35982394872171,-53.44791189,0
-0.254707808917546,-0.283241443574296,0.294580205268805,-0.48272373628716,-0.0603403174588711,-1.8226928640694,15.8771265459755,-13.1150228573836,3.0693030735319,-50.39390894,0
-0.260052548488286,-0.28397646612496,0.276167337358367,-0.323952470827405,-0.191490546032707,-1.79199983333408,16.5874011867409,-15.8350918031754,1.80191133073503,-47.27886035,0
-0.262552465780926,-0.285954685829155,0.25800885258267,-0.158078458959997,-0.349841464064462,-1.77398072002673,16.1519076951727,-17.603016960222,0.133718700596094,-44.15359067,0
-0.263842906902913,-0.289142849452242,0.240290808799563,0.00344061799173063,-0.525871633666681,-1.77264353302077,14.8152678487292,-18.1735009734903,-1.31667394104299,-40.72606669,0
-0.264004604851326,-0.294460070940265,0.222368001766883,0.151593296479022,-0.707606643401584,-1.7858102724312,13.2655102339782,-17.6894155890497,-2.10341648690298,-37.43250464,0
-0.262960043794497,-0.301505335590305,0.20423899071533,0.284248398818804,-0.884500799292081,-1.80684443730023,12.2766840878756,-16.6621948793713,-1.98220235203764,-34.59168997,0
-0.259931504668673,-0.3105568900749,0.186762736643747,0.40701523969756,-1.05112274808579,-1.82666646082061,12.3102601989211,-15.7580190261061,-0.836849938835425,-32.60020214,0
-0.255444130167706,-0.321081603328209,0.168736780303208,0.530117841686771,-1.20870293834686,-1.83503496020896,13.2556576805306,-15.4949830966371,1.31067008467884,-29.26728273,0
-0.249930438711115,-0.333119663301588,0.150353422070696,0.662674418492078,-1.36365276931323,-1.82192825936217,14.505741459707,-16.0062708166572,4.08844136469076,-27.34361641,0
-0.24453210269704,-0.346406903417174,0.130989671731167,0.807731833089147,-1.5237154774798,-1.78104384571527,15.3239568046563,-17.0176197664802,6.53903037462201,-25.20997949,0
-0.235330272047723,-0.362314876879545,0.114044982816021,0.96097140113571,-1.6938916751446,-1.71565354196905,15.2849041830341,-18.0483411073003,7.21935624878882,-21.98980091,0
-0.226407831261604,-0.378948698918434,0.0970968103982205,1.11382044296605,-1.8743750862176,-1.64345997948116,14.509108628692,-18.7079901056284,4.8949515637191,-20.34968785,0
-0.214700801080666,-0.397435531439111,0.081081644747311,1.25891152925297,-2.06145498727389,-1.59451046384397,13.5343179735077,-18.9103857326779,-0.415995145820528,-18.55350389,0
-0.202255461370484,-0.417876905131087,0.0651955346754134,1.39425470898805,-2.25055884460067,-1.59867041530217,12.9172705119805,-18.8295310228246,-6.7792561557529,-16.87290674,0
-0.189809154573364,-0.440348222232306,0.0483757046950925,1.52342741410785,-2.43885415482891,-1.6664629768597,12.8269066526559,-18.6549834736816,-10.8632036683614,-14.93738553,0
-0.172012280900196,-0.465536033485847,0.0302822971385499,1.65169648063441,-2.62540398956573,-1.77509501354332,12.9056911733493,-18.2852679828848,-9.80067736567599,-13.25935776,0
-0.155484176595693,-0.491894569190125,0.0124421522153692,1.7807533923679,-2.80825666939458,-1.87310178720007,12.5049903030934,-17.2256317871486,-3.53632893062462,-11.68005698,0
-0.140077204083897,-0.519238803151411,-0.00489372083568527,1.90580329539884,-2.98051298726606,-1.90846507650632,11.1327163800868,-14.8184343103934,4.00382294177906,-9.72037901,0
-0.11982004221502,-0.549129380337973,-0.0217175287704373,2.01713045919971,-3.12869733037,-1.86842684708853,8.81469983602119,-10.7155886586156,6.28218718560556,-9.05963861,0
-0.100193967492653,-0.580305741409946,-0.0393122269937126,2.10527745755992,-3.23585321695615,-1.80560497523247,6.11119557693422,-5.32653607556477,-1.93610554630839,-7.81984036,0
-0.0788563401771744,-0.612706714496909,-0.058820953107558,2.16638941332926,-3.2891185777118,-1.82496603069556,3.7097447911456,0.131947643213895,-20.0732708362842,0.51545953,0
-0.0566159959349071,-0.645668554025924,-0.0802314013190167,2.20348686124072,-3.28779910127966,-2.0256987390584,1.97944511928076,4.08144006437105,-39.5796269884382,0.51082485,0
-0.0341929609239835,-0.678602829220995,-0.103111197023702,2.22328131243352,-3.24698470063595,-2.42149500894278,0.644109500145894,5.4250297870765,-46.3752904255367,0.51978687,0
-0.0122676482626353,-0.711078473427479,-0.127130416618851,2.22972240743498,-3.19273440276519,-2.88524791319815,-1.06434925620134,4.30181507811131,-27.6792411408877,0.48192503,0
0.0094095455997226,-0.743134622861324,-0.152190406590227,2.21907891487297,-3.14971625198407,-3.16204032460703,-3.79804204035606,2.26219941641475,19.9449869547651,0.37780463,0
0.0311146649046453,-0.774804962028028,-0.178601980930611,2.18109849446941,-3.12709425781993,-2.96259045505937,-7.57256563088732,1.70910628898782,85.9212821179101,0.33735217,0
0.0529331457879461,-0.805977283360914,-0.206384620656047,2.10537283816054,-3.11000319493005,-2.10337763388027,-11.5079917476387,4.73095718898757,147.863496848475,0.59276163,0
0.0744396972385402,-0.836488365762731,-0.232114090130555,1.99029292068415,-3.06269362304017,-0.624742665395523,-14.1941148822399,11.9751667721934,180.611750702192,1.22115408,0
0.095292059142914,-0.866819173280643,-0.24594324450691,1.84835177186175,-2.94294195531824,1.1813748416264,-14.4170639077639,22.1467670743377,168.058938125499,1.9332702,0
0.113798691202225,-0.896401778743109,-0.236686734437457,1.70418113278411,-2.72147428457486,2.86196422288138,-11.9014363285737,32.4812635159402,111.692534927264,2.23429538,0
0.130030217990121,-0.924354000418256,-0.203321931545413,1.58516676949837,-2.39666164941546,3.97888957215402,-7.56362996359853,39.9902491466316,31.0038063959891,1.86430004,0
0.14600365665834,-0.948851159404975,-0.155824284718239,1.50953046986239,-1.99675915794914,4.28892763611391,-3.10940031619164,42.8228693227703,-44.8820672695368,1.06341054,0
0.159572958038077,-0.96822398458395,-0.110894920952236,1.47843646670047,-1.56853046472144,3.84010696341854,-0.214196072891002,41.0564967314917,-90.3016347677984,0.36058321,0
0.175935964667316,-0.983672617581392,-0.0758876026637741,1.47629450597156,-1.15796549740652,2.93709061574056,0.332893260502671,36.4677002943185,-94.2351321070857,0.10305304,0
0.190820854920101,-0.994793595695575,-0.0509036666362845,1.47962343857659,-0.793288494463335,1.9947392946697,-1.02188458942883,31.4830975868896,-63.9806305586817,0.25479135,0
0.205377350129484,-1.00267093507093,-0.0334746615946132,1.4694045926823,-0.478457518594439,1.35493298908289,-2.9153990285587,27.8984907428687,-19.853842854321,0.58047471,0
0.220848716214966,-1.00784427283715,-0.0197228399648875,1.44025060239671,-0.199472611165752,1.15639456053968,-3.85105327062453,26.0842008112413,15.7915914462165,0.86474145,0
0.23408536656592,-1.01006641242722,-0.00581152177053411,1.40174006969047,0.0613693969466617,1.31431047500184,-3.01444921712026,25.0821199075018,29.2151333059047,0.98839633,0
0.248010745481793,-1.00952244496112,0.00993419488899767,1.37159557751927,0.31219059602168,1.60646180806089,-0.656928683506475,23.434372894829,20.2483459530205,0.93755389,0
0.261961733090182,-1.00650397708321,0.0273560753221294,1.3650262906842,0.54653432496997,1.80894526759109,2.08675513613825,20.2197495160675,-0.232499955299728,0.78945133,0
0.275910944476991,-1.00096314121889,0.0447342745274069,1.38589384204558,0.748731820130645,1.80662026803809,3.83351111706548,15.6520065354868,-17.9443447845561,0.65801682,0
0.289895274506345,-0.993256453505548,0.0607677060961361,1.42422895321624,0.905251885485513,1.62717682019253,3.66484306604496,10.9260542891823,-23.2765927858519,0.62150764,0
0.303950489861537,-0.983896589226583,0.0755602054251046,1.46087738387669,1.01451242837734,1.39441089233401,1.55447939862781,7.45219845177663,-15.455623988061,0.68190226,0
0.318456528474909,-0.973613525709391,0.0896141060237716,1.47642217786297,1.0890344128951,1.23985465245341,-1.71017817283889,6.01088693349405,-1.35424625856296,0.77712997,0
0.332829346804607,-0.962907494388883,0.102584516694776,1.45932039613458,1.14914328223004,1.22631218986778,-4.93327608818136,6.30316003114439,9.62589724868876,0.83394152,0
0.348046191350739,-0.951862889962906,0.115381560669587,1.40998763525276,1.21217488254149,1.32257116235466,-7.07529247468685,7.18946379166545,11.0512557146679,0.82551998,0
0.362197632641713,-0.940041895715933,0.129049344521296,1.33923471050589,1.28406952045814,1.43308371950134,-7.66319922919213,7.40657981657112,2.44501295501645,0.78634493,0
0.375477815693002,-0.927030434377322,0.143918431690369,1.26260271821397,1.35813531862385,1.45753384905151,-6.87045967306579,6.3132975012427,-11.3855970278239,0.77225955,0
0.38780769087759,-0.913101442629898,0.15866868392853,1.19389812148332,1.42126829363628,1.34367787877327,-5.41491950927907,4.23906549004256,-23.6040896865343,0.80884652,0
0.399568985439367,-0.898594877101625,0.171635758228136,1.13974892639053,1.4636589485367,1.10763698190792,-4.1784250344969,2.23748631251318,-29.0147705422034,0.87265839,0
0.411253257224991,-0.883954623715972,0.181501809878082,1.09796467604556,1.48603381166184,0.81748927648589,-3.85040890003174,1.44609188373473,-26.1881890992685,0.9155915,0
0.422557875566942,-0.869376812625903,0.18953106567859,1.05946058704524,1.50049473049918,0.555607385493206,-4.77329884575712,2.45875665390755,-17.3702197795393,0.9141912,0
0.432833256319299,-0.854584244356429,0.195638551307965,1.01172759858767,1.52508229703826,0.381905187697813,-6.77756357126487,5.01409059502621,-6.74589321907198,0.89186541,0
0.443275749555007,-0.839428279861666,0.199538443270321,0.943951962875019,1.57522320298852,0.314446255507093,-9.31113746161717,8.17998959275994,1.70687903072106,0.8839896,0
0.452229932993298,-0.823540860269231,0.203352127486802,0.850840588258848,1.65702309891612,0.331515045814304,-11.5793415154369,10.8450527628732,5.69391415720201,0.89723387,0
0.460453296808296,-0.80680012442182,0.206475528748131,0.735047173104478,1.76547362654485,0.388454187386324,-12.8313688626978,12.2487477639351,4.97487803895559,0.91463401,0
0.469014615533142,-0.789275725268288,0.210187945819818,0.606733484477501,1.8879611041842,0.43820296777588,-12.5832770630119,12.254146517099,0.85215041814268,0.92370026,0
0.473992085643919,-0.770203868156187,0.214498428932167,0.480900713847381,2.01050256935519,0.446724471957306,-10.8235155421026,11.2877151175159,-4.71422783123294,0.92742825,0
0.47901337905235,-0.750154067459476,0.218919822657025,0.372665558426355,2.12337972053035,0.399582193644977,-8.00393789435494,10.0141564035571,-9.89078389053761,0.93503121,0
0.482809611372575,-0.729007056801852,0.222757624007643,0.292626179482806,2.22352128456592,0.300674354739601,-4.89689124908309,8.97507403468861,-13.4247908435196,0.94828932,0
0.486383474608928,-0.707034504011772,0.225537576586238,0.243657266991975,2.31327202491281,0.166426446304405,-2.30772417421693,8.34882571364694,-14.7575910054626,0.96075862,0
0.488234615494022,-0.683716918818696,0.227653855848523,0.220580025249806,2.39676028204928,0.0188505362497785,-0.796672211606654,7.94620807490583,-13.9216784584416,0.9738537,0
0.490312910283131,-0.6596789884213,0.227953431666251,0.212613303133739,2.47622236279834,-0.120366248334638,-0.499374555682348,7.37870546405598,-11.3398692730244,1.00186045,0
0.492126456427071,-0.634831665946615,0.226621767961727,0.207619557576916,2.5500094174389,-0.233764941064882,-1.12437646877517,6.30040781456747,-7.59034556711637,1.04555782,0
0.49484976835905,-0.609552716392062,0.22401994665365,0.196375792889164,2.61301349558457,-0.309668396736046,-2.15810788554765,4.6709365157389,-3.43067657223736,1.07854997,0
0.496444714632172,-0.583401530515311,0.221066445515554,0.174794714033687,2.65972286074196,-0.343975162458419,-3.05223174605149,2.69620507701267,0.4851064372881,1.08034785,0
0.499037353239455,-0.556832310881037,0.217933757880874,0.144272396573172,2.68668491151209,-0.339124098085539,-3.47551413986435,0.754288421298143,3.60837627968132,1.06712268,0
0.500291939888086,-0.529907921805437,0.214544807217314,0.109517255174529,2.69422779572507,-0.303040335288725,-3.35167155523401,-0.813705221002212,5.58161220569021,1.06581761,0
0.500182373528166,-0.502789005661793,0.211108939834534,0.0760005396221889,2.68609074351505,-0.247224213231823,-2.8286419707036,-1.83829552805073,6.29727783193394,1.07181886,0
0.500879733269836,-0.475950420811946,0.208736876985315,0.0477141199151529,2.66770778823454,-0.184251434912484,-2.18973412303966,-2.33108453468642,5.88126245642935,1.05830222,0
0.502650380442493,-0.449583283077917,0.206761129889071,0.0258167786847563,2.64439694288768,-0.12543881034819,-1.71055117429414,-2.39207831932977,4.58722018285442,1.01457801,0
0.503044296193213,-0.423227006004224,0.205618171183273,0.00871126694181484,2.62047615969438,-0.0795666085196461,-1.61092716396432,-2.10851322184991,2.67547411195291,0.95369823,0
0.502415345329707,-0.396834858225613,0.205358548395584,-0.00739800469782839,2.59939102747588,-0.0528118674001171,-2.0055753424946,-1.55134277317986,0.367041696440562,0.89772825,0
0.502322178432505,-0.370793323008184,0.204574447186353,-0.0274537581227744,2.58387759974408,-0.0491414504357114,-2.88419005498717,-0.887577435516203,-2.07752830828097,0.86341861,0
0.501982901435749,-0.344883748644839,0.203865737394025,-0.0562956586726461,2.57500182538892,-0.0699167335185212,-4.10132667871762,-0.495782384353792,-4.23243183423262,0.84888415,0
0.501743055846479,-0.319112104336154,0.202746807857769,-0.0973089254598223,2.57004400154538,-0.112241051860847,-5.38702564332543,-0.933850462891102,-5.49291291071261,0.83864058,0
0.500210411369935,-0.29340817723165,0.202332844208063,-0.151179181893077,2.56070549691647,-0.167170180967973,-6.406804775726,-2.6875486566644,-5.28677657075533,0.82169347,0
0.49938673569258,-0.267966793723338,0.200239140779652,-0.215247229650336,2.53383001034982,-0.220037946675527,-6.84856851010212,-5.81458633208242,-3.4423585218726,0.80275941,0
0.497205974542949,-0.242659776656419,0.198143836884317,-0.283732914751358,2.475684147029,-0.254461531894253,-6.53961584915405,-9.74267790602336,-0.486115833301537,0.78163226,0
0.494273112621389,-0.217908115503503,0.195769287639046,-0.349129073242898,2.37825736796877,-0.259322690227268,-5.48982869052292,-13.4551208725442,2.42891951463148,0.7492247,0
0.490247127252827,-0.194261338000622,0.193440180658845,-0.404027360148128,2.24370615924332,-0.235033495080953,-3.87682345771247,-16.0622037361063,4.05975075800256,0.70284507,0
0.486519063653462,-0.171931294306778,0.191057144575553,-0.442795594725252,2.08308412188226,-0.194435987500928,-1.95902012038967,-17.4427149203616,3.84033562824099,0.65275669,0
0.48265540612264,-0.150859382199808,0.18889336408328,-0.462385795929149,1.90865697267865,-0.156032631218518,0.0176360585292678,-18.4909614941485,2.37412546521814,0.61264289,0
0.477322302662023,-0.131185645328096,0.186793886582105,-0.462209435343856,1.72374735773716,-0.132291376566336,1.86128011575392,-20.6553322714161,1.22756821702136,0.58620968,0
0.472944468864636,-0.113740318316326,0.185084962105781,-0.443596634186317,1.517194035023,-0.120015694396123,3.41339561234575,-24.8980756627083,1.96978247960289,0.56139638,0
0.467873182943242,-0.0989254791219975,0.184294582772698,-0.40946267806286,1.26821327839592,-0.100317869600094,4.51525921305916,-30.6690340986829,4.98756926814442,0.53027372,0
0.465110863251547,-0.0873884726336039,0.184226553503647,-0.364310085932268,0.961522937409087,-0.0504421769186497,4.99408374852479,-35.6247701982465,8.85887630072114,0.49842023,0
0.461049100727714,-0.0782396471100711,0.184222097852599,-0.31436924844702,0.605275235426622,0.0381465860885618,4.75309037622748,-36.4953990610758,10.8214945259707,0.46691187,0
0.457913570475281,-0.0718019322707821,0.184640011356936,-0.266838344684745,0.240321244815864,0.146361531348268,3.88185610657447,-30.8085141511701,8.30710564293548,0.42964665,0
0.454028125824874,-0.0680283665415536,0.185302241285954,-0.228019783619001,-0.0677638966958365,0.229432587777623,2.69037982338465,-18.5571107411711,0.685200423872128,0.40983432,0
0.452484218040536,-0.0676993505100028,0.186196632643145,-0.201115985385154,-0.253335004107547,0.236284592016345,1.67233721183941,-2.78936872142578,-9.8498872860991,0.47018505,0
0.450853764614578,-0.0700499611683193,0.187444144076054,-0.18439261326676,-0.281228691321805,0.137785719155354,1.26560651557169,11.4228838371655,-18.9657192190285,0.63482043,0
0.449278572501529,-0.0744940185171134,0.189570218126101,-0.171736548111043,-0.16699985295015,-0.0518714730349313,1.64293323309544,19.228824219903,-22.2544238831103,0.80625736,0
0.4473449272847,-0.0783054193193337,0.192104308965494,-0.155307215780089,0.0252883892488794,-0.274415711866034,2.57955546920631,18.3290251057616,-17.5941185912657,0.84641079,0
0.445483123310541,-0.0788458760556441,0.192494369982029,-0.129511661088026,0.208578640306496,-0.450356897778691,3.55590853358876,10.10403459934,-6.46702975604954,0.76773484,0
0.444106116126582,-0.0743511823419265,0.185892067976283,-0.0939525757521381,0.309618986299896,-0.515027195339187,3.99818626219459,-1.08655587284267,6.61165632113032,0.72407299,0
0.442855981987406,-0.0666023272993203,0.171717522191203,-0.0539707131301922,0.298753427571469,-0.448910632127884,3.58784744835796,-10.0859425659422,16.2841298583572,0.77081909,0
