-0.0462831062346313,-0.249878550945118,0.425471185786622,-0.0202112398247943,-0.0651009551083015,0.338714289334832,-0.224239505705525,1.37548843332816,-0.734444048039194,0.79585685,0
-0.0465173690392229,-0.251127635443282,0.430329344317068,-0.0279215535293292,-0.080500901528851,0.444763930630837,-0.821624944480813,2.18028066135617,-3.91219235192589,0.80251685,0
-0.0471823386115682,-0.251742805187014,0.435865467268804,-0.0398178808685297,-0.0783201952223926,0.48195972151148,-1.83783882472005,3.14785919125742,-7.54072406978667,0.79609384,0
-0.0475103018605141,-0.25256707637071,0.440581231715962,-0.059695665542552,-0.0548363544894171,0.437647069449571,-3.13833808405002,4.118424358095,-10.5340281150897,0.78483476,0
-0.0478724166650655,-0.253181848353905,0.444508601269397,-0.0907921803402097,-0.0121225470163733,0.326357740110853,-4.4778544017562,4.86338553996503,-11.9531660656569,0.77965113,0
-0.0486914248084015,-0.253215905312665,0.447473806236391,-0.134402408079365,0.042740746961263,0.182597454239563,-5.58025114522289,5.1501710621783,-11.4103391475136,0.78126899,0
-0.0500624676787069,-0.252723359958717,0.449155836585206,-0.189102645362059,0.100119760982926,0.0456350234519398,-6.21311704291539,4.82553742088954,-9.23134490126873,0.78682001,0
-0.0522148707186523,-0.251647268656287,0.449773869367043,-0.250779323216632,0.15079848033374,-0.0561037245623229,-6.2262072850475,3.88036180028077,-6.29827299824306,0.79452754,0
-0.0544877486008751,-0.25033622095542,0.449099843630275,-0.313291968099815,0.188266053366566,-0.113890074093698,-5.55400438202283,2.46864415322921,-3.66233251735273,0.80022416,0
-0.0576617687738353,-0.248411108129704,0.448094733123194,-0.369446611646649,0.209675461686447,-0.137767786877645,-4.21037933314862,0.870122190311869,-2.12032694811049,0.79977884,0
-0.0615860944730547,-0.246270605617264,0.446943802102438,-0.412081758369385,0.215543518140129,-0.147951812331162,-2.29844837059415,-0.596687734516991,-1.94341848878295,0.79579547,0
-0.065628992256601,-0.244191877113835,0.445618134825625,-0.435233314802991,0.208685812417167,-0.163921231233104,-0.0480341524321564,-1.67612905356845,-2.84908638393354,0.79464279,0
-0.0699284372086285,-0.242048304392707,0.443804975097581,-0.43551492213317,0.192984168553057,-0.196533458778689,2.21923193325257,-2.26177937715927,-4.21092299781821,0.79691337,0
-0.0738567385933511,-0.240213632958034,0.441662504726409,-0.412965687538011,0.172269439685389,-0.246044422595202,4.0779857214792,-2.40718938149435,-5.34159347583586,0.79651798,0
-0.0782203980482837,-0.238417428056476,0.439075265295167,-0.371916220419074,0.149635100382805,-0.305051546522479,5.14538859543755,-2.28624055417727,-5.75424640243346,0.79041917,0
-0.081919823412618,-0.236756181786525,0.435967658914502,-0.320412576771114,0.127038001848817,-0.363625889098625,5.16108967016326,-2.09130074271915,-5.28333566470294,0.7828385,0
-0.0860322842605623,-0.235557042502901,0.432483319200538,-0.268943210006345,0.105370359683638,-0.413524187953239,4.10596883167552,-1.94255446401138,-4.08884921720348,0.7768598,0
-0.0879888142345441,-0.234840501941818,0.428552029986668,-0.228084472644233,0.0848733486501599,-0.45024534508376,2.20623413581124,-1.84310453790874,-2.565743199837,0.77028458,0
-0.0899137876084524,-0.2337548834106,0.424064795984707,-0.206151167372171,0.0657542854909105,-0.473226817647275,-0.120765102619473,-1.71005711347897,-1.21220607573497,0.76404526,0
-0.0919543764789346,-0.233089727088025,0.419314177835985,-0.207361938507352,0.0486370779986154,-0.485284173364855,-2.37901633914317,-1.45889721912059,-0.476686770342386,0.76465881,0
-0.094354919959953,-0.232665616792179,0.414351319447174,-0.231063408008111,0.0345210198242714,-0.491890381215852,-4.11512046794253,-1.08974692617438,-0.61394939212562,0.77287475,0
-0.0969039616387848,-0.232234269139524,0.409252626795068,-0.272111722857583,0.0241721570382216,-0.500163611672682,-5.01062262917576,-0.72065313854482,-1.58585810699702,0.78031949,0
-0.0996544162331588,-0.231884193965219,0.404270138862692,-0.322163735492082,0.0172546917680218,-0.517146479382765,-4.92558982841824,-0.545042886873523,-3.07103203472284,0.78170342,0
-0.102627537140976,-0.231877350354689,0.399230844128356,-0.371429418680128,0.0117520899913728,-0.547653879704957,-3.90801998246819,-0.736436323095979,-4.58949082348268,0.78157559,0
-0.105853013285476,-0.231917223797714,0.393896732740095,-0.410556684614814,0.00413677122140958,-0.592572727637727,-2.16348675786804,-1.36334285673967,-5.70012406485534,0.78472467,0
-0.110730568008965,-0.231765008223127,0.38777073056362,-0.432236426407452,-0.00973592573995988,-0.648643363678703,0.0222484958723521,-2.37684348730614,-6.17820456673887,0.78672619,0
-0.114966700444244,-0.231807669655099,0.381363148310267,-0.432032183207317,-0.0336016252979203,-0.710047110472518,2.35953119117637,-3.66563398389408,-6.05734920383622,0.78172968,0
-0.118110664651222,-0.232360380348088,0.374517089257865,-0.40842850963281,-0.0702133809215843,-0.770794007261391,4.60478326296844,-5.14737195320309,-5.56686796408881,0.77176951,0
-0.123540231761465,-0.232654235151061,0.36648075073672,-0.362361290031505,-0.121583729516174,-0.826864735284328,6.65343863395243,-6.82740730487793,-4.93959731295941,0.76053949,0
-0.127294380004634,-0.233833377848379,0.358245869843054,-0.295812172799614,-0.189779257747173,-0.876566198696673,8.4490178201308,-8.75909698395686,-4.28321178575627,0.74965158,0
-0.130204615652303,-0.235878280998239,0.349449914289557,-0.211317969095777,-0.277348763689324,-0.919481797709023,9.96294129198184,-10.9468601631005,-3.52716433590317,0.7435152,0
-0.130795870545559,-0.23914717203335,0.340262726603599,-0.111691951349587,-0.386835468316899,-0.954683031718376,11.058488827326,-13.2369052309619,-2.52308431471941,0.74362302,0
-0.133144436550657,-0.242753463836271,0.330747371639704,-0.00111162464367857,-0.519228842810638,-0.979819276760769,11.5462501936625,-15.313164964254,-1.19543859188503,0.74208108,0
-0.132637315428526,-0.247843942619851,0.321107327736054,0.114350877292947,-0.672360492453178,-0.99177366267962,11.2478674079889,-16.8022725763302,0.335788516424057,0.73184258,0
-0.132001168223449,-0.254405570774577,0.311404825479791,0.226829551372836,-0.840383218216479,-0.988415777515379,10.1838636438206,-17.4629406917945,1.74834809934246,0.71975329,0
-0.129871814350671,-0.262699068725704,0.301232327348984,0.328668187811042,-1.01501262513442,-0.970932296521954,8.70670967285292,-17.3567388428444,2.60857009912668,0.71915441,0
-0.126428813109106,-0.273032957626977,0.291200020695947,0.415735284539571,-1.18858001356287,-0.944846595530687,7.44921811236791,-16.8569018671205,2.54775056878388,0.73000767,0
-0.122022053795492,-0.285113989700935,0.281809373521365,0.49022746566325,-1.35714903223407,-0.919369089842849,7.07944848805106,-16.4945074780809,1.41132751127536,0.73666034,0
-0.117011534653599,-0.298638823756523,0.272920013531356,0.561021950543761,-1.52209410701488,-0.905255814730095,7.95420785464236,-16.6901585890828,-0.644842830187371,0.72692528,0
-0.111431031993242,-0.313798937597049,0.264148688238796,0.640564029090184,-1.68899569290571,-0.911704243031969,9.86667555327185,-17.5169213024114,-3.14684248189575,0.70492406,0
-0.105066353598095,-0.330668378735891,0.254917685981828,0.739230784622903,-1.86416490592983,-0.943172667850926,12.0641105362947,-18.6339556541126,-5.42111786185984,0.68343137,0
-0.0978058692563991,-0.34921173950398,0.245098643728087,0.85987188998585,-2.05050446247095,-0.997383846469525,13.5874501145371,-19.4426537900098,-6.81575352834962,0.67177875,0
-0.0894774889803084,-0.369653985336984,0.23504570536343,0.995746391131221,-2.24493100037105,-1.06554138175302,13.7871533077096,-19.4020232904143,-6.9826783543782,0.67690121,0
-0.0796405206243527,-0.392144151295993,0.224672709393207,1.13361792420832,-2.43895123327519,-1.1353681652968,12.7136849293799,-18.3299972356289,-6.07106397056566,0.70074593,0
-0.0670540902427687,-0.416797321075758,0.213055702596955,1.26075477350212,-2.62225120563148,-1.19607880500246,11.1353363514321,-16.5322340233925,-4.69045374039884,0.73443935,0
-0.0559194191479399,-0.442760112447858,0.201420235802272,1.37210813701644,-2.78757354586541,-1.24298334240645,10.1323165353712,-14.673817163864,-3.52395178162205,0.75711471,0
-0.0412874705624672,-0.470766475632665,0.189132683281248,1.47343130237015,-2.93431171750405,-1.27822286022267,10.4495183188817,-13.4299447367261,-2.76546688722343,0.75798054,0
-0.0271312383426961,-0.499936751422671,0.176757228125112,1.57792648555897,-3.06861116487131,-1.3058775290949,11.9606844127898,-13.0768939235769,-1.64821286356945,0.75743697,0
-0.0107210479588596,-0.530643826270973,0.163307718465783,1.69753332968686,-3.19938010410708,-1.3223596577306,13.5862154655791,-13.2387592847152,1.50684721269974,0.79175557,0
0.0059947694737546,-0.562681344838651,0.149217656215811,1.83339548434266,-3.33176769695423,-1.3072911856036,13.7579519125591,-12.9147600918308,8.57454210929756,0.86683293,0
0.0241879780985188,-0.596067926298167,0.135564989184352,1.97097500346825,-3.46091529787254,-1.22154576451062,11.181183112245,-10.8156676058663,20.4224550032513,0.93771769,0
0.0438197553351506,-0.63064942648611,0.12403796423395,2.0827868345907,-3.5690719739312,-1.01732121447811,5.57175556211521,-5.8985300707625,35.8425133601697,0.95791243,0
0.0645551107155365,-0.666251370073146,0.115408730908185,2.13850439021185,-3.62805727463882,-0.658896080876414,-2.08971333490063,2.14178457770008,51.311087410107,0.95199115,0
0.0860063622814458,-0.70249968273509,0.109744758923548,2.11760725686284,-3.60663942886182,-0.145785206775344,-9.89617478930457,12.6116914229344,61.9477125511133,1.01041637,0
0.107449191062918,-0.738585677856736,0.107085187637583,2.0186455089698,-3.48052251463248,0.473691918735789,-15.7920309471153,23.9228068887896,63.4114738929332,1.17836065,0
0.127587854674895,-0.773330597236801,0.109717437539438,1.86072519949864,-3.24129444574458,1.10780665766512,-18.3988191105563,34.0394435823351,53.8857086604832,1.36576355,0
0.146302111800155,-0.805765001931054,0.119946594817352,1.67673700839308,-2.90090000992123,1.64666374426995,-17.5025206359572,41.112123273668,35.1379390899549,1.39850211,0
0.163455403514697,-0.835006865541923,0.137753302373657,1.50171180203351,-2.48977877718455,1.9980431351695,-14.0114737247804,44.057265091811,12.0266937018959,1.20132041,0
0.177523629252266,-0.859730919774863,0.160217553509399,1.3615970647857,-2.04920612626644,2.11831007218846,-9.43674853976822,42.8714510837135,-9.38093641906799,0.89114868,0
0.190165213434476,-0.880083630915371,0.181472195131335,1.26722957938802,-1.62049161542931,2.02450070799778,-5.24003961413355,38.576637433221,-24.1840788605173,0.65925131,0
0.204947084930031,-0.896416214884951,0.200977170881683,1.21482918324669,-1.2347252410971,1.78265991939261,-2.32152119610326,32.8234856538146,-30.3896813794577,0.58873621,0
0.216183180772884,-0.908579008827582,0.216799316032759,1.19161397128565,-0.90649038455895,1.47876310559803,-0.841893816243105,27.3132249980948,-29.1789511684612,0.62082724,0
0.229098213019388,-0.917790326214048,0.231323476225221,1.18319503312322,-0.633358134578003,1.18697359391342,-0.454409683369041,23.274981388309,-23.7836250250071,0.66250954,0
0.239474521624531,-0.924078530564558,0.243711604042523,1.17865093628953,-0.400608320694913,0.949137343663348,-0.616532821733959,21.1507054140895,-17.676147171975,0.67541025,0
0.252295544503403,-0.928368065711625,0.25425498289405,1.17248560807219,-0.189101266554018,0.772375871943598,-0.961935303753555,20.6109979009547,-13.0356634410173,0.67271925,0
0.26290973415521,-0.929974110009862,0.262492549151303,1.16286625503466,0.0170087124555289,0.642019237533425,-1.34308270079737,20.8119133597879,-10.2650926495973,0.67556368,0
0.274806104111122,-0.929673432191244,0.26881251674887,1.14943542802668,0.225127846053408,0.539368311037453,-1.81881472293153,20.8116350331662,-8.52176487042072,0.69220779,0
0.287130849074907,-0.927601527401592,0.273700740495543,1.13124728079737,0.43324419638507,0.454150662333245,-2.45133257583118,19.9324886242089,-6.76042640588172,0.72373283,0
0.298419293101615,-0.923243114057325,0.27779357878124,1.10673395503906,0.632569082627159,0.386546398274428,-3.17944044537631,17.9613452636134,-4.56342016564731,0.76973328,0
0.308907141510463,-0.916922371359037,0.281293201121734,1.07493955058529,0.812182535263293,0.340912196617955,-3.80260998590926,15.1333643795541,-2.30965379886872,0.82484173,0
0.319507512343385,-0.908820189942795,0.28486337001966,1.0369134507262,0.963516179058835,0.317815658629267,-4.07159100575217,11.945058654457,-0.737568832555843,0.87465281,0
0.330188533095712,-0.899242970212768,0.288622890560798,0.996197540668678,1.0829667656034,0.310439970303709,-3.84026943978409,8.89770124603811,-0.293068666003438,0.90050591,0
0.340069519353535,-0.888321609244861,0.292019229901213,0.957794846270837,1.17194377806378,0.307509283643675,-3.16027468827372,6.30521492080649,-0.764571080283104,0.89584936,0
0.349807073755297,-0.876600483784884,0.294996791799311,0.9261920993881,1.23499592727185,0.299863572840844,-2.28628175551325,4.22878922078456,-1.39836555112988,0.8812837,0
0.359122230378275,-0.864203360017019,0.297741501991518,0.903329281832968,1.2772838194797,0.285879917329545,-1.57156961782401,2.55548919036189,-1.38071199509043,0.8909142,0
0.367958251361014,-0.85139773094215,0.300290067195464,0.887613585654727,1.30283871138331,0.27207279737864,-1.32237780688298,1.16125677939393,-0.342425345101997,0.93327873,0
0.376741082387602,-0.838528130837806,0.30275359681666,0.874389807585897,1.31445127917725,0.268648543927621,-1.66351383788696,0.0634446699080524,1.4243875599354,0.98008778,0
0.385583667902723,-0.82555147188808,0.306157096195798,0.857754669207028,1.31508572587633,0.282892419526975,-2.50067209457544,-0.528860964283144,3.15749375387591,1.00523181,0
0.394362574381955,-0.812324502703954,0.308960512282725,0.832747948261274,1.3097971162335,0.314467357065734,-3.55643702022691,-0.299695610343773,4.02449823995561,1.01338565,0
0.402138931275716,-0.798796827950476,0.312096169071529,0.797183578059004,1.30680016013007,0.35471233946529,-4.52172323802588,0.998635457698649,3.55246415139486,1.01610306,0
0.410677982042768,-0.785901904165883,0.315174389343578,0.751966345678746,1.31678651470705,0.390236980979238,-5.15135152246805,3.34884324098935,1.80510057748113,1.00899417,0
0.418230858252458,-0.772918974073621,0.319259849075329,0.700452830454065,1.35027494711695,0.40828798675405,-5.37891647637902,6.37392868813128,-0.684630955231701,0.98913917,0
0.425039065476708,-0.75950162210576,0.3233352509982,0.646663665690275,1.41401423399826,0.401441677201733,-5.27069518088526,9.38978025549619,-3.18924635775283,0.968727,0
0.431446901849999,-0.745350884007941,0.327417503687451,0.593956713881423,1.50791203655322,0.369549213624204,-4.95774841050856,11.61277751549,-5.0844020555533,0.9601419,0
0.437227726944182,-0.730132233046034,0.331395390399821,0.544379229776337,1.62403981170812,0.318705193068671,-4.57926070753168,12.4566413129661,-6.06676016884925,0.96408371,0
0.442676863035065,-0.713793398877869,0.334563612938072,0.49858662270102,1.74860622483778,0.258037591380179,-4.21752360140655,11.7642516690022,-6.18689659973152,0.9737577,0
0.447875207704273,-0.696352919518096,0.336765880558346,0.456411386686955,1.8662487415278,0.196168625382864,-3.91872635685892,9.88733286408155,-5.72702739963463,0.98069393,0
0.452675794105881,-0.677849969230843,0.338485137034776,0.417224123118365,1.96512207016862,0.138898351386518,-3.72988444055965,7.5521417861054,-5.03179212743333,0.97992926,0
0.45681779255702,-0.65829918521988,0.340106634652743,0.379925278712769,2.04064348802967,0.088580430112184,-3.70496435798398,5.55605944975139,-4.34077790215742,0.97546931,0
0.460390121998027,-0.637839672495521,0.34137220605462,0.342875635132929,2.09620408252719,0.0451726510906099,-3.8743557005175,4.43291584714145,-3.74043329431763,0.97646692,0
0.463550645365348,-0.616724950952658,0.341820979947191,0.304132078127754,2.1405332409986,0.00776831814743362,-4.19462023889149,4.24222402248716,-3.2156931057852,0.98750902,0
0.466526422140688,-0.595213339618029,0.341727366594767,0.262185875738839,2.18295548122347,-0.0243886129104183,-4.50851281250598,4.57738003371856,-2.76914522514009,0.99960484,0
0.469818939697883,-0.57359515463955,0.34083763474308,0.217100747613779,2.22872928156066,-0.0520800651618193,-4.58825682233643,4.7993176845082,-2.4860703588135,0.99468897,0
0.471699435973798,-0.551286674663147,0.34110650271435,0.171218179390415,2.27672245840574,-0.0769407687499543,-4.28877836378194,4.37962716133662,-2.52337292663636,0.96837178,0
0.473221805697035,-0.528572732012225,0.340620676703489,0.128330395752596,2.32051873001911,-0.102174498016318,-3.60437981573783,3.16844735801711,-2.93715327095856,0.93911277,0
0.47515777761229,-0.505541213788467,0.33887250413561,0.0922865975952174,2.35220320359928,-0.131546030725904,-2.76328987582204,1.48342677925567,-3.55055073791194,0.92519549,0
0.475068034702015,-0.48179567019761,0.337995566420005,0.064653698836997,2.36703747139183,-0.167051538105023,-2.1035219185257,-0.0562925271811166,-3.9197733014886,0.92584633,0
0.476393331096362,-0.458131645176528,0.335664082824962,0.04361847965174,2.36647454612002,-0.206249271119909,-1.95266366859328,-0.841117005132858,-3.57513165381762,0.92564375,0
0.476670460583646,-0.434364016887448,0.333779552220481,0.0240918429658072,2.35806337606869,-0.242000587658085,-2.4049073357837,-0.61375813824115,-2.34719773135528,0.90764686,0
0.47671338940006,-0.410807759489958,0.331963150543351,4.2769607970166e-05,2.35192579468628,-0.265472564971638,-3.28392190920552,0.360790019375207,-0.593039561442828,0.8737924,0
0.47694891879009,-0.387337900079232,0.329449732430816,-0.0327964494840851,2.35553369488003,-0.271402960586066,-4.21183773937738,1.37626875738515,0.89782512537342,0.85179751,0
0.476637122351472,-0.363915819056779,0.326581164773708,-0.0749148268778589,2.36929638245389,-0.262424709332332,-4.79083611879793,1.59604128083173,1.32454793236409,0.86525446,0
0.475996290508149,-0.340261239932142,0.323329329096048,-0.122823188065838,2.3852567952622,-0.249179230008691,-4.80019632199742,0.460915480719688,0.399916534308445,0.90138905,0
0.474489800837644,-0.316473254471733,0.320715686498415,-0.170825151285812,2.3898659500694,-0.245180064665607,-4.28713363432018,-2.02304361427253,-1.39181737640071,0.91914279,0
0.472954788472904,-0.292386031263872,0.318269144515894,-0.213696487629014,2.36963551392668,-0.259098238429614,-3.50015289950187,-5.27775508000705,-3.00464859457195,0.88873146,0
0.470812697536311,-0.268637376623624,0.3162014341015,-0.248698016624033,2.3168579631266,-0.289144724375333,-2.70139212345966,-8.45436053324303,-3.40358645256665,0.822455,0
0.468229710425259,-0.245482763992914,0.31375470536875,-0.275711937858629,2.23231435779417,-0.323180588901,-1.99568334288613,-10.8916549144187,-2.15783035642625,0.75987124,0
0.465192806285395,-0.223202947035217,0.310473303639028,-0.295668771287491,2.12339780864999,-0.344758892465262,-1.28019804599566,-12.4709275201975,0.335359141652421,0.73058455,0
0.462519231873775,-0.201953776671421,0.306624694686083,-0.308470751747447,1.99868853344801,-0.341405301048738,-0.332307649346559,-13.6391698957856,3.13473051011198,0.73690011,0
0.460091709267712,-0.182141325568617,0.302958049921227,-0.311793828240913,1.86229683449016,-0.310057995947618,0.990209087435825,-15.0497989203588,5.34427216171249,0.76175337,0
0.456071740921747,-0.163367108704102,0.299391584437441,-0.301891737366555,1.71179884528657,-0.256615274330493,2.57161874570095,-17.0163901771053,6.53724007369851,0.77912869,0
0.453594955001283,-0.146289285550015,0.297032131417535,-0.276175549909545,1.54163494351551,-0.191242873593508,4.02473625607535,-19.1480452677965,6.78028065461071,0.76618301,0
0.450471607147029,-0.13085125734764,0.295293165635994,-0.235928187348792,1.35015449083755,-0.123440067047401,4.86375479075046,-20.4620104076664,6.24646749530072,0.71789095,0
0.447643718227863,-0.117473744265285,0.294796814068013,-0.187290639441287,1.14553438676089,-0.060975392094394,4.75073219385974,-19.9758306726247,4.8606875264358,0.65450528,0
0.446709469484676,-0.106286401053493,0.294688785343165,-0.13978331750269,0.945776080034639,-0.012368516830036,3.72425000640878,-17.4731739586263,2.3261676653084,0.60900954,0
0.445670467301516,-0.0967150821071339,0.294386909181482,-0.102540817438602,0.771044340448376,0.010893159823048,2.20142077463558,-13.897701587842,-1.33593921716425,0.59609574,0
0.443318511343412,-0.0881452145850787,0.293170516969136,-0.0805266096922461,0.632067324569955,-0.00246623234859449,0.7562038122427,-11.0074113040452,-5.22055129539488,0.59682749,0
0.442901696698372,-0.0817812357178963,0.292569662939528,-0.0729645715698191,0.521993211529503,-0.0546717453025432,-0.218676137613089,-10.3452239055477,-7.48844569316383,0.58839219,0
0.44246324485753,-0.076980896454911,0.292442298410028,-0.0751513329459499,0.418540972474026,-0.129556202234182,-0.766812762531983,-12.0901183618666,-6.22337829392423,0.5742663,0
0.441820735927329,-0.0734803599109548,0.291199933604018,-0.0828194605712698,0.29763978885536,-0.191789985173424,-1.32021238970169,-14.5542818189932,-0.83657087431377,0.56511662,0
0.44108541178377,-0.0711085396625023,0.290573118150851,-0.0960215844682866,0.152096970665428,-0.200155693916562,-2.3694602730192,-14.8215398714184,6.81457075846343,0.55528372,0
0.440016994170462,-0.0693948507863857,0.289377082586236,-0.119716187198479,0.00388157195124415,-0.132009986331927,-4.00353784862542,-10.3575225956973,12.5564151609387,0.54610756,0
0.438564260815451,-0.0682715504220839,0.2879547507724,-0.159751565684733,-0.0996936540057285,-0.00644583472254015,-5.63854522092024,-0.755329686580534,11.5740620717029,0.5743061,0
0.436768171280156,-0.0680814734200333,0.286629500280212,-0.216137017893935,-0.107246950871534,0.109294785994489,-6.1630159076694,11.4443269353787,0.97973666733958,0.68009018,0
0.434510472700971,-0.0691193369503902,0.285739665628633,-0.277767176970629,0.00719631848225344,0.119092152667885,-4.50478220959798,21.5240556660532,-18.1059280741461,0.828135,0
0.432021144495436,-0.070329030414534,0.286360320942204,-0.322814999066609,0.222436875142785,-0.0619671280735763,-0.338786148941371,24.7109800826805,-40.2581263757573,0.89013502,0
0.429307643757315,-0.0698067895050937,0.287536154669793,-0.326202860556023,0.46954667596959,-0.464548391831149,5.50739510911743,18.6013357377397,-57.7078411500012,0.76812138,0
0.426576775247807,-0.0654667204439298,0.285468932249458,-0.271128909464848,0.655560033346988,-1.04162680333116,11.2231135538306,4.56360190036895,-63.6679559246745,0.68752451,2.981318780048
0.423014141634394,-0.0575582505033727,0.276303020127081,-0.158897773926543,0.701196052350677,-1.67830636257791,14.7439739114613,-12.6954633798893,-55.3878413279649,-1.72756845,0.504798424340001
0.420776632325864,-0.0486399941441355,0.257118031820063,-0.0114580348119298,0.574241418551784,-2.23218477585755,14.7458391652401,-27.2480332735861,-35.3551352938095,1.9713418,3.066101335845
0.420469244588937,-0.0423902683695129,0.232287023461495,0.136000356840471,0.301761085815924,-2.58573612879565,11.2704773403329,-34.6104075153128,-10.0171399732475,-1.17955958,0.409991767453
0.422222223619043,-0.0404946964631179,0.205707301308448,0.2487051302438,-0.0443429893372039,-2.68590752852813,5.73098316996321,-33.5958767911996,13.1884056742276,1.76319527,2.289280793628
0.425505255486286,-0.0425163390864381,0.180064625835911,0.306014961943432,-0.3803017572492,-2.55402347178585,0.221551574930328,-26.4384227990504,28.9185621490795,-1.15540863,0.719089008479999
0.428978160675656,-0.0469425057632017,0.15663923113134,0.308230477692735,-0.644685985239704,-2.26483785029505,-3.45765001120911,-17.2800575478033,35.5841984949934,0.27465811,0.344252558584002
0.431677563167679,-0.0527749189503492,0.135360479182052,0.273653977580644,-0.817486560717738,-1.90899586534512,-4.52942728837357,-9.97018801893648,34.9685422967516,0.53153563,0.171663143400001
0.433705558789476,-0.0598815094088494,0.115411391313564,0.228359704696909,-0.917188440907102,-1.5593104423776,-3.38271443971376,-6.39340622381907,30.4160298419631,0.11641509,0.514310523755997
0.435580091624403,-0.0684478595688631,0.0978519140091264,0.194532560299771,-0.981122503145293,-1.25515014395797,-1.14935735180538,-6.08240232985599,24.8254888605065,0.18869699,0.565618543578998
0.437783317779502,-0.0783095770426778,0.0845122002205134,0.183038986781717,-1.04194652644385,-1.00689525535291,0.98888279806554,-7.10341010598027,19.6413482095161,-0.25739669,1.282719303411
0.440083587557137,-0.0892641835657759,0.0751224490979693,0.192927814762373,-1.11298062750366,-0.810481773257746,2.28227021693322,-7.44602593504726,15.0869152273305,0.4725803,0.841506310329997
0.441990953002354,-0.100826966996425,0.068007869743884,0.215750516931705,-1.18744088685413,-0.65961262098444,2.50946229152916,-6.09932225589172,11.1249192655689,0.47835282,1.03604616794
0.444579669331209,-0.113010382876832,0.0617696664584502,0.240845139846997,-1.24843410941304,-0.548363428328751,1.75220725001039,-3.29345514260025,8.17726927869393,0.31251012,1.43522935812
0.446912274649363,-0.125497864609001,0.0561539793566361,0.258367212347101,-1.28136866083905,-0.466590735541812,0.142217338955685,-0.0112627331539949,7.00410709066185,0.38023271,1.63920209061
0.448871597499214,-0.137831694011543,0.0506681768652287,0.259789385736657,-1.28148128817059,-0.396549664635194,-2.18666068948472,2.75113249987113,7.88119239671094,0.53470247,1.88079300564
0.451603237095186,-0.150366577838999,0.04659622790175,0.23792277884181,-1.25396996317188,-0.317737740668084,-4.89407591866077,4.45268637050794,9.84265298495934,0.38946919,2.407753475118
0.453863201635339,-0.162802584924605,0.0439970582724058,0.188982019655202,-1.2094430994668,-0.219311210818491,-7.2887428872984,5.03856953226244,10.7370726652739,-0.31744495,3.50033086915
0.455519890501546,-0.174846480929937,0.0423964850577756,0.116094590782218,-1.15905740414417,-0.111940484165752,-8.40270959069832,4.67734374264361,8.32105971209791,-0.34134236,3.881570959679
0.456878676622647,-0.186614973753148,0.0409590783115912,0.0320674948752353,-1.11228396671774,-0.0287298870447729,-7.42312110881923,3.52720243164184,1.77323553200267,-1.00634433,4.845613419099
0.45762910589275,-0.198110272981071,0.0402155525168112,-0.042163716212957,-1.07701194240132,-0.0109975317247462,-4.24173224491773,1.71844206127647,-7.3422129199636,-1.77739334,5.963009487236
0.457801058174117,-0.209263942857472,0.0389694513099379,-0.0845810386621343,-1.05982752178855,-0.0844196609243822,0.268527040327781,-0.495172642676797,-15.4427034270101,-2.0504598,6.569276040383
0.456717074667342,-0.219638464419995,0.0384580885141266,-0.0818957682588565,-1.06477924821532,-0.238846695194483,4.5217698293658,-2.63137705957407,-18.5602833571984,-2.18649776,6.878683234946
0.454895108706025,-0.229746348192966,0.0368455969696332,-0.0366780699651985,-1.09109301881106,-0.424449528766467,6.90257327188934,-4.06191946244617,-14.4273770041941,-3.40410818,8.430017799669
0.454371457396016,-0.240272544627073,0.0342146009123132,0.0323476627536949,-1.13171221343552,-0.568723298808408,6.57122135496229,-4.29905991520274,-3.7996346190993,-3.42405396,8.76690332115399
0.454659312804218,-0.251751942509247,0.0286546205314325,0.0980598763033178,-1.17470281258755,-0.606719644999401,3.86490761800997,-3.27049347485128,9.77159693081254,-4.07169601,9.886374025425
0.456232510180465,-0.26399347750468,0.0212039186886811,0.136708952483417,-1.20740774733606,-0.509003675691275,0.092934593256414,-1.39480916618108,21.6062658492996,-4.71254853,11.21400567063
0.458297214090689,-0.276423780330691,0.014203136896221,0.137638298415982,-1.22135583899787,-0.292941017198279,-3.20152453335376,0.628395174888529,28.1122137457844,-5.45177286,12.74920311091
0.459806694731933,-0.288615408159762,0.0108246383114203,0.105623053082444,-1.21507188724899,-0.0118188797404353,-5.05952362491872,2.19550438479836,28.3142715582768,-6.01846806,13.939697733632
0.460131447273187,-0.300139606025841,0.0124280448935582,0.0550278168332568,-1.19311684340101,0.271323835842333,-5.49404904616868,3.08939563205123,23.9517359403186,-9.23841959,18.674306936775
0.460121780941658,-0.311897769117875,0.0171396167107871,8.73263715700298e-05,-1.16222288708049,0.510841195245519,-5.30444958652804,3.55693647676029,18.1952044965126,-12.21916105,22.826523849
0.460055710630159,-0.323590643107782,0.0224764333593883,-0.0529571694937104,-1.12665352231289,0.692793240210645,-5.42857472503856,4.10466580835382,13.81102488563,-15.22705262,27.067003733655
0.459939754619848,-0.335229779980817,0.0280069456011783,-0.107242916744096,-1.08560686422935,0.830903489066944,-6.30810961767129,5.1887877001141,11.8659133615143,-18.04201791,31.161922965414
0.459113142949626,-0.346161995674941,0.0348544461210101,-0.170324012920809,-1.03371898722821,0.949562622682088,-7.60690421094182,6.95982182944331,11.542959739121,-21.95307346,36.49166446653
0.457669910817997,-0.356552182614698,0.0442885556591582,-0.246393055030227,-0.964120768933778,1.0649922200733,-8.46237606354188,9.19873675262542,11.0543940485039,-25.85933074,41.647920216892
0.455263319945653,-0.365958759758429,0.0550881900346485,-0.331016815665646,-0.872133401407524,1.17553616055834,-8.07101659623621,11.4347829608184,8.93063219582272,-30.62917936,47.649738424076
0.451496910415424,-0.374533428855789,0.0678621361476059,-0.411726981628008,-0.75778557179934,1.26484248251656,-6.22534278152621,13.1593316222859,4.88573762870395,-33.88069483,51.531986010076
0.447119997802816,-0.382120462729737,0.0813893829463519,-0.47398040944327,-0.626192255576481,1.3136998588036,-3.48287359880868,14.0132586892158,-0.148149588709639,-37.81691964,56.365822255834
0.442454705310566,-0.388422101228565,0.0945532843088909,-0.508809145431357,-0.486059668684323,1.31221836291651,-0.888873815705972,13.885527650301,-4.70845660388357,-41.44248667,60.575109490869
0.437570468943102,-0.39341250789429,0.106856867330028,-0.517697883588417,-0.347204392181313,1.26513379687767,0.564448301204434,12.9103269761546,-7.67815017806068,-44.99679363,64.78190011356
0.432538431811394,-0.396951681664562,0.118726509139243,-0.512053400576372,-0.218101122419766,1.18835229509706,0.437176855701415,11.3853850394591,-8.80243158492017,-47.84949248,68.083179806909
0.427033593886499,-0.39905047377494,0.130103385333957,-0.507681632019358,-0.104247272025175,1.10032797924786,-0.97447439695137,9.6587712725859,-8.63615730431411,-50.84551563,71.59012548486
0.422834331706201,-0.400352733219424,0.141925698351713,-0.517426375988872,-0.00765955929931586,1.01396640620472,-2.82268709033246,8.01274413798406,-8.06023202917363,-53.190248,74.134820929234
0.417109319798036,-0.399917928767653,0.152545914625428,-0.545653246892196,0.0724678820805247,0.933364085912985,-4.16243548607507,6.59336798775631,-7.75730842569807,-56.20639795,77.479334394792
0.411283052613316,-0.399097358729169,0.162232522866324,-0.587277601752947,0.138401561958088,0.855791001656004,-4.3955809167522,5.40683654863694,-7.92161076699823,-58.47839498,79.976214572032
0.405350569228176,-0.397968514326498,0.170737825074295,-0.631233410920469,0.192469927444457,0.776574893986022,-3.50742375761296,4.38240357795671,-8.31208394628161,-59.81447759,81.407964575548
0.399439775398717,-0.396356274109417,0.178052640468408,-0.666307648496599,0.236293963224024,0.693454054523206,-2.0370121014153,3.47278222546989,-8.49069359908438,-61.58709772,83.32353466149
0.393016135592648,-0.393954609777953,0.184404503958054,-0.686677769510752,0.271021785478723,0.608547118532362,-0.759653656115885,2.71283529840603,-8.07026791192311,-62.87543798,84.652377405492
0.386155195863042,-0.391092571397577,0.190277883513405,-0.694274306071911,0.298150138462784,0.527844439413131,-0.29280475088204,2.19865041490947,-6.84956220838947,-63.74501453,85.577696770469
0.3790027238401,-0.387969746443967,0.19604242311487,-0.697202353580731,0.320136642611878,0.459348817329236,-0.82837782120756,2.00107546036868,-4.8604597527759,-64.14414055,85.872383634229
0.371635245928335,-0.384682893701925,0.2013194580478,-0.705486131792807,0.340147397215565,0.410744219801477,-2.0335370232545,2.0487534142813,-2.38156036577583,-64.14347502,85.67149163328
0.364502703471055,-0.381323805447335,0.205607189222553,-0.725821502025352,0.360634931358378,0.386928616143719,-3.27274389591922,2.09979839349716,0.0574646624744893,-65.29800837,86.703972056568
0.357647245995163,-0.37787912642076,0.209026493954331,-0.758548940984544,0.381632915293349,0.387503262768464,-3.86471398499168,1.80346312305143,1.78809341584626,-65.7459922,87.06905663106
0.350284870902532,-0.374172592155849,0.212217230192735,-0.797196080834461,0.399667546523864,0.405384196926926,-3.44182231294891,0.896606972442457,2.20755319839937,-66.45384106,87.60886453605
0.342699174299857,-0.370230349779193,0.216340732517127,-0.83161430396395,0.408633616248288,0.42745972891092,-2.07591313249447,-0.615592382909689,1.10564967425526,-67.31419632,88.400009384305
0.33411678229509,-0.366049039357449,0.221010171911679,-0.852373435288894,0.402477692419192,0.438516225653473,-0.20605498778174,-2.3979444585603,-1.13042155419959,-68.78293778,89.61879267276
0.324502705050985,-0.361789286683271,0.225609097560991,-0.854433985166712,0.378498247833589,0.427212010111477,1.57485279946739,-3.87555633669252,-3.5635769314282,-70.51738012,91.268421881805
0.315741579637107,-0.357844974869721,0.229604997292972,-0.838685457172038,0.339742684466664,0.391576240797195,2.75411617093293,-4.46901754392002,-5.09367910799044,-71.21675528,91.718835350598
0.308960128135757,-0.354889956691439,0.233837198723178,-0.811144295462709,0.295052509027463,0.34063944971729,3.08545443318733,-3.85789803993632,-5.00301353145726,-72.33707315,92.559891890543
0.300959966101216,-0.35200720893229,0.237164006764187,-0.780289751130835,0.2564735286281,0.290609314402718,2.60544271130991,-2.12863939440525,-3.37274526331127,-73.02852278,92.886586876251
0.292091435394099,-0.349085587803778,0.239735052332497,-0.754235324017736,0.235187134684048,0.256881861769605,1.55260429747845,0.258312759004623,-1.0881621247182,-73.77161449,93.475503803848
0.284870757125719,-0.347012353422302,0.242474196146121,-0.738709281042952,0.237770262274094,0.246000240522423,0.226903117205078,2.67158865237523,0.600963249441931,-74.3970459,93.925840625782
0.277418262829825,-0.344412711681395,0.244765758650651,-0.736440249870901,0.264486148797846,0.252009873016842,-1.04809064892836,4.54701042699377,0.740438423147004,-76.03362316,95.63338652814
0.2702234473739,-0.341974935615043,0.24721577785264,-0.746921156360184,0.309956253067784,0.259414257248312,-1.97548471125659,5.57976084428456,-0.809505995792107,-76.12317508,95.69199028116
0.262180313587846,-0.338819139472,0.250584398397473,-0.76667600347275,0.365753861510629,0.251319197290391,-2.36648822928096,5.77347065758584,-3.28438729872593,-76.82408266,96.306542771712
0.25509688905904,-0.335059473370401,0.252322360265629,-0.79034088576556,0.423488568086488,0.218475324303132,-2.14150401623889,5.34622752033967,-5.43972392642325,-77.76998817,97.379783225025
0.247213570360202,-0.330780691720454,0.254653405957563,-0.811755925927949,0.476950843289884,0.1640780850389,-1.46344113431119,4.59146060013533,-6.19548821803156,-78.44487782,98.112445979564
0.239215969770871,-0.326109659363893,0.256274744401502,-0.826390337271061,0.522865449291238,0.102123202858584,-0.691061624025667,3.74484964866101,-5.19207399118293,-78.52800746,98.17168546976
0.230739521695161,-0.320993766666542,0.257820339221096,-0.833300953511318,0.560313945777848,0.0502024629467547,-0.30051270035278,2.9344968940162,-2.90352615397562,-78.67614211,98.482451006976
0.222277071509117,-0.315396496104462,0.258309458668255,-0.836306080514845,0.58965891471801,0.0211672014069985,-0.641606532764694,2.18846519874208,-0.32270344429248,-79.81827222,99.67413818726
0.213926064261005,-0.309380922829623,0.257704309732423,-0.842722145842492,0.611543566705431,0.0179401669640737,-1.72377897082816,1.4866961519327,1.60804538954914,-80.57811976,100.504504280035
0.205411209691505,-0.303185460214109,0.257691357294978,-0.859959935550774,0.626410528224758,0.0340206208595651,-3.14991773856812,0.789962615632389,2.4941784248796,-81.83387045,101.905736288506
0.196957247914279,-0.297046670882869,0.258855628390806,-0.891459112936455,0.634310154381082,0.0589624051083611,-4.27123758329887,0.0551330144509339,2.62906794676632,-82.12988501,102.184709143328
0.188159768164746,-0.290685924016396,0.25959185260066,-0.934171488769444,0.634861484525591,0.0852530845760242,-4.49549577689438,-0.766718942123684,2.72406391850188,-81.7263517,101.73663101903
0.178962072200427,-0.284386534199776,0.260322854087261,-0.979126446538387,0.627194295104354,0.112493723761043,-3.61226709712513,-1.72650924047994,3.42108544009827,-82.61114106,102.579148624064
0.168775153810274,-0.278026181428647,0.261085002021561,-1.01524911750964,0.609929202699555,0.146704578162026,-1.90507709224791,-2.8317968089442,4.81486949308469,-82.2091271,101.990484715769
0.158943584630359,-0.271993523649359,0.262606011260646,-1.03429988843212,0.581611234610113,0.194853273092873,-0.0110512071246287,-4.00863792681749,6.3750287132531,-82.00451871,101.56119946408
0.148725064261572,-0.266181224858242,0.26449497936475,-1.03441040050336,0.541524855341938,0.258603560225404,1.40005352898651,-5.06627839751866,7.21185030156598,-81.76921681,100.9766673438
0.137631741412986,-0.260634161135556,0.267368591023396,-1.0204098652135,0.490862071366751,0.330722063241064,1.95608692023018,-5.73621073995539,6.5918555856953,-82.08809033,100.97771288307
0.127595699406284,-0.255898456999826,0.270760564073621,-1.0008489960112,0.433499963967197,0.396640619098016,1.71141753740483,-5.75808153428618,4.41689097276996,-81.71677408,100.119495210699
0.11802971366252,-0.25164474979711,0.274337584086992,-0.983734820637149,0.375919148624335,0.440809528825716,1.04161919805359,-4.99550780301042,1.35313100484935,-81.35376956,99.2885789724
0.10823041649314,-0.247715203119966,0.278768949575999,-0.973318628656613,0.325964070594231,0.45434083887421,0.375092287816398,-3.5194377311362,-1.44834432116212,-81.14973328,98.51613770511
0.0989230087829743,-0.244424755174198,0.283375824501921,-0.969567705778449,0.290769693282869,0.439857395662588,-0.0488805970478903,-1.61561104766098,-2.90575933135743,-81.25390067,98.196923341242
0.0879914697530011,-0.241258000806914,0.287741484453243,-0.970056511748928,0.274613582806259,0.410799802349014,-0.257205773667815,0.297363005750326,-2.52856337250102,-81.01059662,97.70490279045
0.0797081404391615,-0.239204851325404,0.292551230342765,-0.972628569485606,0.277587212863763,0.385514168624004,-0.435207018763264,1.811727492414,-0.634665615628601,-81.24659337,97.808788459368
0.0682435059480641,-0.235974665933516,0.296044578224598,-0.976980639673239,0.295704487787903,0.379167512467718,-0.727833809746673,2.66035113588561,1.84875335603923,-80.91852399,97.306000203828
0.0589354758534874,-0.232963640488603,0.299367853719201,-0.984258977770706,0.322307999146759,0.39765504602811,-1.06953465065553,2.77031185941741,3.86595208773234,-80.79114914,96.911366007624
0.0503671354945277,-0.230172461428661,0.303156958987424,-0.994954324277261,0.350011117740933,0.436314566905434,-1.16799703169291,2.2178659219082,4.72096564604298,-81.40589416,97.41505382579
0.0401543602260388,-0.22640223381616,0.307587597197731,-1.00663429459419,0.372189776960015,0.483524223365863,-0.622750764108325,1.1110493129964,4.36817009895688,-81.75368774,97.480997065418
0.029285912928663,-0.222379184265933,0.313159927528399,-1.01286180223527,0.383300270089979,0.527205924355432,0.894266365404092,-0.507046051757091,3.30416950187495,-81.2118893,96.523226161572
0.0193776463019671,-0.218780085662991,0.318443455784278,-1.00391913858123,0.378229809572408,0.560247619374181,3.45888390258565,-2.6738293458736,2.26073418119337,-81.30103394,96.21985304804
0.00945523238542035,-0.21511437796541,0.323765215128357,-0.969330299555376,0.351491516113672,0.582854961186115,6.79228614648157,-5.40092749060404,1.8252361910896,-81.55674546,95.977232989632
-0.00060785402163955,-0.211553210254036,0.329458496078056,-0.90140743809056,0.297482241207632,0.601107323097011,10.2966434228171,-8.51993686436983,2.22482988207171,-80.67699719,94.665701213655
-0.0101179805026936,-0.208436306504446,0.335389055935827,-0.798441003862389,0.212282872563933,0.623355621917729,13.1750553374979,-11.5728758226455,3.30363909764957,-80.85698446,94.2541956738
-0.016071943131339,-0.20667471654341,0.341409400068177,-0.666690450487411,0.096554114337478,0.656392012894224,14.6189966230293,-13.8404719146213,4.63233074281483,-81.23501045,94.130971050601
-0.0229588385249152,-0.205633209987305,0.347993153412765,-0.520500484257118,-0.0418506048087347,0.702715320322373,14.0866234046359,-14.5781449011122,5.67305729472282,-81.61908285,93.881146602396
-0.0304858342943248,-0.205558991257128,0.355606988737239,-0.379634250210759,-0.187632053819857,0.759445893269601,11.518530636777,-13.334763182224,5.92085005066257,-82.23798234,93.843387972636
-0.0327523891977335,-0.207702023449786,0.363119125296996,-0.264448943842989,-0.320979685642097,0.818654393776227,7.44776890592956,-10.2358775109088,5.02141217363174,-82.70529157,93.639734451201
-0.0362737937708912,-0.210851344072238,0.371554297208562,-0.189971254783693,-0.423338460751184,0.868868515512544,2.8615145557123,-6.04082997713113,2.93757557085493,-83.62945972,93.85712642376
-0.0367482880570505,-0.215460126119434,0.379705016580367,-0.16135610922657,-0.483746760522495,0.898244271221093,-1.10849941657291,-1.91187567117755,0.0374708461119163,-83.84966682,93.376921341904
-0.0391347966474219,-0.220067819779309,0.388439907077594,-0.172441103392299,-0.502865517234271,0.898618979682212,-3.61513268056129,1.03645867408339,-2.90577860450802,-85.97408284,94.986931115824
-0.040809088904465,-0.225055852622718,0.397492660254319,-0.208592430197912,-0.492500930493437,0.869561193637132,-4.4129187045428,2.20746283203972,-4.95792691098585,-86.32904366,94.684813636176
-0.0426759030207749,-0.229765442967647,0.406144164854005,-0.25272161724334,-0.47042630217304,0.819981924527274,-3.92082753648595,1.78096627842079,-5.44023958791813,-88.12763875,95.95150993913
-0.0455197229562868,-0.234719835985988,0.414750187918712,-0.291929892608199,-0.452616639388832,0.765579528648092,-2.97966693279355,0.616240476602256,-4.34320331413349,-89.60772033,96.946008422796
-0.0486799412400551,-0.239343143710417,0.422679013634335,-0.321726561936135,-0.44645423462281,0.722147495506757,-2.42329335436959,-0.170927299047812,-2.47148912486128,-91.27719438,98.263733871632
-0.0515522154528952,-0.243792909507595,0.430076432494886,-0.345959495479831,-0.448163507613288,0.697432604258145,-2.69328915889788,0.244866942697148,-1.13598603636418,-92.22739122,98.83400879066
-0.0553581516292275,-0.248243137991558,0.436819664078144,-0.37289238706881,-0.445714838186316,0.686072743894503,-3.67792306743588,1.99405938679815,-1.46049445195917,-93.53694981,99.83595146778
-0.0580916943322156,-0.252390909991863,0.442352766563076,-0.409671617743168,-0.425774244318335,0.671467799374911,-4.84628356062652,4.46522050946279,-3.68784654179103,-94.86332905,100.85325555084
-0.0630028904515694,-0.256436714272213,0.449737631270317,-0.458134453349434,-0.381122039223707,0.634589333957001,-5.55254108888075,6.62647282596803,-6.8879552949709,-96.09211805,101.703419535645
-0.0676787128642626,-0.260606587202303,0.456411070801979,-0.513659864238241,-0.314857310964026,0.565709781007292,-5.35054994496993,7.55499712130489,-9.33534266898384,-97.43122771,102.74970511916
-0.0723197018212116,-0.264436035930719,0.462028466581131,-0.56716536368794,-0.239307339750978,0.472356354317453,-4.12840186491478,6.88996005365363,-9.4065153346711,-98.91353994,104.206813821444
-0.0780893632659001,-0.26665577220241,0.467401183256182,-0.608449382337088,-0.170407739214441,0.378291200970742,-2.04558945890565,4.98301750625455,-6.54808481825407,-99.99725341,105.201489677832
-0.0845440674891938,-0.267692313296793,0.470992265212804,-0.628905276926145,-0.120577564151896,0.312810352788202,0.605412830417011,2.69011849166704,-1.73016482993127,-99.98780052,105.255698689395
-0.0910522882197427,-0.268579563988415,0.473635826768074,-0.622851148621975,-0.0936763792352254,0.295508704488889,3.52095819542087,0.923829635030591,2.92325038449784,-100.6814043,105.819420622209
-0.0969173737959547,-0.26979089893472,0.476265369315193,-0.587641566667766,-0.0844380828849195,0.324741208333867,6.40404415254789,0.218770703180953,5.16789045754755,-101.1415512,106.317399344064
-0.102333125752504,-0.271119585456606,0.479556615749093,-0.523601125142287,-0.08225037585311,0.376420112909343,8.88862573493075,0.536234609443977,3.80846866762193,-101.88955451,106.884810440496
-0.107566357459065,-0.272037403495682,0.483507239894949,-0.43471486779298,-0.0768880297586702,0.414504799585562,10.5534515052329,1.36467824441043,-0.64840922359132,-102.74507926,107.519239866276
-0.112359146253174,-0.272661798002643,0.487958838811441,-0.32918035274065,-0.0632412473145659,0.408020707349649,10.9633189419106,2.06269073674564,-6.2394083762456,-103.16775613,107.62733891056
-0.115860079161403,-0.273045629240945,0.491933811347559,-0.219547163321544,-0.0426143399471095,0.345626623587193,9.92636931105436,2.18476303386762,-10.5138930891025,-103.9131329,108.163114179148
-0.118086385725063,-0.273363722478438,0.495441304599381,-0.120283470211001,-0.0207667096084334,0.240487692696167,7.61980248963974,1.67716741670081,-11.737505572929,-104.81624805,108.5635811562
-0.119168902282602,-0.273751888591003,0.498643628078689,-0.0440854453146032,-0.00399503544142529,0.123112636966877,4.62194879129522,0.829820255907971,-9.66104988350072,-105.24563835,108.362631357725
