0.511714527477641,-0.108417317694083,0.142798504872979,0.505817541348206,-1.00758748812622,-1.26245027467912,-10.11591855724,34.4714733894345,-61.9354163314549,0.72943025,0
0.521842879075815,-0.132370870323324,0.137146175805249,0.641063800799077,-1.22197165737663,-2.01373522216147,-2.66018026829441,11.2884448551726,-33.5930758736768,-0.81655397,1.364992617365
0.530543760785369,-0.149868977487938,0.117866578959067,0.773570153967199,-1.48537801468583,-2.43845946772702,7.76770935955366,-24.1717814601647,12.1730489254874,-1.46444974,0.989540130656001
0.538663396715862,-0.161920244193234,0.0869747152818153,0.916073647222591,-1.88041027152074,-2.35290664663482,15.6092822369198,-57.735882431825,58.2044432917255,2.43090364,1.66204668668
0.545372819700712,-0.174148058282753,0.056998341723483,1.05976381715813,-2.42843682148693,-1.76394066560698,15.4428452064975,-74.1379050220557,86.7565786222578,3.98756148,0.283018052168005
0.553132618132261,-0.194020376273295,0.038660824214709,1.16368011870821,-3.05035463025603,-0.868185564088479,5.05652176459237,-64.5431923717221,88.1401910246046,6.2754913,0.36086251968
0.563926181205416,-0.225494801882397,0.0346025900484924,1.16658851620254,-3.583078169141,0.03981218726827,-12.8716181849591,-31.2225048422899,65.1533933198195,3.56031792,3.784565579102
0.57782270965422,-0.265619046975791,0.0400688586403787,1.01822234936221,-3.84883100092755,0.702312187379427,-31.6034317641487,13.2541219615008,30.9527381261286,3.52763124,4.602213678041
0.590061501864734,-0.307582044607249,0.0490397879892435,0.713021512743693,-3.74191096510799,1.00579372800245,-43.4299815455695,51.9821062214089,1.73237601513067,2.95668977,4.99455189544199
0.597947764759487,-0.345415143282607,0.056848270111349,0.305293914478259,-3.28493319943361,1.00828833119147,-43.4631096795429,71.7055645953181,-11.5730892528761,1.86996391,5.55459703827599
0.600250161918948,-0.376235990908859,0.0630972652911466,-0.106364120166546,-2.62220884796066,0.879736862114787,-32.0590617354552,68.6214591442393,-8.00173188105351,0.28569392,7.44479962577999
0.597869416929365,-0.400062557395982,0.0697750327157549,-0.419731348681368,-1.95307757190842,0.795688386771961,-14.6476660535335,49.1617631418103,4.50406562515511,0.13215356,8.26880302839999
0.592610091852355,-0.418368523191604,0.0780092507333714,-0.574800281457153,-1.44113921570885,0.845524132300556,1.04899183175868,25.6729922787397,14.8030613345923,-1.11945852,10.762845181572
0.586683854127943,-0.433078217817672,0.0879934435458521,-0.579741593364128,-1.14791443176511,1.00216645213234,8.7791036830132,9.71090922719345,15.1842004126357,-3.26227801,13.688191303258
0.581620364243252,-0.445750810042973,0.1002582781632,-0.503607139866924,-1.02323751864534,1.16051364559425,6.55529327981824,6.65035664085961,5.14204554325583,-5.53156684,16.510641853608
0.576737471255713,-0.456746283450506,0.112930105585222,-0.440205480789817,-0.951646189652853,1.21313466232925,-2.88149166364348,14.2394283141877,-9.42362596759435,-7.08049993,18.56136874442
0.574134352644404,-0.467524301748678,0.124882450693707,-0.462901351064086,-0.823723451821796,1.11548354651562,-14.0199064691767,25.303574330804,-20.5133696120479,-9.80029712,22.104155631872
0.569218583238811,-0.475646316737474,0.134486476237584,-0.594412301882389,-0.591235098767701,0.905501274778988,-21.6076715294129,32.4993487522308,-22.8467248002418,-10.81720127,23.826548184132
0.562467803979203,-0.480842954300141,0.142118107462711,-0.804910142413825,-0.279435650664816,0.673920624197608,-23.0960533629542,32.2236422740105,-16.3962409553041,-11.86195907,25.744361274134
0.553883157183574,-0.48266962793805,0.148397338202871,-1.03573577814145,0.0424817385225957,0.509882932173888,-19.2971912714275,25.6965198850009,-5.54876919122462,-12.19920373,27.11405616238
0.542667525151668,-0.481554753325245,0.154188224771126,-1.23254237093183,0.3085159561689,0.456535260130573,-13.1996546192652,17.1454595486585,4.04659990341128,-12.95024733,29.094754141789
0.530755892640513,-0.478323663503739,0.159609268216901,-1.36898735858943,0.490491116203036,0.499483800845308,-7.9073710875434,10.6840690436403,8.7353923425274,-13.20074153,30.29181560712
0.517550885807029,-0.474015731713691,0.165244719078099,-1.45040499676095,0.602875194949127,0.588145799751557,-4.989038492896,7.95482928845321,8.31643448253045,-13.76307936,31.586795727426
0.503672947907285,-0.468987244756214,0.171145761403962,-1.49987233140305,0.681422973859328,0.671074052907817,-4.09016363886791,7.79302155516806,5.21623336291739,-14.32337223,32.5904332278
0.489077326779396,-0.462867043879639,0.177517246932257,-1.53873906467808,0.754540643326291,0.722100768178183,-3.7726638476801,7.72652414358964,2.32775308247743,-14.39439587,32.814089122423
0.473409557920522,-0.455146253731405,0.18442816573579,-1.57452556665967,0.827217461740393,0.744295567049891,-2.82259726336987,6.03456718551184,1.07988607341763,-14.57985337,32.892417152736
0.456920824927819,-0.4460589817818,0.191727859248197,-1.60196285691984,0.885697899696509,0.754654287820337,-1.13410208697138,2.9315320766344,0.902912106190202,-15.40125913,33.62323296504
0.44032401922797,-0.436512482464601,0.199033266270445,-1.61366539425119,0.915868206933853,0.763885160370102,0.339717824623416,0.220190300263816,0.14725436157365,-15.77343957,33.474570362324
0.424544342824518,-0.427209951727965,0.206422634450754,-1.61110641166023,0.920052442752219,0.765825475826187,0.417448671071701,-0.180457165407221,-2.37998319898174,-15.34536188,32.416288827058
0.409144173955212,-0.418325952865818,0.214419425730911,-1.6075688150333,0.919754116215454,0.742381073078597,-1.3367082934202,2.27174731685091,-6.37300227524976,-16.90558936,33.244870114764
0.393224533490389,-0.409418573573013,0.222452474131883,-1.62110994055632,0.942883200125407,0.678748178271772,-4.16332350439948,6.23682157452713,-10.1343340229053,-16.98813355,32.487088237072
0.376388318882649,-0.40039345332167,0.22943913237097,-1.66259638527948,1.00490425674597,0.577322918769946,-6.47060397645218,9.26334661953309,-11.6539431186203,-17.56369888,32.148002717004
0.359749969110615,-0.390515440057695,0.234673403595634,-1.72710520569434,1.09707129915793,0.460673425383392,-6.75367534895326,9.28284775514372,-9.92451569038448,-17.91063706,31.71415306752
0.342716231053571,-0.379611463092736,0.238943796495064,-1.79464195918387,1.18989977670937,0.361428268479548,-4.52388434571827,5.86786695797616,-5.62730873137826,-18.36818817,31.393284088504
0.324994904655208,-0.367300610775264,0.242796570850802,-1.83988080264105,1.24857844628913,0.305155181165765,-0.631347304183993,0.487453090019043,-0.85543514471088,-18.83472616,31.077132241251
0.306456736939775,-0.354422551409102,0.246410919617149,-1.84619427568289,1.25345297718932,0.296600829718656,3.19060667950908,-4.41437807717381,2.09880422622868,-19.23278264,30.797001322912
0.287877403714071,-0.341622036498008,0.248896196738956,-1.8142882088878,1.20930919641758,0.317588871980943,5.25471213992096,-6.8364151251857,2.00821937802253,-20.67864489,31.737695493042
0.269641359298942,-0.3298638767221,0.251739407729092,-1.76174108748859,1.14094504516573,0.337671065761168,4.83969391983978,-6.32153750611137,-0.641453654934456,-20.98571088,31.557458811984
0.251918975580118,-0.318865578324639,0.255022881688235,-1.7133441482902,1.07772967010461,0.331256529211824,2.52119657483305,-4.0902184216015,-3.94834640021567,-22.24410437,32.48703255213
0.234719342930474,-0.308071804241178,0.258442791002066,-1.68813218254187,1.0368274858886,0.291773065209667,-0.201385046287277,-2.1947779885403,-5.68481042359888,-23.41056103,33.24279707463
0.217941505571956,-0.297524961260151,0.261796082494612,-1.69014603300474,1.01487970600319,0.234924960973678,-1.78857202179383,-2.22851786460009,-4.54879148899263,-24.39308577,33.897956266493
0.201484750152742,-0.287598611451609,0.264627967868699,-1.70803175322268,0.992594527357194,0.189437046083752,-1.48811161040088,-4.38264872371181,-0.8995417046236,-25.64872968,34.854583606119
0.185386992903635,-0.278150431243564,0.266808939330505,-1.72291286932669,0.948768040120076,0.180441629037516,0.301827363390011,-7.38071909366133,3.47057262908139,-27.01116433,36.110609566056
0.166534614784695,-0.267905754323408,0.267535161232949,-1.71989459569279,0.874960849183463,0.21514735532833,2.33911635524693,-9.30148426186606,6.38527974325344,-27.72301248,36.77129894855
0.149379500422815,-0.258774315246285,0.269186426837572,-1.69650343214032,0.781946006564802,0.279000152760864,3.27640103206833,-8.76551172222526,6.54159434525477,-28.9825382,38.16497362671
0.132081590377387,-0.250820466221577,0.271751301619779,-1.66373942181963,0.694290889342549,0.344416096213412,2.41233263955979,-5.78468402972559,4.23807965123212,-29.77906559,39.005802275145
0.115717041051621,-0.244417413970299,0.275755957668618,-1.63961609542404,0.636444049045294,0.386796892725733,0.0316157449797485,-1.78203951613221,1.16520168380239,-31.08036299,40.254731538492
0.100570530132753,-0.238762488027175,0.280731868851307,-1.63929993797424,0.618623653883972,0.398448909563757,-2.79646231824051,1.19926554215467,-0.618777554917164,-31.6317748,40.820114459472
0.0835525215065263,-0.232388584170669,0.284656868247617,-1.66726456115664,0.630616309305518,0.392261134014585,-4.75076113425505,1.58905782673916,0.158623930811955,-33.17447284,42.469637478534
0.0669512493345888,-0.225784271196559,0.288422689601889,-1.71477217249919,0.64650688757291,0.393847373322705,-4.83922499566099,-0.913006640236305,3.32473294287556,-34.55394496,44.10217026894
0.0497049746805477,-0.219191590841913,0.291839078935684,-1.7631644224558,0.637376821170547,0.42709470275146,-2.65051141594826,-5.29689144853243,7.50517685801311,-34.95997544,44.73566798778
0.0315990215228089,-0.212659411802189,0.295508883619151,-1.78966953661529,0.584407906685223,0.502146471331592,1.6347633506409,-9.84686953910599,11.0051434128057,-35.73688322,45.81278254995
0.0134209010948952,-0.20663848001748,0.300116369235779,-1.77332190310888,0.485939211294163,0.612197905459648,7.37217596874034,-13.0064538704309,12.7668600639834,-37.21609598,47.550257399312
-0.00410433092975558,-0.201810400840429,0.306713556030553,-1.69960014342147,0.355874672589853,0.739866506099482,13.5558126803757,-13.9895317222483,12.7931111399707,-37.69326001,48.03783421567
-0.0204903364606801,-0.198617548739373,0.315040674433595,-1.56404201661772,0.215979355367371,0.867797617499189,18.8197156133046,-12.8652033530303,11.847477378535,-38.57675929,48.9431121648
-0.0359104804487424,-0.196847173663547,0.324477210677535,-1.37584486048467,0.0873273218370681,0.98627239128454,21.6033914454942,-10.2059895462173,10.69881451441,-40.95420597,51.391063008372
-0.0497334190094991,-0.196104560501433,0.334020099257577,-1.15981094602973,-0.0147325736251045,1.09326053642864,20.539469491089,-6.62864584825645,9.5062031620782,-41.94720048,52.419667712559
-0.0612275668437149,-0.19591027638322,0.343565552424422,-0.954416251118836,-0.0810190321076691,1.18832256804942,15.1162593492841,-2.56763776046984,7.7636535164472,-43.78097291,54.273455011101
-0.0712741108455915,-0.196294999659303,0.354926775284674,-0.803253657625996,-0.106695409712367,1.26595910321389,6.26634009675938,1.62176451840901,4.82934518795729,-45.89747181,56.400141498766
-0.0801071813492303,-0.197069612386055,0.367949240749685,-0.740590256658402,-0.0904777645282774,1.31425255509347,-3.56367358078892,5.40834575166696,0.616912569798714,-47.97039448,58.307676319376
-0.0875892519946278,-0.198218149862275,0.381958881543851,-0.776226992466292,-0.0363943070116079,1.32042168079145,-11.12975428911,7.97583655195787,-4.08064571972371,-49.68708924,59.842927772217
-0.0945202193952777,-0.199009781294563,0.395593837672192,-0.887524535357393,0.0433640585079708,1.27961522359422,-13.7210524547524,8.43993672251968,-7.90768525641907,-53.26687793,63.116976166836
-0.1023692486575,-0.19881307413575,0.407925660818759,-1.02473505990492,0.127763425733168,1.20053837103003,-10.4707238707771,6.31273783764339,-9.69926859569309,-57.86340261,67.37531975547
-0.112336208263479,-0.197583137470277,0.419768476219238,-1.12944229861269,0.190890804109601,1.1035456850731,-2.91398801478043,1.91423336390566,-9.13709336916999,-57.96588712,67.526397893034
-0.124317250250058,-0.195544672840027,0.430718590613907,-1.15858217876049,0.210033137748658,1.0121747513814,5.6221340243401,-3.57142221668198,-6.88366092522162,-61.9921539,71.265907205648
-0.137717493278861,-0.192749299579359,0.44079777192373,-1.10236083851709,0.174318915581838,0.943338142129179,11.585183115695,-8.52119939559555,-4.16025294309148,-65.79316968,74.980409444928
-0.14847825742658,-0.191078481051126,0.450058143883219,-0.98650900736014,0.0891069216258828,0.901735612698264,12.9177865826296,-11.5745894165032,-2.09521514711032,-68.63370859,77.624348157864
-0.157231071931625,-0.19058512080295,0.459038274433368,-0.857331141533843,-0.0266389725391488,0.880783461227161,10.0407480275226,-12.2646919167479,-1.25822843722963,-72.29428314,81.15611552152
-0.165369188629969,-0.190946244609552,0.468158443570445,-0.756923661258617,-0.149285891706628,0.868201176854865,5.52017595224721,-11.2121615865401,-1.62458178473617,-75.68875458,84.53103824738
-0.172939503122347,-0.19247659694519,0.477169202729104,-0.701721901736145,-0.261407507572029,0.851955359007503,2.61706926756807,-9.79321040495381,-2.85714294146206,-78.34900748,87.009788329035
-0.180358735282421,-0.194945615103285,0.485829383185968,-0.675551209060464,-0.359339611621567,0.823383929592883,3.51387785967636,-9.45241377626893,-4.63422419914128,-82.04869102,90.743435613225
-0.187008688965537,-0.198660698689003,0.493598619310914,-0.640412430463701,-0.453863749384257,0.77704168760147,8.1986283585635,-11.0369777121795,-6.76534177441253,-85.34299961,93.88364960324
-0.193685112835687,-0.202989851762893,0.501082667937953,-0.558426146878066,-0.564233526506052,0.709388269857344,14.5420969928932,-14.4629898097422,-9.12409013948576,-87.54146506,95.804413940216
-0.199489442104374,-0.208618832164955,0.507884868437049,-0.413005176949134,-0.708863424603474,0.618147368462487,19.4814468426097,-18.8467441423079,-11.6398262715457,-90.42719748,98.67388550914
-0.203695062344604,-0.215762006993505,0.514184982216243,-0.218190708523037,-0.897330866026553,0.50174910574703,20.6221578203158,-22.9941054349207,-14.4326947063,-93.12909748,101.196566326596
-0.205622649000001,-0.224720550962399,0.519865892795803,-0.0119691303198793,-1.12727192037576,0.35742215868403,17.3600622549595,-25.9778717253413,-17.971407525245,-94.40720151,102.293349285888
-0.20564622508207,-0.235866603174747,0.524009408985259,0.161631492229716,-1.38705063762917,0.17770808343158,11.1368503187264,-27.565623234617,-22.9780542927036,-96.05868438,103.85077606272
-0.203623932149071,-0.250014500400143,0.525557424576526,0.27299999541698,-1.66270686997534,-0.0520724594954554,4.67995162323486,-28.3005966379809,-29.9159277616611,-95.37419176,103.252865504937
-0.200693412284834,-0.26687914834126,0.524462919875954,0.319799511649328,-1.94571283635515,-0.351231737112067,0.857452116032185,-29.2645080330771,-38.2908899276318,-94.09596411,101.781438249257
-0.19780483844211,-0.286052476103546,0.520407149241976,0.32837403280965,-2.23835791668592,-0.734140636388384,1.66976227352436,-31.6063111315617,-46.3748670272749,-91.4372246,99.000228848
-0.195309343988328,-0.308006405357842,0.513250381963745,0.345071655544894,-2.55442102800154,-1.19788930666113,7.72091340761779,-36.0007689881783,-51.8190528462093,-89.30703355,96.76786402536
-0.192059079281528,-0.333519531323189,0.500886935894593,0.422280789621072,-2.91442871788332,-1.71607983512323,18.2607425942761,-42.2271062604915,-53.0202286630148,-82.23221473,89.383575180042
-0.187231341316346,-0.363059400828125,0.48399174015371,0.604888215563833,-3.33669978048824,-2.24628212175337,31.47566490177,-49.009350816025,-50.425333740635,-76.9806307,84.370263091308
-0.180705380884747,-0.396646522014958,0.46233259072689,0.919644864581533,-3.82679328864849,-2.75053545915973,44.8978001970864,-54.2397180268483,-46.6341900412135,-69.02007068,76.18691562038
-0.171482575566611,-0.434825225552808,0.436178854749568,1.3686228665524,-4.36919046891697,-3.21687735957186,55.7571648115621,-55.5636355330983,-44.7762619742114,-59.28625176,66.24803178996
-0.158094757013154,-0.47831356520322,0.404463745967688,1.92619451466802,-4.92482682424795,-3.66463997931398,61.4160937097802,-51.1712178553754,-45.8607453807535,-48.83288925,55.33238700055
-0.139274875354091,-0.527394953289717,0.366200172129768,2.54035545176582,-5.43653900280171,-4.12324743312151,59.9072867988973,-40.5080889684873,-46.7877994652425,-38.14407172,44.608581252731
-0.113207007656105,-0.58180173711379,0.321872156147019,3.13942831975479,-5.84161989248658,-4.59112542777394,50.5356187854035,-24.5985292629742,-40.7534746465748,-27.4719942,33.838971800226
-0.0823649197219225,-0.640077076909763,0.274654112985877,3.64478450760883,-6.08760518511632,-4.99866017423968,34.320683342121,-5.81323194569944,-20.5562933038455,-18.64506933,24.612427268778
-0.0461194652111619,-0.700962282410867,0.226912353239412,3.98799134103004,-6.14573750457332,-5.20422310727814,13.9585692564841,12.8738639351105,16.604998647937,-12.34883418,18.0778699503
-0.00596163038364821,-0.762696646618136,0.179555598116105,4.12757703359488,-6.01699886522221,-5.03817312079877,-6.72611812035501,28.8209591381078,65.5848834918751,-8.04355813,12.152408710428
0.0357181907182661,-0.823136916554761,0.132013232113771,4.06031585239133,-5.72878927384114,-4.38232428588002,-23.8908671055575,40.4871874818442,113.529352860043,1.27919972,0
0.0763218329022216,-0.880296519545278,0.0858069386921849,3.82140718133575,-5.32391739902269,-3.24703075727959,-34.7577498950472,47.6884691892926,144.52855078364,1.6441505,0
0.114197310964345,-0.933043981499433,0.0469625093308246,3.47382968238528,-4.84703270712976,-1.80174524944319,-38.3728254333008,51.3126001388069,146.748170048483,2.14179142,0
0.148782950026076,-0.981194185466378,0.0247775641079436,3.09010142805227,-4.3339067057417,-0.334263548958359,-35.7017921418439,52.6800781278832,118.412022704723,2.35585757,0
0.179707879315072,-1.02469729252212,0.0244277118121838,2.73308350663383,-3.80710592446287,0.849856678088875,-29.0516717168831,52.9056463950332,69.340686749018,2.01720076,0
0.207078970228356,-1.063194974703,0.0401250044861519,2.442566789465,-3.27804946051253,1.54326354557906,-21.1358481036071,52.5518033443142,16.9610283735802,1.28649417,0
0.231784688206707,-1.09624679380893,0.0590835331811316,2.23120830842893,-2.75253142706939,1.71287382931486,-14.2094844322483,51.6777699879352,-21.2878799859885,0.62330317,0
0.253563974230995,-1.12349753973243,0.0732172057985903,2.08911346410645,-2.23575372719004,1.49999502945497,-9.48805816711525,50.1469095788805,-35.3998988669553,0.36171702,0
0.27489674272437,-1.1456619508076,0.0828252113912937,1.9942328824353,-1.73428463140124,1.14599604078542,-7.17099553454913,47.9664752067806,-26.3418406671549,0.45372134,0
0.294992209088294,-1.16288306584234,0.0916778747865825,1.9225229270898,-1.25461987933343,0.88257763411387,-6.71397846549897,45.416822885035,-4.28057750000413,0.63308932,0
0.313990756612226,-1.17534669450869,0.101895122112214,1.85538314243481,-0.80045165048308,0.839771859113828,-7.28263058405181,42.9526603650347,17.2053258091355,0.72078907,0
0.332124267646189,-1.18339308839525,0.113619853247892,1.7825568365943,-0.370925046832734,1.01182511720518,-8.12437914408722,40.9784568600539,27.651153583376,0.71983309,0
0.350262293497861,-1.18736729420823,0.126105793505266,1.70131304515342,0.0388595217678059,1.28833665303894,-8.75619062196276,39.6557657033611,23.723281509028,0.71107438,0
0.36725229238212,-1.18700543683975,0.138970530773247,1.6137511389338,0.435417178801418,1.52556946812922,-9.00504850502761,38.8650677858047,9.21624168115975,0.742917,0
0.383512921313563,-1.18258498960694,0.151623378612318,1.52370065388352,0.824067856659464,1.61773188494082,-8.93808510931697,38.3154732162131,-8.27515890188128,0.79872765,0
0.398928445589628,-1.17433995456222,0.166084792123776,1.43431980279035,1.20722258882159,1.53498029592201,-8.82358757769268,37.7507724681801,-21.7615766094384,0.82944099,0
0.412599999527055,-1.16209510082321,0.182043862194395,1.34608392701342,1.5847303135034,1.31736452982762,-9.02560100195794,37.0691934527281,-27.9647409449042,0.81066502,0
0.426583753248689,-1.14619378649007,0.195823741039044,1.25582791699384,1.95542224803068,1.03771712037858,-9.89796031834489,36.3162368974563,-27.9456030009127,0.75765839,0
0.439303604103211,-1.12687418931543,0.20717666468417,1.1568483138104,2.31858461700524,0.758261090369455,-11.5607867776382,35.5122782667753,-25.4130965198513,0.70791529,0
0.45039154592718,-1.10373710712079,0.215020170328375,1.04124044603401,2.67370739967299,0.504130125170942,-13.7452827337696,34.5122423546581,-24.1751576211562,0.70886563,0
0.461094975834438,-1.07700012539162,0.219553304918868,0.903787618696317,3.01882982321957,0.26237854895938,-15.7950043130801,32.9900194825092,-26.0292972423834,0.78386616,0
0.469922282388222,-1.04663777959959,0.22168563632335,0.745837575565516,3.34873001804467,0.00208557653554552,-16.9087676911512,30.605201241086,-30.0347186967327,0.89372809,0
0.477162500839309,-1.01311534624895,0.22152545942938,0.576749898654004,3.65478203045553,-0.298261610431781,-16.5609473200237,27.2496780379181,-33.2445471135315,0.96780155,0
0.483163518940851,-0.976803023811224,0.218678179204093,0.411140425453767,3.92727881083471,-0.630707081567097,-14.84947253585,23.2021580603201,-32.32880090018,0.98322474,0
0.487902771680017,-0.93770744383943,0.212506261080189,0.262645700095267,4.15930039143791,-0.953995090568897,-12.5560616099422,19.0880319799429,-25.2301491919971,0.99649489,0
0.490004124537473,-0.895887271562118,0.203482934503718,0.137085083995845,4.35018071123733,-1.20629658248887,-10.7370060368302,15.4840964447683,-12.4769466336372,1.0767831,0
0.49164431410813,-0.852260738137797,0.191222866380557,0.0297150236275429,4.50502167568502,-1.33106604882524,-10.1672031832112,12.7467724918293,3.12267756046814,1.22452188,0
0.491663371881831,-0.807283156335082,0.177748344058652,-0.0719570082045691,4.63248940060331,-1.29983927322056,-10.8330714820849,10.8470385387949,17.4279704230741,1.3696919,0
0.490421011264611,-0.760980702253027,0.16468778346659,-0.180287723025418,4.74095978599126,-1.12555956898982,-11.889917136763,9.53789015781553,26.6643800544145,1.44591718,0
0.488521259120124,-0.713642691965887,0.153177120977926,-0.299186894393048,4.83633868756942,-0.858915768445673,-12.1648032269324,8.64632439759251,28.9301157657991,1.44943902,0
0.485845215765744,-0.665315081214597,0.144357497363509,-0.420834926662373,4.92280193154534,-0.569614610787682,-10.8882095709988,8.24318321919835,24.8409540623815,1.4180679,0
0.483782433986626,-0.616491237926781,0.13881561709417,-0.529717022372361,5.00523376373733,-0.321205070163867,-8.25896153738827,8.52239591408239,17.0471944404016,1.387478,0
0.476356239010033,-0.566190596335161,0.13660442560543,-0.612306637746243,5.09045772287815,-0.150733125759852,-5.40483066939103,9.43468276422675,8.88503993482376,1.36794121,0
0.470388445170664,-0.515155582328024,0.135219359189118,-0.666354944440154,5.18480455052042,-0.0618827264116142,-3.72274283326543,10.3587419082324,2.86266896096404,1.36144295,0
0.463894071882401,-0.463027505611343,0.13382737777831,-0.703582372772808,5.28839196960274,-0.0332560368019738,-3.96918611855222,10.125226027639,-0.29380522917256,1.36612184,0
0.45636066080626,-0.410010746683988,0.132615349936291,-0.74327423395833,5.38964422987913,-0.0361940890936994,-5.66820692609658,7.48154468287712,-1.64771151765262,1.36228098,0
0.449139951645552,-0.356394346381788,0.132522900369412,-0.799956303219296,5.4644596767079,-0.0526712042702256,-7.23868738964966,1.73730016837141,-3.23771039089373,1.33096514,0
0.441342375911409,-0.302426294872968,0.132884616715295,-0.872343177115793,5.48183267839162,-0.085048308179163,-6.80662464774603,-6.87503263879237,-6.90844398484235,1.30276055,0
0.432677425818765,-0.247896544400045,0.132307275586836,-0.940409423593253,5.41308235200369,-0.154132748027586,-3.24970143963341,-17.4466407458163,-13.2829723946831,1.26614607,0
0.424849371923494,-0.193335937553144,0.129304567508474,-0.972906437989587,5.23861594454553,-0.286962471974418,3.11935899108746,-29.1298079459726,-21.2054221512863,1.17585337,0
0.413485761976424,-0.140513951087126,0.127309675895665,-0.941712848078713,4.9473178650858,-0.499016693487281,10.6473321023521,-41.823810525165,-27.8088840876593,0.95163128,0
0.403968936398102,-0.0909946300461726,0.123501278106956,-0.835239527055192,4.52907975983415,-0.777105534363874,17.0980555809459,-56.1690933427068,-29.2454910862036,0.61037776,0
0.395208923108023,-0.0451799485406938,0.115859682098998,-0.664258971245733,3.96738882640709,-1.06956044522591,20.6795326963426,-72.6451282149131,-22.0615199730301,0.27898992,0
0.38840047223581,-0.00513205444622428,0.103132647120209,-0.457463644282307,3.24093754425795,-1.29017564495621,20.7485210433186,-90.2305187345085,-5.01725483825936,0.08314931,0
0.38420180783078,0.026422749858117,0.0882319822325782,-0.249978433849122,2.33863235691287,-1.34034819333881,17.8950779157799,-105.580842280038,19.2492213715721,0.02603522,0
0.382825338906363,0.0476359725479747,0.0759449356825046,-0.071027654691323,1.28282393411249,-1.14785597962308,13.4592327063436,-113.563110034943,43.7247753037276,0.00515985,0
0.383192551119528,0.05950585905235,0.0676229260327165,0.0635646723721133,0.14719283376306,-0.710608226585808,8.86310794898943,-109.245301108959,58.6065156974889,-0.06665525,0
0.382569896880364,0.0634610584043068,0.0620383302261975,0.152195751862008,-0.945260177326534,-0.12454306961092,5.10028218376978,-90.4569993933127,55.0565665034025,-0.15695571,0
0.38274122852265,0.0573493745599488,0.0600810490625056,0.203198573699705,-1.84983017125966,0.426022595423105,2.57527570678545,-59.5046467423433,29.8017118711749,-0.11290001,0
0.383202612070001,0.0398949191271249,0.0611738738836724,0.22895133076756,-2.44487663868309,0.724039714134853,1.23649359292994,-22.9197167671324,-11.7311905972791,0.17313913,0
0.38731559826205,0.0115931608862802,0.0669052977824435,0.241316266696859,-2.67407380635442,0.606727808162062,0.75657368354991,10.8604192607157,-55.9206012142743,0.57107051,0
0.391914794611929,-0.0189744092713106,0.0707896849378567,0.248882003532358,-2.56546961374726,0.0475217960193189,0.683030707223019,34.7925372188858,-85.7684643047616,0.81242773,0
0.394748619046814,-0.0448783634999309,0.0738219611626758,0.255712310604589,-2.2175442415584,-0.810162847028297,0.521422956806096,45.8289674762298,-88.2423299944124,0.8007546,0
0.395850453781179,-0.0636568185474677,0.071056558870456,0.26092654017265,-1.75925456679611,-1.69258614697242,-0.172579677170528,45.5395447521592,-60.6633349633566,0.67943067,0
0.396403729262713,-0.0775449786661081,0.0572698566610963,0.259200743400944,-1.30385911927451,-2.29921949660599,-1.60385892120587,38.5745340835627,-12.6739569316225,0.63607271,0
0.398847137506562,-0.0895127797123166,0.0319794113208921,0.243162154188886,-0.918113778438887,-2.42595906592221,-3.57206477019029,29.9884990968922,37.6260196031035,0.71843243,0
0.40256103967891,-0.101496919483785,0.00117609116365393,0.207441506486983,-0.618228787469965,-2.04969886989118,-5.46136842582375,22.958382401817,71.7124767231027,0.83234217,0
0.407186959986696,-0.114474265569638,-0.0302544259757248,0.152827822228745,-0.388644963451795,-1.33257410266015,-6.48497714417399,18.0245074227131,78.8677352717187,0.90959348,0
