0.457503326122211,-0.271033326572584,0.21275316513002,-0.252389999416718,-0.262765090372681,-1.39862818925669,13.3304385212284,-7.02745496802879,-11.6413438677203,-1.12710484,0.424378492355717
0.4533516224187,-0.27726554198242,0.195789881477022,-0.215990362437116,-0.478505527879046,-1.91098094561768,20.0671779062548,-21.5624936224604,3.36415325191643,0.79339881,4.59864165888658
0.450222773112111,-0.282304967965516,0.173485236163519,-0.0805384677262011,-0.792033493151762,-2.14381878568401,22.1496535139086,-34.6019023263059,22.318826864001,2.96079796,7.48963711789397
0.449336240448943,-0.288715710486545,0.14938542546656,0.114385134893283,-1.17794174054061,-2.02920382188769,17.3570614536025,-40.147958919095,38.810048698599,5.45503777,7.88002309345151
0.450602402819305,-0.299259048322835,0.128887947991245,0.293039709789795,-1.57178968297535,-1.62033098026507,6.03191056125827,-34.427901852483,47.3398935878827,7.80472527,7.44401746356195
0.453963701009794,-0.314855837084492,0.114644819493209,0.374064206633344,-1.88498737501072,-1.06233269682197,-8.71759052313859,-17.9287955907428,45.8062706512669,8.98167526,6.8070425353798
0.457876576301923,-0.334225969569496,0.106334388706744,0.30642326667277,-2.03495095705004,-0.524452840361922,-22.1588701351881,4.49645579661246,36.2235054798324,9.33593141,6.03227987068298
0.461195944876995,-0.355186198755762,0.102379978069076,0.0928892734013903,-1.97789529639309,-0.129307369101052,-29.9343929208539,25.6085157528438,23.3930571382231,9.43747831,5.08942755788846
0.46222679637255,-0.375441773422218,0.100119087980821,-0.21089539849356,-1.72847623716496,0.0864789455617363,-29.9668295087483,38.9050114294922,12.3653820709005,9.41100793,4.02327645354815
0.460384536595354,-0.392962986128134,0.0992095386136096,-0.521455887779671,-1.3557766395204,0.165628776345207,-23.3248338202346,41.3403729914463,6.14126120719987,9.26334953,2.74537457556246
0.453494061007884,-0.406079055171726,0.0997282543070266,-0.764121093701036,-0.956508780636723,0.18856537720634,-13.5677505986822,34.3016166176574,4.77284662180257,8.99515499,1.27288715863963
0.446792524118725,-0.415163948586627,0.101491794324436,-0.902759532659736,-0.617937337256534,0.224195883293684,-4.98463087758599,22.487895181852,6.12923047609819,8.24079685,0.520934465367054
0.437787039519599,-0.420787067474929,0.104507787849065,-0.949083790671809,-0.387771356157544,0.299878797407603,-0.58380460094797,11.3943241909317,7.61160695153188,7.19564364,2.31102409808836
0.427949146662739,-0.424573055410575,0.108608013415354,-0.94859643465984,-0.264332911611741,0.401839579448613,-0.892690300853536,4.80040801004797,7.683083743739,5.83848487,4.14132987808844
0.418127225488396,-0.427532943406536,0.113109300110321,-0.952745197837377,-0.20915625880095,0.498193231391858,-4.09923873756522,3.49675368350859,6.38029631256596,4.53853841,5.72190188270115
0.410174422090443,-0.430490443966613,0.11810797125912,-0.992855758492414,-0.172864992126383,0.56559921579814,-7.34372687016327,5.69329557913757,4.73093078869939,3.33907536,7.11780277696313
0.399881808306118,-0.432510550525659,0.123192921886827,-1.06880128011137,-0.119697230963387,0.602660151270222,-8.38894590143117,8.6096700603083,3.68508337815205,2.3931439,8.24565730185922
0.388873647576653,-0.433545965533608,0.128517627521215,-1.15625207624903,-0.0389465332749709,0.624959857100016,-6.71950877517649,10.1746241409584,3.37520124285624,1.41199103,9.36054860508064
0.377177413827936,-0.43350935201656,0.134475204901275,-1.22573399565244,0.0593668939270316,0.649368193596046,-3.5820464133919,9.9155313844156,3.13409308402175,0.2480488,10.5212436555777
0.364089837633448,-0.432241666671893,0.141058435170685,-1.2616097556668,0.158439201886669,0.680483193162814,-1.05764172067624,8.71850005415839,2.13121032968425,-0.98496984,11.5193556372654
0.351616089548097,-0.430314934006099,0.148225045582299,-1.27061430253322,0.247983772199351,0.708217739955914,-0.744779796836238,7.82379783157786,0.0934306146709679,-2.14030974,12.1582184990255
0.339688313963092,-0.428499606230058,0.155806177450849,-1.27623864376966,0.32895898225308,0.716602436588414,-2.87526580757542,7.85087599287078,-2.45019759465802,-3.17193171,12.4772686392736
0.327009586556405,-0.425684855974969,0.163184409383333,-1.30403050466717,0.408910016343833,0.696026144224199,-6.25824326168683,8.43741450652271,-4.51868783095043,-4.17255659,12.7072528065065
0.314333179215893,-0.421777965242312,0.170048541843739,-1.36678634945537,0.493023848514973,0.650130727911666,-9.02601199651447,8.62506657269547,-5.34397781430432,-5.01089507,12.7948037745487
0.30013823122999,-0.416772261114759,0.176064409904689,-1.4578805947677,0.578022390002407,0.593282829662526,-9.65115463522434,7.60768240900368,-4.85988373978815,-5.86979793,12.9449741967418
0.28540223309583,-0.410740910238014,0.181767517581676,-1.55518742076584,0.652905402005114,0.541434590288938,-7.68880967097639,5.31015864057874,-3.70548451075286,-6.68910463,13.0891151142888
0.269762450416978,-0.403966540061038,0.187165916253071,-1.63239880557429,0.705521693405678,0.503058834993358,-3.860350537304,2.42315989928748,-2.76558024953435,-7.56283364,13.3009292899616
0.253345136297267,-0.396671920569832,0.192394745192061,-1.67085412205222,0.729975742067805,0.476008511704025,0.439939042621847,-0.0526239612437122,-2.60181720299564,-8.35472274,13.4880312642855
0.236650228781756,-0.389250562773262,0.197387407172246,-1.6661111475815,0.729965264159397,0.451394176272686,3.8551150407895,-1.40358280994645,-3.138606618325,-9.13841887,13.7504212496391
0.2206371927816,-0.382476699265368,0.201733616476251,-1.62729893011901,0.71632132966237,0.421074793748903,5.67105254767584,-1.58076758427958,-3.77395013762204,-10.03012339,14.1945479837384
0.204045362317317,-0.375629679234679,0.206291652028248,-1.57051706299761,0.7006207463601,0.383626784406028,5.8988365590181,-1.10382635235209,-3.80142231718723,-10.90431854,14.6729264369706
0.188294218731009,-0.368681017337006,0.210003522113748,-1.51158886809885,0.689492159264115,0.345366712161314,5.0822838557322,-0.682216912447902,-2.82882294370836,-12.13542474,15.5629214501001
0.173259064007208,-0.361537118545883,0.21319786559865,-1.46084687155185,0.68254863638743,0.316748173518651,3.85733894087093,-0.76014370322007,-0.980278423216747,-13.5597278,16.7206086607045
0.15859344836953,-0.354310622047908,0.216199160832983,-1.42227348214314,0.67494719935523,0.306945389286484,2.67317351250706,-1.32852413047666,1.22899267099527,-15.2675332,18.2221154000029
0.144264282818819,-0.347409130640331,0.219342811927892,-1.39554174701807,0.661661958050463,0.319235315996437,1.70457783366385,-2.02484436877387,3.15933737779517,-16.99165844,19.7383031754635
0.130270607773052,-0.341096302835668,0.22274496286565,-1.37849596868143,0.641413514362725,0.350828689774388,0.967210478681982,-2.45224508357429,4.36678945114778,-18.83722059,21.3509505089011
0.116510852225612,-0.335043059246918,0.226363827147838,-1.36882386389461,0.616891063526982,0.394496584285866,0.447101174569729,-2.43980616102069,4.69574028342073,-20.84602546,23.0966724644342
0.103008858072215,-0.328910916653068,0.230314841374781,-1.36435285214891,0.592493001916775,0.441453987120073,0.195769817267788,-2.12510073557258,4.24508757720688,-22.99703634,24.9791657128047
0.0892985152393601,-0.322659554806805,0.234544067716744,-1.36239515397623,0.571241994561049,0.483904862892142,0.281060146732981,-1.8308693839773,3.26041446317563,-25.60166218,27.351995907607
0.0757883836628579,-0.316795038033396,0.239264596738227,-1.3595845525089,0.552933300721276,0.516509007523899,0.709589702086382,-1.85173447937287,2.04028366015516,-28.15152319,29.6786935227271
0.06213283963066,-0.311410764311637,0.244429819770622,-1.35248865548804,0.534415955927547,0.53691184412545,1.37696489093027,-2.28662514385958,0.873811726167248,-30.79509737,32.0705465206122
0.0482313593337014,-0.306167376883224,0.249975208326291,-1.33871900657874,0.511549704488951,0.545649961387123,2.1044805719061,-3.01633407879411,0.00909262472821746,-33.22701972,34.2053807609999
0.0354823346026003,-0.30129315172435,0.255397158994212,-1.31767420085968,0.48138636370101,0.545740887634405,2.71091735243795,-3.80564833469405,-0.404538521887488,-35.64760412,36.3038838956653
0.0218276632350284,-0.29613858043638,0.260873120272099,-1.2905650273353,0.44332988035407,0.54169550241553,3.121714495098,-4.45925951030844,-0.355892676736771,-38.13291931,38.4750396554398
0.00905334990479641,-0.291693822686957,0.266302113343552,-1.25934788238432,0.398737285250985,0.538136575648162,3.34780619988704,-4.91636009237862,0.0221188420927816,-40.70439706,40.7626738329129
-0.00346262397834558,-0.287801101758898,0.271665335776538,-1.22586982038545,0.349573684327199,0.53835776406909,3.49063004223341,-5.26168906462833,0.511578239106062,-43.55725697,43.4180976315436
-0.0157688982971897,-0.284350598394076,0.277018449611563,-1.19096351996311,0.296956793680916,0.543473546460151,3.67707624320065,-5.64252683725493,0.909607611525008,-46.34457812,46.0771565612346
-0.0276944726729426,-0.281353547102352,0.282359601658026,-1.15419275753111,0.240531525308366,0.552569622575401,4.02186085612601,-6.16662171217391,1.12770229245801,-49.38401766,49.0103280879124
-0.0392949850605651,-0.278896798783432,0.287804828211384,-1.11397414896984,0.178865308186628,0.563846645499981,4.59967713792188,-6.8195066425424,1.19187615601551,-52.4878388,52.0110200986733
-0.0498436196220688,-0.27744732605253,0.293715800937092,-1.06797737759063,0.110670241761203,0.575765407060136,5.45123771742955,-7.45706802023787,1.19343090797823,-55.79322494,55.2267664249871
-0.0610588758845878,-0.276109356997017,0.299395463606237,-1.01346500041633,0.0360995615588248,0.587699716139919,6.53932162657987,-7.85112982202141,1.15984188147128,-59.28171746,58.6363833710754
-0.0720475292435362,-0.275254365924091,0.305071276777183,-0.948071784150533,-0.0424117366613893,0.599298134954631,7.71165771275213,-7.78964018197852,0.989619373736899,-62.79429069,62.0860016667518
-0.080448139272589,-0.276220344927612,0.311454006589184,-0.870955207023011,-0.120308138481175,0.609194328692,8.69691953526438,-7.18774864752587,0.485960389932062,-66.33571927,65.6014119201127
-0.0887382676910626,-0.277653989442061,0.317393378265283,-0.783986011670367,-0.192185624956433,0.614053932591321,9.15204853830588,-6.16263825377311,-0.488132932834291,-69.74992184,69.0046990483103
-0.096722263962473,-0.2794630314148,0.323302990157773,-0.692465526287309,-0.253812007494164,0.609172603262978,8.77210608900903,-5.02526865515476,-1.84413382881925,-73.34687523,72.5926026346438
-0.104583156227621,-0.281592534862295,0.32925707216694,-0.604744465397218,-0.304064694045712,0.590731264974786,7.43011012172215,-4.19307902166247,-3.22911079713845,-77.01055488,76.2285665231536
-0.110638483914031,-0.28461973392432,0.335328955697568,-0.530443364179997,-0.345995484262337,0.558440157003401,5.2366258473978,-4.03009584114704,-4.20560132039271,-80.89304298,80.0510966356089
-0.115621850794218,-0.288212088575032,0.341057089650699,-0.478077105706019,-0.386296442673807,0.516384143799474,2.52801083330405,-4.68958865817081,-4.53541024431058,-84.95922598,84.0555270670974
-0.119653056093506,-0.29251432710106,0.346563965247495,-0.452796997372978,-0.433192329255515,0.471030041356368,-0.24037587750061,-6.049073931524,-4.40653079389426,-89.00923358,88.0670991411797
-0.12449484954422,-0.296752669821305,0.351171064099161,-0.455200756147984,-0.493683068570755,0.426964733417425,-2.60201108588573,-7.77741793828748,-4.37798033989872,-92.99882617,92.1044278915274
-0.129857550298293,-0.301205663255869,0.355143177087832,-0.481220867006842,-0.57145724795363,0.383184930018438,-4.13884246409231,-9.51794809195426,-5.03618906617445,-96.58318994,95.7695638644269
-0.133327825625547,-0.307262176718973,0.358736173670644,-0.522609291647765,-0.666636728873173,0.332823039356694,-4.47923999920643,-11.0932337384308,-6.54246022320998,-100.11884279,99.3362521528444
-0.139952212504048,-0.313494383402163,0.361946563712688,-0.567401691639829,-0.77756906625748,0.267398437124594,-3.3049551487198,-12.606568193117,-8.38959126032139,-103.36638611,102.562198029602
-0.144794618216264,-0.321820855684315,0.365073142694987,-0.600451243127027,-0.90363474818865,0.18350252452138,-0.388666139440024,-14.3869100599295,-9.64016427808375,-106.18014239,105.416303358529
-0.151603623230515,-0.330471790084934,0.366728732527364,-0.604337904521427,-1.04750384878794,0.0871008817405425,4.21034394364771,-16.7604513679797,-9.5242811172886,-108.55905874,107.986857602959
-0.15700352480493,-0.341187101844674,0.367811205800738,-0.56223446508495,-1.21510836246774,-0.00814192943234348,9.96480798135199,-19.7915081660671,-8.10279326265755,-110.60206855,110.287327206012
-0.162309432196077,-0.353346318385936,0.36795363479061,-0.46258638527143,-1.41302344412841,-0.089169862058919,15.8248238813182,-23.1329832707563,-6.47118225551051,-112.26688466,112.237931007207
-0.166794197255279,-0.367463297801764,0.367245177023826,-0.304338146458248,-1.64435327683598,-0.153881684614024,20.4277718441709,-26.0963164586956,-6.28193840059617,-113.02806738,113.392931306506
-0.170628212114084,-0.383683505082264,0.365041735495097,-0.100060428016539,-1.90531644142293,-0.216701068619986,22.522191675549,-27.9234377451204,-8.78215071027414,-113.03361671,113.885972194883
-0.171455707968105,-0.402781851929088,0.362826334621268,0.12516148873895,-2.18455081887414,-0.304522575722727,21.5818143362417,-28.1637559008825,-13.9554866133889,-112.30383637,113.63260219839
-0.170380544831771,-0.424679317687688,0.359632664309858,0.340979632101367,-2.46618837788296,-0.444077441856616,18.128451101454,-26.9299834347903,-20.4050887443562,-110.86129527,112.506450141195
-0.16689888908513,-0.449352401848751,0.355029022955441,0.522264143115908,-2.73548821223086,-0.648128329300178,13.700218967467,-24.9135526069404,-26.1618561587802,-108.47894261,110.588938007554
-0.161290276326373,-0.476637020947843,0.348892596625475,0.659266332790578,-2.98462373830027,-0.90974689088798,10.3027340048691,-23.1101286249872,-29.9753608381142,-104.48758919,107.568021470386
-0.154525113284801,-0.506602557756849,0.340468362168733,0.762293672839269,-3.21572502455014,-1.20950049926912,9.56407782844948,-22.3501002500379,-32.1848198640854,-98.90238759,103.277635111181
-0.147114534292624,-0.53875110579396,0.328622844649506,0.857934451123764,-3.43922602705052,-1.53134869790998,11.9723648150525,-22.8483673038108,-34.4298568168058,-92.15954872,97.689279279219
-0.138899432866305,-0.573036345068023,0.313351864178768,0.977658099274289,-3.66770970008863,-1.87564726607803,16.5440374792669,-23.9584420533353,-38.1736489313157,-84.5119178,91.1054752859311
-0.129178594529987,-0.609596403903102,0.293915329769707,1.14309847406696,-3.90729412062198,-2.25738375539119,21.1591892622551,-24.2940584816226,-42.8621153294046,-75.79018671,83.4902075099248
-0.117396886422746,-0.64876309679167,0.270438816116675,1.35469036668951,-4.15023470543821,-2.68600490868524,23.4270684648903,-22.1752611012467,-45.0672557038129,-65.59657634,74.599064445366
-0.103741773486873,-0.69028442628954,0.243019744705991,1.58896105133841,-4.37198731645068,-3.13667746572337,21.6924832003273,-16.2726458193794,-39.4674942314328,-54.2735862,64.5407893663099
-0.0881064560583797,-0.734038269963621,0.212081466789809,1.80588588334169,-4.53471377464447,-3.53135240803769,15.788343434867,-6.18974504002753,-21.5970339175543,-42.20326999,53.3744228937178
-0.069831762374163,-0.779372453599379,0.177883803599755,1.96376931769036,-4.59661122504474,-3.74732274721324,7.12666100497412,7.26121221794754,9.02836549065066,-30.06225553,41.9430165883484
-0.0507102468051175,-0.825237647376871,0.142580990946021,2.0350359277401,-4.52399910286527,-3.65703909230673,-1.86677711012825,22.2189958634059,47.2097579236887,-18.44650989,30.8605007604572
-0.0301897918956674,-0.870283286897505,0.105801426065176,2.01636815663881,-4.30180914423121,-3.18494151306984,-8.73312660348006,36.3327389233828,83.0729103966172,-7.81919788,20.4307368410931
-0.0095826916862984,-0.913420083028111,0.0719041499218861,1.92903689060401,-3.93848175499738,-2.35421240910367,-11.960236240972,47.5090491756845,105.641223833,1.11366748,10.3482121330104
0.00963652409814813,-0.952967819166034,0.0457155167843023,1.80943452819429,-3.46339126324054,-1.29780017077368,-11.4752215762447,54.5392738116946,107.39762510329,5.43051719,2.3733345277521
0.0276662810676668,-0.987664072134302,0.0326546664675851,1.69468231243185,-2.91799852512359,-0.22382391974078,-8.55694372553273,57.3840881363521,87.5924188301397,4.03928781,0
0.0442588222300212,-1.01677123053537,0.0330315895181751,1.60911287517652,-2.34415764376007,0.652100268560617,-5.138729530521,56.9656087818276,52.6662634951146,3.48352205,0
0.0602849902620023,-1.04003908990179,0.0419808245989706,1.55772557987131,-1.77450155594179,1.17876290351176,-2.92907094936005,54.6302859084471,13.5852555849923,2.54773162,0
0.0760862373642131,-1.05770763859077,0.0535284556046528,1.52843487037771,-1.22819869685732,1.31461545936169,-2.72581628949847,51.543223870448,-18.5197675226205,1.68591535,0
0.0914761396832603,-1.06991108631314,0.0650777752163863,1.50117670748272,-0.712766458152843,1.12941778413548,-4.22397838780189,48.3174226072018,-36.3304770136667,1.12399814,0
0.106601574006082,-1.07716967609993,0.0746551014114982,1.45893692360471,-0.229592232080825,0.766113013998815,-6.34116125176664,45.0070329624721,-38.2179160006095,0.81194116,0
0.121047612039494,-1.07960458406672,0.081980729818459,1.39552531108704,0.220478097543896,0.38393385399272,-7.87412482867369,41.4193035629891,-27.5867435382636,0.63030719,0
0.134835580834292,-1.07748227539001,0.0865031557667932,1.3167840628003,0.634671133173787,0.108066418610084,-8.09127051625686,37.4872120393687,-10.5014773717106,0.54857472,0
0.147988758370308,-1.07110190578675,0.088736754839667,1.23587135763773,1.00954325356747,0.00305164489297782,-7.02609663550058,33.4609538732982,6.94307091996848,0.60290087,0
0.160599821979889,-1.06096867215359,0.0894395024127375,1.16561039128273,1.34415279230046,0.0724823540926626,-5.35683384701462,29.8129753005319,20.3280199912558,0.79614804,0
0.17266861388527,-1.04747334533247,0.0898116441338416,1.11204205281258,1.64228254530578,0.27576255400522,-3.90760356942867,26.9048877478191,27.3522557529994,1.06185203,0
0.18275947389125,-1.03063805295671,0.0924142490947524,1.07296601711829,1.91133142278397,0.549285111535214,-3.23629440172794,24.7323987017648,27.4202521946284,1.31471077,0
0.193303463782549,-1.01155271073267,0.0972549815598142,1.04060307310102,2.15865540980161,0.823487633481498,-3.3353511455042,22.872033424168,21.1093305542147,1.50068414,0
0.204576678240736,-0.990356549857984,0.105219698051642,1.00724956164597,2.38737574404329,1.03458093902365,-3.77946882193985,20.7690421322732,9.89149307567906,1.59437465,0
0.215175512485784,-0.966838073602812,0.115408720785275,0.969454873426575,2.59506616536603,1.13349586978044,-4.03859440019312,18.1217878656022,-3.93471478060473,1.58251005,0
0.223744418156889,-0.940776311764682,0.126873541677537,0.929068929424644,2.77628404402205,1.09414872197439,-3.84665810981073,15.1439311241649,-17.4853739231562,1.47984482,0
0.234230302372197,-0.913060354786779,0.138497088571561,0.890602348326537,2.9277233552637,0.919294982742826,-3.33903082668726,12.4791463489801,-27.910169548034,1.35346945,0
0.241648508104138,-0.88317059458884,0.14819392601267,0.857212040059664,3.0525148187535,0.640193287262486,-2.93048052764296,10.8028062360192,-33.2702590879794,1.30038253,0
0.25029365813455,-0.852464963651429,0.154530706017856,0.827907234783234,3.16054288111369,0.307490696382692,-2.97914585579927,10.330054264852,-33.1625974839688,1.37687369,0
0.259414750725335,-0.821291540317653,0.156989547859214,0.798115776225242,3.26384342376221,-0.0241352784569958,-3.51099619330149,10.5464941633861,-28.6887916249828,1.55365078,0
0.267617783199877,-0.788913643275927,0.156314853835875,0.763005814292227,3.36930836539607,-0.311023194706824,-4.1546917614109,10.3661821655134,-21.7552928131478,1.75189353,0
0.274927017031042,-0.755365798629514,0.153100966677608,0.721458896678118,3.4729701870512,-0.528576122838301,-4.34805378054294,8.6511018963887,-14.0689362914104,1.90612659,0
0.281757643882198,-0.720482163447561,0.147808286787796,0.677978358872689,3.55948120601509,-0.669265485752405,-3.6880483991935,4.8279648016233,-6.44674315725619,1.98193901,0
0.288326971556919,-0.684766460521611,0.141926723558116,0.641097874880753,3.60776085403132,-0.733732917324967,-2.20018094124461,-0.73667433864849,1.17160625204637,1.97277364,0
0.295709814649287,-0.648626044114025,0.13458301982329,0.619096065468307,3.60039411064484,-0.722016854804503,-0.355835875930477,-6.8180598185711,9.08913457939955,1.91800215,0
0.301388953719656,-0.61264106062097,0.127944271328505,0.615537706709003,3.53221351245913,-0.631125509010508,1.1862230884141,-11.8104103783134,17.1119333265773,1.89467165,0
0.307729524579977,-0.577370678453666,0.120723015705208,0.627399937593144,3.41410940867599,-0.460006175744734,1.9084649484064,-14.3633991109123,23.8741979796622,1.93796341,0
0.313514785602987,-0.54317462969317,0.115550031542696,0.646484587077208,3.27047541756687,-0.221264195948112,1.73027190993325,-13.895409542766,27.546059160043,1.9964564,0
0.319893903107035,-0.510516184413221,0.11340317498458,0.66378730617654,3.13152132213921,0.0541963956523179,0.95111059428064,-10.7543285016583,26.6639978407473,1.99475591,0
0.327162192910212,-0.479494579417095,0.11462477141969,0.673298412119347,3.02397803712263,0.320836374059791,-0.00652590782333039,-6.0186218778264,21.0683872489422,1.91690007,0
0.333344077736809,-0.449170750423664,0.117852581942065,0.673233153041114,2.96379181834437,0.531520246549214,-0.945041445688592,-1.08654538458439,12.1856350994517,1.79666561,0
0.340969746393612,-0.419581656874236,0.123075600156376,0.663782738584228,2.95292636449852,0.65337659754373,-2.03874656582227,2.74670203692994,2.41354274751368,1.66622241,0
0.347337127780171,-0.389704357454492,0.129592955591164,0.643395272926005,2.98039338486782,0.677512025018867,-3.65820635261373,4.55711980325846,-5.97752499278132,1.54934934,0
0.353294681423753,-0.359838730796785,0.136312325905553,0.606813209399867,3.0259645829004,0.617736775091054,-5.9745459193883,3.86616764045402,-11.7617259367951,1.46466708,0
0.359219002602113,-0.329921023514199,0.142581099330967,0.547067750205984,3.06462625930495,0.500119515723103,-8.59239087824686,0.574967517568414,-14.9127929310059,1.40693281,0
0.364590497721221,-0.299487060754309,0.147779839142719,0.461143841423516,3.07037593448063,0.350991586413044,-10.5247072068381,-5.13938846424342,-15.9858349370532,1.34040372,0
0.36964156993735,-0.268618655523935,0.150852030872998,0.355896769355135,3.01898204983819,0.191133237042512,-10.6081875353809,-12.8748151506224,-15.2756990466861,1.24405804,0
0.37326555780809,-0.238232047735442,0.15235748451606,0.249814894001325,2.89023389833197,0.0383762465756505,-8.17983634711277,-21.9805269667165,-12.4905308456754,1.13027458,0
0.375784932554829,-0.209270440369212,0.152727171955169,0.168016530530198,2.67042862866481,-0.0865290618811034,-3.62825422008724,-31.4962350445641,-7.23997955928392,1.01566955,0
0.377927874164899,-0.182700533249746,0.152238030865927,0.131733988329325,2.35546627821916,-0.158928857473943,1.57325724841054,-40.1584901525339,-0.00142113858145358,0.89464483,0
0.378678719696029,-0.159268591815151,0.151351175840447,0.147466560813431,1.95388137669383,-0.158943068859757,5.45588501943467,-46.5639670514788,7.30848957159471,0.75270447,0
0.379957806578568,-0.139845444779584,0.150181224396036,0.202025411007777,1.48824170617904,-0.0858581731438101,6.50649743505963,-49.5191414587174,11.8673332300645,0.60314798,0
0.381682169015725,-0.12491035397059,0.149162046360651,0.267090385358374,0.993050291591864,0.0328151591568353,4.45765457474929,-48.4818215381214,11.552713851513,0.48057658,0
0.384397674788091,-0.114803295563823,0.148648806986828,0.311666931105867,0.50823207621065,0.148342297671965,0.429622752575018,-43.8902961561202,6.66361979033855,0.40663346,0
0.388290172139473,-0.109708892931019,0.149193088612194,0.315963158631617,0.0693291146494482,0.214978495575351,-3.67340064569765,-37.1585916055905,0.399028105547838,0.36950729,0
0.391299122038839,-0.108883950493693,0.150971184326499,0.27922915217464,-0.302256801406457,0.218968776630829,-6.23851872421807,-30.2073008657145,-2.62185481808746,0.34406795,0
0.394230526086874,-0.111994841234944,0.153588257717843,0.21684396493246,-0.604329810063602,0.192750228449955,-6.82571609663158,-24.6640285282228,0.7066172331762,0.32184662,0
0.396190457533035,-0.118081982084827,0.15671148043199,0.148586803966144,-0.85097009534583,0.199816400781717,-6.33355362706353,-21.0755583907409,9.35627684250099,0.31424822,0
0.397426943546527,-0.126708040656683,0.160124500058599,0.0852512676955087,-1.06172567925324,0.293379169206727,-6.30535393024016,-18.5721832169883,17.7673091041793,0.33607058,0
0.398325201855208,-0.137498359511824,0.163624310720119,0.022197728393107,-1.24744751142312,0.471052260248519,-7.86025248127821,-15.2422604925046,18.4539412414648,0.39471484,0
0.398537042763965,-0.150070956937356,0.167419855904216,-0.0564047964196751,-1.39987011634817,0.655591672663167,-10.763361146308,-9.16184166627111,6.50524331869774,0.49032908,0
0.397704868031285,-0.163949056454589,0.171774963420347,-0.164038407882755,-1.49148853301088,0.720644105850145,-13.4002642797279,0.424239279089615,-16.6087503182029,0.61139896,0
0.396248087781337,-0.178161995468955,0.176068806563608,-0.298041050680034,-1.48724614021998,0.554556602668116,-13.6099932607597,12.3844650217441,-42.4654970969098,0.71471228,0
0.393588472687608,-0.192760742132468,0.181431715011861,-0.434140983287631,-1.36340149000254,0.129901631699018,-9.96740946206013,23.9022206790541,-59.2051815799684,0.71500448,0
0.389526969694235,-0.206613891295379,0.186250719174933,-0.533815077908233,-1.124379283212,-0.462150184100666,-2.7692460133324,31.603441118834,-57.5333569899085,0.53792875,0
0.384341869281522,-0.218734414061658,0.187364986762224,-0.561507538041557,-0.808344872023661,-1.03748375399975,5.88502332675966,33.0799118987461,-35.9389234780758,0.25234991,0
0.378508528451877,-0.22773392649315,0.179760728408422,-0.50265730477396,-0.4775457530362,-1.39687298878051,13.0126702726528,28.0488664394268,-2.08993946676832,0.14955681,0
0.372723077886111,-0.231883104181634,0.159867309910821,-0.372530602047432,-0.197057088641932,-1.41777238344819,16.1514616874791,18.5357864319027,30.6240541678857,0.51657707,0
0.367594469592494,-0.232281184811548,0.129564836591585,-0.211015985172641,-0.0116992243229049,-1.11153184176933,14.5424645207503,7.98199963933608,49.5686155170938,1.25906173,0
