0.423956395330195,-0.222878020484637,0.176222851417784,-0.0588533063514701,-0.412314402729408,-0.625689153957933,1.26159664854288,12.3054284730153,-27.4224489861883,0.90217277,0
0.423247037671648,-0.232559380171407,0.171753018522997,-0.0627944282850097,-0.515232342896501,-1.00424383263969,2.69912968986857,5.06903486555861,-20.5137487407662,-2.38018578,2.0806070469875
0.421957131318544,-0.238818528804128,0.161558183144824,-0.0469465625553726,-0.616628271159891,-1.2795987549338,3.18299075100626,-5.6782900367391,-6.40895388431091,-1.40198006,6.42859764550434
0.422686724149905,-0.243924939825784,0.146053798746019,-0.0196568907025131,-0.735376604522169,-1.37229740858117,1.7962776695187,-15.4905754312523,9.87976330681267,-0.19043183,8.44906147224627
0.421580677237924,-0.248982277948461,0.130528786824383,-0.000825471523420378,-0.878427069440721,-1.26802625069578,-1.8386828124474,-19.7786637198346,22.5026433131819,0.79161185,9.33324527461384
0.421106172654322,-0.256746811458271,0.118112574390489,-0.0156745886521722,-1.02793079574811,-1.02070785131759,-7.25622367397391,-16.0193117365309,27.5072493043562,1.11163757,10.2706638568034
0.421060803344015,-0.267525070611879,0.109730636068307,-0.0848990926889309,-1.14257031903218,-0.724603503256983,-13.2078372836309,-5.03589883850935,24.5108601438066,0.84989616,11.2384740651394
0.421796478124221,-0.280477534236718,0.104276250027034,-0.215601242829138,-1.17414653011231,-0.470822992234983,-18.0739931835612,9.31435715949928,16.5036535037661,0.40345937,11.9004435339606
0.418659910971679,-0.292770458706647,0.0995151588556032,-0.397099917354306,-1.09135832833505,-0.31056747702786,-20.4391247748162,21.8784174858182,8.00950773200066,0.05361103,12.1812686793212
0.414517932591826,-0.303827791644326,0.0953526670974529,-0.603352199011665,-0.897973665904958,-0.242199221129203,-19.6326234023855,28.4763302745287,2.75514080708699,-0.21288968,12.404447120072
0.408508364645877,-0.312188276902941,0.0918945092421302,-0.801287393528139,-0.635169561123018,-0.224786259369116,-15.9292262548708,27.5540440019805,2.08724071584268,-0.53154514,12.8603403038369
0.400341917239517,-0.317776441035116,0.0891599072988191,-0.961085559346936,-0.366533721998726,-0.207101670162574,-10.3916811829194,20.496859589304,4.86429857447065,-1.02567686,13.5210838367921
0.39075285579958,-0.321097441842105,0.0872829885988048,-1.06440059564938,-0.153352054385167,-0.154666752361693,-4.43660577140576,10.6087421442828,8.61747529530239,-1.8439517,14.1270162313903
0.380349534559071,-0.322971346183968,0.086376735111353,-1.10768589888582,-0.0325144251947864,-0.0616819059994712,0.65570662735076,1.43391605765816,11.1220913458478,-3.03744312,14.4600902727513
0.369497484280952,-0.32386002228599,0.08651136492293,-1.10031244244462,-0.00703311825104921,0.0546832778881383,4.0685280226819,-4.67246770833616,11.449723355059,-4.31368153,14.7135352683236
0.358474956001084,-0.324110234607418,0.0872793813523068,-1.05947649382178,-0.0517014632179211,0.170129909171513,5.53530943769468,-7.11184041895882,10.0473976757949,-5.68119037,14.8949050157071
0.347611355832107,-0.324484241038295,0.088683749015751,-1.00455195806643,-0.128668863485294,0.267903435175041,5.21171335086513,-6.67687501106923,8.04772290016619,-7.14062094,14.9593893978626
0.337257812603595,-0.325580949042515,0.0907548516520788,-0.953043312528872,-0.203742297195613,0.344546435397337,3.44873258205328,-4.67030908318204,6.40546063436052,-8.64470968,14.806567893953
0.327129620877579,-0.327410532144287,0.0936977010457501,-0.918946713422418,-0.255778051758697,0.406138978917741,0.691319815768546,-2.13315413058088,5.4174563976719,-10.22218114,14.3349554559579
0.320089061809736,-0.330344392219646,0.0979595030855364,-0.912042963086417,-0.277238537552347,0.460254009901988,-2.59728053924724,0.489477118960064,4.80140529896805,-11.73435251,13.7028386439438
0.310857816952002,-0.333190632577764,0.102994398717494,-0.937747199634917,-0.26867832122682,0.509960379650128,-5.88659868858374,3.16784919475014,4.11652789335524,-13.14856637,12.9839372252993
0.298532575267512,-0.335038044566911,0.108037525496736,-0.99630163177355,-0.232747709726565,0.553088839837594,-8.6116223673262,5.91291540988122,3.13998691410281,-14.58623703,12.1035596773026
0.290509476988605,-0.337892751691764,0.114214947865502,-1.08225369420474,-0.171378072266466,0.585523128373471,-10.2315184888191,8.48811878470456,1.9680786339655,-15.96621286,11.1006422378426
0.279624749085434,-0.339600594413018,0.119664492537963,-1.18459850819476,-0.0869012643378008,0.605017214629703,-10.4462543561243,10.4522756976815,0.832472567925197,-17.43316924,9.82085436935065
0.268087526874345,-0.340707143281692,0.125422886835132,-1.28920356992336,0.015676395376138,0.612443899123579,-9.33340823460744,11.4042245241338,-0.127071902997078,-18.94435554,8.3784137286828
0.255249459982663,-0.340695037852534,0.131361541529974,-1.38267353328306,0.127864127662482,0.610316961207188,-7.34983190069769,11.2465657039948,-0.948812989378211,-20.46369094,6.96097877348955
0.241038461599893,-0.339192207264805,0.137586006630734,-1.45622708910487,0.239575909043328,0.600480770882985,-5.19205235998972,10.2832897642164,-1.75682641091043,-22.0036862,5.61910648716288
0.22614349817933,-0.33647909590964,0.143771839741165,-1.50812229323711,0.342754368434983,0.583072050817799,-3.51568252490665,9.06727181125855,-2.59001497427978,-23.49464689,4.36732610934002
0.211037857810088,-0.332994391247328,0.149585815270095,-1.54322041391794,0.434228290331617,0.557541812652015,-2.6459167861318,8.10386697249705,-3.31457250371252,-24.87274048,3.21842538326734
0.195938617912279,-0.328890936821923,0.15528315917176,-1.56963497601551,0.515875742435669,0.524677159240345,-2.48098815203372,7.59845116553973,-3.69006384789588,-26.09836615,2.15541612542245
0.180470114166769,-0.323930475991905,0.160610523989797,-1.59443266814431,0.592026615703498,0.487853329043666,-2.55512954869542,7.3721303799768,-3.51276221153919,-27.18067891,1.10485128912455
0.16458456068037,-0.318008507517377,0.165321211797759,-1.61999424436029,0.665607607441549,0.452660925586677,-2.3086547598571,6.99807678238879,-2.73369888550145,-28.14568006,0.0208312187904015
0.14828099734746,-0.311172940860838,0.1695336840261,-1.6430946045773,0.735399859746126,0.425236900106988,-1.38592307041667,6.06903187292968,-1.47475649524548,-29.1696254,1.18075780960248
0.131497813521844,-0.30373074749819,0.173900048392308,-1.65695383528147,0.796090178475423,0.410489335154533,0.196661703514197,4.44278268066896,0.048200375305008,-30.43347284,2.5580144672707
0.114858989194787,-0.295800717156318,0.178120681256632,-1.65498721824633,0.840518005282112,0.410971338907583,2.0500001081815,2.36506869941473,1.56681054762877,-31.87062154,4.01819279773053
0.0985050415224969,-0.287551069380916,0.182414544296646,-1.63448721716451,0.864168692276259,0.426639444383871,3.59647453908483,0.363639255819367,2.81880511809659,-33.44019818,5.49704899362011
0.0824394082800026,-0.279011599211245,0.186732771783951,-1.59852247177367,0.867805084834453,0.454827495564837,4.346682516121,-0.985880723833216,3.5311705399013,-35.03370412,6.91635301718263
0.0666319183095903,-0.270312263514343,0.19117422021458,-1.55505564661246,0.857946277596121,0.49013920096385,4.11220946840813,-1.34064283726396,3.44594507034645,-36.68418909,8.3519351831775
0.0504621110764334,-0.261397565357852,0.195876074736665,-1.51393355192837,0.844539849223481,0.524598651667315,3.03951293607345,-0.760403601921899,2.44225589226692,-38.30389598,9.75169163681049
0.0351829561816106,-0.252921783823383,0.201151335891477,-1.48353842256764,0.836935813204262,0.549021210589983,1.5282129676912,0.296109908090134,0.681422980686068,-39.86351611,11.0902464559165
0.0212003739249703,-0.244879713291908,0.206393084281189,-1.46825629289073,0.839896912285163,0.555835440396844,0.020419208339899,1.18285766195761,-1.34223383943133,-41.4748249,12.4302107364559
0.00594116046404912,-0.236498757939161,0.212367289413032,-1.46805210080733,0.85172548890474,0.542413102002531,-1.11466089218376,1.35168462923171,-2.92926515834247,-43.13316297,13.7210314217164
-0.00859480792800035,-0.228045326567494,0.217833199863355,-1.47919870972917,0.865242335197057,0.513120450419106,-1.68740712893617,0.608647347820055,-3.47271436803305,-44.86582771,14.9701912123015
-0.0233523593076257,-0.219293824724579,0.222897529076884,-1.49607278101853,0.871328808675257,0.478393306738776,-1.66264687830149,-0.823815989712989,-2.76623394428392,-46.69292895,16.2074178563876
-0.0383762913898038,-0.210467715815728,0.227623290595465,-1.51269924980154,0.863090648778127,0.450730967295937,-1.09810854212196,-2.44341123240853,-1.13308614510462,-48.53807768,17.4858411379989
-0.0535439337080582,-0.201818261628847,0.232120361796689,-1.52368033522276,0.838656536454042,0.439400105844891,-0.105641240083072,-3.73549393259318,0.710787087297959,-50.43090997,18.9145020800143
-0.0688679725371229,-0.193436399053955,0.23648330217597,-1.52473674762359,0.801301597128111,0.44650797671787,1.15546352066591,-4.42060526923182,2.00736909931784,-52.36333325,20.4878938466293
-0.0837426047917622,-0.18564435775887,0.240847727306846,-1.51318211241693,0.757095544435792,0.466581667711048,2.4710395537044,-4.56062863170291,2.32328287217702,-54.48725467,22.2637591382875
-0.0989656035433692,-0.178048728312889,0.24552940058679,-1.48847171687989,0.711489258118763,0.489814496432819,3.60654491225453,-4.48204402461135,1.73206726625428,-56.77534357,24.1126848047298
-0.114473811958565,-0.170614166227863,0.25047143091444,-1.45240626775735,0.666668817872649,0.507135169095361,4.3928411636425,-4.57236784190845,0.70225678313675,-59.26324568,26.0257065572809
-0.127691016898191,-0.16449295829631,0.25563103433571,-1.40847785612092,0.620945139453565,0.514157736926729,4.81339972922494,-5.07682561864663,-0.217304833061584,-61.90519718,28.0070844483951
-0.142873278268793,-0.157957590540042,0.260824307601711,-1.36034385882867,0.570176883267098,0.511984688596113,5.01771379589375,-6.00423959304026,-0.720961606609727,-64.63905469,30.1042388752429
-0.15653254421562,-0.152273783237523,0.265965699210368,-1.31016672086973,0.510134487336697,0.504775072530016,5.24810609325002,-7.19164415066363,-0.864324225518747,-67.58226568,32.4639501001199
-0.169643342190338,-0.147055954410676,0.270901131669846,-1.25768565993723,0.43821804583006,0.496131830274828,5.68315767369329,-8.45543243896147,-0.949354768231422,-70.65821598,34.999097166479
-0.180760008992202,-0.143196229979324,0.275924069178434,-1.2008540832003,0.353663721440445,0.486638282592514,6.35940822440376,-9.75707387600037,-1.22428421162813,-73.6699718,37.6050895614887
-0.194200141521059,-0.138952818822932,0.280311800563476,-1.13726000095626,0.256092982680441,0.474395440476233,7.04013218992947,-11.2142372354468,-1.63656680701265,-76.76830516,40.382962889782
-0.205605045434633,-0.136516838525847,0.285150623114737,-1.06685867905697,0.143950610325973,0.458029772406106,7.47867323855992,-13.0394628268971,-1.76604883772457,-80.11827436,43.429311261197
-0.215213447740675,-0.135689264481075,0.29013700522574,-0.992071946671369,0.0135559820570018,0.440369284028861,7.56377041526859,-15.3420522971017,-1.08381414640871,-83.81930655,46.7750721364198
-0.22586417743117,-0.135340839341045,0.294583592952883,-0.916434242518682,-0.139864540914015,0.429531142564774,7.47727041172754,-17.9686121160194,0.629018523465777,-87.61699117,50.2124984221074
-0.235529837532252,-0.136486596507766,0.298965822536524,-0.841661538401407,-0.319550662074209,0.435821327799431,7.62419813544819,-20.4560966890684,2.94547240815345,-91.62036469,53.8332351087285
-0.243312922844813,-0.139667818258286,0.303291946766031,-0.765419557046925,-0.524111628964893,0.465276051880966,8.38083980760753,-22.1480281401261,4.79867271496321,-95.60178126,57.5192517734043
-0.251311893168541,-0.144806985444811,0.307608017899046,-0.68161115897085,-0.745591910366155,0.513262779030598,9.77317004096236,-22.4473871073443,4.94187512000518,-99.52783692,61.2949277401573
-0.257222776882457,-0.152553728988088,0.312723432725247,-0.583879458561226,-0.970065781439598,0.562681530230649,11.3596214801962,-21.1033763901243,2.63974540997198,-103.36101237,65.1134688129507
-0.263290708987658,-0.162346459356158,0.318334684945432,-0.470283243759264,-1.18109954534084,0.58907898433037,12.4030125133041,-18.4038650262723,-1.77208394077287,-107.10867311,68.9244951661388
-0.268496651947766,-0.174038414604747,0.324219348054397,-0.346253118626223,-1.36513819560356,0.571358144922641,12.3014540098676,-15.1671946549222,-6.88023482098949,-110.96819072,72.7652698556499
-0.271748373655426,-0.187665617107887,0.330130445745679,-0.223238578527547,-1.51681014215279,0.502555796712746,11.0104538818692,-12.5032489614984,-10.8648988016345,-114.91232451,76.4741626576468
-0.274676557396459,-0.202633473331994,0.335068682949265,-0.113134039708856,-1.64184263176777,0.393906808696401,9.19750780136283,-11.4305343844037,-12.5470524135874,-118.61534396,79.9533738260803
-0.276323669291995,-0.218805409866839,0.339277653348995,-0.0211589616952271,-1.75614797561181,0.268436284560527,7.94118316416212,-12.4934112467735,-12.1877845862695,-121.56536352,82.9902632424031
-0.274331379616034,-0.237003382367796,0.3418144620151,0.058252869946394,-1.88108208807954,0.146558438697833,8.13045079429597,-15.5514328963669,-11.4639397325623,-123.63008796,85.4655456955895
-0.274073015559802,-0.255839462253115,0.343530756493257,0.139557377889354,-2.03659641704321,0.0319190413722094,9.90116115149794,-19.8468135815644,-12.485007119156,-125.08820271,87.4311446149634
-0.273445606520157,-0.275989311680268,0.343893139380381,0.238568989404333,-2.23506455285885,-0.0929310298193506,12.4970989750059,-24.3279265126971,-16.3580713029401,-125.6572951,88.6675917956868
-0.271243489696331,-0.298248928197202,0.342439430386318,0.363539979154392,-2.47834381798583,-0.256511742848751,14.6618885320242,-28.0779973568376,-22.2453118533787,-124.88217252,89.0260621005618
-0.267862788156948,-0.322827528261077,0.339336950910332,0.510158864474634,-2.7591237915542,-0.478964861382538,15.4472649617954,-30.6497510127299,-27.6537737622269,-122.22390497,88.1496472939325
-0.262449383842776,-0.350424536163534,0.334468820964804,0.664631514092588,-3.0656213016815,-0.755502599004807,14.8509573046854,-32.1215286523351,-30.0082966010157,-117.86008433,86.1304747561221
-0.255635526289606,-0.381203445098656,0.327504143402316,0.813141087139442,-3.38683658820485,-1.05558556501496,13.963163368797,-32.8657779437721,-28.6219230613385,-112.02288099,83.0510526010478
-0.247532142865108,-0.415265121309107,0.317736628155016,0.952772720827412,-3.71549436764257,-1.34180479562835,14.3507182712818,-33.1422222628722,-25.6807255776234,-104.74781606,78.9713570531359
-0.237905773267081,-0.452510614574676,0.304962619210205,1.09627990354023,-4.04691659027129,-1.59861205140458,17.0613610278503,-32.7641832153215,-25.2953823759924,-96.13297082,74.015180860355
-0.226833875731327,-0.492904566444578,0.288803943337952,1.26689351381873,-4.37455842242451,-1.85156587516451,21.7599701922294,-31.0334523011968,-30.8052712180214,-86.24506547,68.1145246361125
-0.214237217022194,-0.536346617868832,0.269318249636113,1.48449321574103,-4.68489294543648,-2.15961858734472,26.5968923339777,-27.0054309952515,-41.8015838103048,-75.24499536,61.1976820294688
-0.199736302171908,-0.582980946308153,0.246411004614683,1.7504621390808,-4.95494725538899,-2.57763442544777,28.9506279442544,-19.9671597114519,-52.827793980878,-63.36258934,53.2962806572912
-0.182130802804023,-0.632659123726964,0.219903934584277,2.03996841852335,-5.15461885250351,-3.10591236525655,26.7199508314227,-9.88007655231237,-55.0533510022674,-51.10804629,44.9394532853786
-0.161389827812512,-0.684471154128299,0.189392099072887,2.30716792683757,-5.25341961802663,-3.65644587527922,19.494943181538,2.43352850315408,-40.5250021122206,-39.07002278,36.3026059625945
-0.13867963866668,-0.737053050658952,0.154908953773348,2.50211735865295,-5.2290843329951,-4.06169589640143,8.95023988757545,15.4601018949024,-6.93898239278386,-27.68073841,27.6078494233497
-0.114724616295676,-0.789064141621063,0.116531266120142,2.59161975752871,-5.07448331404607,-4.13108572032927,-1.84281262886689,27.4647795989255,39.7509734540213,-16.93236352,19.415809404327
-0.0871703864131844,-0.840058562411392,0.0757347917573791,2.57319163124004,-4.79983551805681,-3.73357598578905,-9.74040234701384,37.0072214193517,86.6613126414027,-6.87440153,11.7697544733274
-0.0613026842439244,-0.887837806768734,0.0349155483527931,2.4757876077699,-4.4297633038633,-2.86696285937503,-12.9623589558842,43.34292878337,118.958456095102,1.21246942,4.78142450135441
-0.0363927660592155,-0.93205861049166,0.00246931835472621,2.34616401821106,-3.9963340160296,-1.677378298424,-11.7799469771035,46.5195705336703,126.185356971916,3.98243392,0
-0.0146537744513677,-0.971778803485637,-0.0143404201318597,2.22836454844003,-3.53113831069289,-0.415524728704842,-8.22096660286254,47.2143503940858,106.785538545527,3.96235405,0
0.0087378509247036,-1.00753752144727,-0.0146861298886399,2.1461548824114,-3.05899480675204,0.65233065675043,-4.89824893021624,46.3775659763328,68.6081640482037,3.09847535,0
0.0294970660031619,-1.03805728267332,-0.00464927036971679,2.09717239310924,-2.59521914698871,1.33841229723247,-3.73536504373843,44.9061169301071,25.2132710464305,1.92921929,0
0.0506560164581983,-1.06397931798939,0.00888638856695798,2.05981874267185,-2.14615797768764,1.59054500769677,-5.12568045785188,43.4072338675201,-9.98838890364344,1.07243349,0
0.071746145264703,-1.08538980180557,0.0220156770833702,2.00856193809333,-1.71208563901244,1.49066111866034,-7.96627902689403,42.12146031985,-28.8731444055443,0.73632294,0
0.0923024426047379,-1.10240342232499,0.0338902075598193,1.92889914782439,-1.29087103581394,1.20192967460489,-10.4495718433637,40.9966960510523,-30.7191830868416,0.71422376,0
0.110862409307996,-1.11526801857037,0.0455472750729246,1.82440342939075,-0.880904075303415,0.89473784373648,-11.1311164783916,39.8387864090858,-20.8092507573209,0.72382285,0
0.129196805469935,-1.12412027914367,0.0559344165876694,1.71309226460684,-0.482516211212557,0.686645336163271,-9.6425799162336,38.4622141211677,-6.81288507485494,0.67762561,0
0.146196390400578,-1.12908129970077,0.0649292691645913,1.6166664654445,-0.0978940700008807,0.618516485414721,-6.80239765902039,36.805199747458,4.88828136317531,0.67710081,0
0.162302655955256,-1.13012921597856,0.0720276790903545,1.5486424888543,0.2701579274737,0.667399299046474,-4.05750035658237,34.9564916237096,11.2199634652943,0.8310403,0
0.177596116615826,-1.1272194452866,0.0779294178025888,1.50806748528848,0.619722843710796,0.779598933699417,-2.68727758180161,33.1067415883889,12.2927721331352,1.12045691,0
0.193117876290933,-1.12104011649469,0.0844986781076006,1.48119470947046,0.950790259594685,0.90252665503077,-3.1948564367546,31.4525416306969,9.87119748500326,1.41714952,0
0.2079764316197,-1.11151961682376,0.0926876568419395,1.44924614510291,1.26531567590165,1.0012386298808,-5.15624819301067,30.1049699873829,5.71658425789995,1.59193772,0
0.222407099411055,-1.09887650739832,0.102817692682842,1.39768366317281,1.56636537577548,1.0584044724598,-7.54441137717114,29.0463392993111,0.717710055523981,1.60873526,0
0.236374955103066,-1.08329379733507,0.114085589122799,1.3222395494011,1.85682876876859,1.06558157301504,-9.35129830415827,28.1848631100579,-4.9611529900744,1.53981588,0
0.24969820729524,-1.06478146974281,0.125396169334942,1.22872656635951,2.13867739986918,1.0159700431143,-10.0317820640404,27.425466207513,-11.2391430342183,1.48940346,0
0.261115802545002,-1.04324043512406,0.135384919551166,1.12840874571911,2.4129320619443,0.903578612772114,-9.69704948403008,26.7391828297691,-17.5979611164296,1.50294962,0
0.273537978943484,-1.01937968322194,0.144485167151095,1.03143825087881,2.680323890242,0.727599001607818,-8.93109337474987,26.1488137547119,-23.0549572692082,1.55364076,0
0.283386757244356,-0.992501957269222,0.151283860236527,0.942127317131309,2.94181202778911,0.497049428915736,-8.38560885737035,25.6244221593461,-26.5537158006524,1.58571839,0
0.292541122792,-0.962905241168819,0.155973228498611,0.858271228557606,3.19805624938257,0.231512270909212,-8.41881135106706,24.9706646724819,-27.4240157698633,1.56141001,0
0.301295797468963,-0.930876201236113,0.158307524517211,0.774083115046936,3.44776289610739,-0.042727886789421,-8.93286988691803,23.8323883024,-25.5904518765709,1.49601668,0
0.30945033666837,-0.896490265365389,0.158394317297452,0.684754416177756,3.68608677913139,-0.29863240555513,-9.51440897388402,21.7296993753282,-21.5921943229078,1.45847608,0
0.315928925024345,-0.859798266969242,0.155710724172327,0.589610326438915,3.90338377288468,-0.514554348784207,-9.68593963624645,18.4306032453725,-16.1290779164777,1.51022046,0
0.321879617429571,-0.820847173032377,0.150221722666933,0.492750930076451,4.0876898053384,-0.675845127948984,-9.19067437326052,14.1374205835135,-9.81267778179561,1.6445446,0
0.326677013194773,-0.779962914542358,0.143236347768445,0.400844186343845,4.22906401117354,-0.77397190576694,-8.11050439242396,9.53710098257427,-3.04412601594979,1.80497666,0
0.330783366786599,-0.737593852795921,0.135160702861749,0.319739142419606,4.32443502099928,-0.804413165926438,-6.78737294783129,5.55409578867789,3.85953118784257,1.94205662,0
0.334165986442829,-0.694255440069849,0.127182806690607,0.251865412941293,4.37997597888606,-0.765817854048013,-5.6214512979271,2.91184016015455,10.4148726771608,2.03433037,0
0.336606315053213,-0.650448253548774,0.119965120265631,0.195650899962022,4.4090943804876,-0.661669127276405,-4.86689884980805,1.74610580444323,15.8050618365646,2.08159224,0
0.338269711917867,-0.606416375085126,0.11376376943282,0.146981911463941,4.42655543853204,-0.503618508910759,-4.54416394426054,1.52036676150086,18.9715538543906,2.117998,0
0.339898352993929,-0.562160849607529,0.108734024791084,0.101540272021336,4.44175910614704,-0.313902970366854,-4.4937504728223,1.31667996070045,19.0179392591414,2.17185454,0
0.340911264948234,-0.517752469066707,0.105166880897819,0.0566027672931129,4.45492590575405,-0.12372357777544,-4.56781535986076,0.347941964837694,15.7499771922048,2.23906709,0
0.341492678627969,-0.473365147494106,0.103468483898476,0.0109246136945053,4.45840532540243,0.0337761941466083,-4.71465676297188,-1.66786883420232,10.0595238881491,2.27607111,0
0.342001592377774,-0.429086305290367,0.103619682993307,-0.0362219539352135,4.4417266370604,0.134371433028099,-5.00578593722194,-4.50078985811254,3.78690903944489,2.22632764,0
0.341546586961641,-0.384588758321521,0.105187360940327,-0.0862798133074329,4.39671873847928,0.172240523422548,-5.46140618750855,-7.81100745787834,-0.985149979073724,2.06113358,0
0.34019276612773,-0.340200768287817,0.107203419208173,-0.140893875182518,4.31860866390049,0.162389023631811,-5.91705073612288,-11.6416790463993,-2.91787706556124,1.80642879,0
0.338988583715232,-0.296774369499895,0.109509346645111,-0.200064382543747,4.2021918734365,0.133210252976199,-5.89292738694221,-16.6384574389196,-2.12003915237494,1.53662424,0
0.336516611761911,-0.254702942939591,0.110647690700368,-0.258993656413169,4.0358072990473,0.112009861452449,-4.74838831989174,-23.7220538030106,-0.0793158743675685,1.29663915,0
0.334479496620239,-0.214765391003894,0.111641656582043,-0.306477539612087,3.7985867610172,0.111216702708774,-1.99447029862037,-33.3705958318353,1.26643883196696,1.11663126,0
0.331772742277808,-0.177245999902684,0.112388345437026,-0.32642224259829,3.46488080269885,0.123881091028443,2.32824628637177,-44.9550044060584,0.83431572241383,0.98486933,0
0.328478580620458,-0.142824527208527,0.113205641935965,-0.303139779734573,3.01533075863826,0.132224248252582,7.45051602311874,-56.6136344664282,-0.782225849316557,0.84863097,0
0.325046132163149,-0.112443914626015,0.114272959468246,-0.228634619503385,2.44919441397398,0.124401989759416,11.9659211372215,-65.8477634296952,-1.60862584909693,0.65965839,0
0.322479896722257,-0.0874180008120209,0.115625913920716,-0.10897540813117,1.79071677967703,0.108315731268447,14.2934445989228,-70.5483928775682,0.300888777528693,0.40041865,0
0.321482551534084,-0.0690545211815577,0.117441247630876,0.0339590378580576,1.08523285090135,0.111324619043734,13.3034934884866,-69.8552608964946,5.19242097870319,0.13362745,0
0.322065698674832,-0.0581479937669631,0.119411119076193,0.166993972742924,0.3866802419364,0.163248828830765,8.86333288466098,-64.3276910463026,10.8382940530894,-0.02953283,0
0.323824487906018,-0.0545983553515617,0.121410156020509,0.255627301589533,-0.256596668526626,0.27163176936166,2.01746064992678,-55.3337900638375,13.3850050041361,-0.01509066,0
0.326724133768451,-0.0579439577960879,0.123393702818647,0.275801908088801,-0.809934569165001,0.405481819403021,-5.28574324385703,-44.1089873128215,9.55234704113534,0.15632986,0
0.329011392291046,-0.0664783425999171,0.126284443836704,0.222944475650231,-1.25102444229322,0.501005289814375,-10.866084513116,-31.1481170863652,-1.06939561461809,0.38957921,0
0.331019185901284,-0.0789886078601417,0.130041029955771,0.114283630519071,-1.56250561315687,0.490311333668194,-13.1037463961087,-16.3817412461925,-15.1048539365187,0.56692241,0
0.33214067566102,-0.0939060436165545,0.134678531744875,-0.016753833442016,-1.72632302561879,0.339262794303006,-11.5367591289866,-0.0214064374636722,-26.6443701300492,0.58335994,0
0.332200013539462,-0.110165737575117,0.13978938358228,-0.132121424731882,-1.72653708999343,0.0728190930025137,-6.9828411156222,16.5549257717256,-30.1390004907149,0.40332525,0
0.331233503781316,-0.126796504589683,0.143558237446127,-0.201949835888104,-1.56098783227617,-0.228570911904635,-1.21045293211577,30.6302075954998,-23.3942748865411,0.15023537,0
0.329439609695687,-0.142666380656076,0.142724310577411,-0.214054365209262,-1.25468575632118,-0.462513660770046,3.80389215132892,38.9880905002614,-8.89791067991287,0.10688764,0
0.32690773874057,-0.156729952124128,0.134907037406396,-0.176015443695973,-0.864804851318561,-0.551492767569175,6.60652328685907,39.4294202712756,7.30802441794741,0.51474258,0
0.323896577858107,-0.169385495798762,0.122056437479888,-0.109950210827382,-0.470510648605806,-0.478412523389701,6.74794437083832,32.0921719030347,18.6408499017265,1.31762652,0
