0.00805341220455239,-0.13096044898537,0.128955930660005,0.000200178453209774,-0.0100976614287876,0.000881587447362847,0.57287056122167,-0.369388533420114,0.331640044075817,1.15413641,0
0.00804963723191325,-0.131044660423647,0.128902337009197,0.00584077258173087,-0.0157571225379764,0.00294706065214394,0.736035152226553,-0.302943143770707,0.271876924314691,1.16093042,0
0.00803248553228805,-0.131078445111043,0.128897720962392,0.0131418223578851,-0.0201094470956496,0.00482391728367315,0.694817780427069,-0.178666383263483,0.150135254721351,1.16566422,0
0.00806709768028313,-0.131478979499353,0.128947871776717,0.0200658384925457,-0.0224351052849438,0.00598224427605281,0.438862213041741,-0.0381670799006142,0.0139565543979375,1.16502431,0
0.00853948552856819,-0.131823529484845,0.129196989776704,0.0244590832580618,-0.0227136551377856,0.00618743781657049,0.0451331700090454,0.0870930968085224,-0.0944385082556694,1.16128071,0
0.00853298592243376,-0.13184040071006,0.129195883761557,0.0249292415149013,-0.021422744590191,0.00551033517677073,-0.344911941166167,0.176357317300942,-0.155416294301831,1.15965128,0
0.00903577025043862,-0.132163208779994,0.129134043255501,0.0214978844400224,-0.0192629322730548,0.00420834584295935,-0.596648511368297,0.214910200766725,-0.166026152019522,1.15761241,0
0.00902922177508514,-0.132146312072972,0.129155578524075,0.0155387231395957,-0.0169504519029608,0.00265206120624512,-0.635827396617043,0.185932867454575,-0.13276453516721,1.14964891,0
0.0093119455662206,-0.132406641719009,0.129281710327524,0.00917641138958142,-0.0151811974137007,0.00126709104773219,-0.495899337919856,0.0878714794611538,-0.0599449290548834,1.13911003,0
0.00933268897891348,-0.132599558895351,0.129246383990799,0.00420751418823746,-0.0145234153746428,0.000527036238556984,-0.291420660943812,-0.048004791128725,0.0454025481886673,1.13565385,0
0.00937078026623948,-0.132796019613674,0.129279675971748,0.00128474521006488,-0.0151944711302549,0.00085950094533046,-0.173575672731532,-0.142119751664506,0.160417427313265,1.14486618,0
0.00939072292187154,-0.132961416787436,0.129297037634482,-0.000453703771263109,-0.0166757269848765,0.00242545302846752,-0.246339436923838,-0.0899237479856307,0.235348941497261,1.16253537,0
0.00942057660419398,-0.133211185271636,0.129352970899153,-0.00291389568526469,-0.0175035246458815,0.00482440800944454,-0.506212589254993,0.176107564761109,0.204221640366451,1.17572068,0
0.00942030956881842,-0.133219788174052,0.129357208034978,-0.00797027015110699,-0.015614147163663,0.00694827797303715,-0.834730592850212,0.62669322019709,0.0242430558182544,1.17188919,0
0.00941107764974,-0.13324708372729,0.129367212785849,-0.0163132315144821,-0.00925029715247636,0.00725238874153871,-1.05486142921499,1.11034082790824,-0.283147901893833,1.15254327,0
0.00894746252440717,-0.133421428680529,0.129525870545238,-0.0268610439980299,0.00187099773455237,0.00443229307669136,-1.01030223080154,1.39621074381205,-0.613392989128944,1.13650744,0
0.00892915402055375,-0.133437952236156,0.129519911816639,-0.036966346956788,0.015782228809422,-0.0017340154332542,-0.644342676225068,1.28233376603062,-0.809365368817854,1.14024605,0
0.00826974070388226,-0.133350610724398,0.129439171314645,-0.043413011895739,0.0285333297826318,-0.00987364182850181,-0.0478777894783867,0.713285413306804,-0.733268209206467,1.15569014,0
0.00825514521347953,-0.133334720548757,0.12943959106633,-0.0438938691120573,0.0356197987696887,-0.0172358442490262,0.587424146012451,-0.168285315561057,-0.350452427906702,1.16258756,0
0.00804802350048686,-0.132794349857178,0.129470005872007,-0.0380196779301922,0.033935824015343,-0.0207410823333932,1.03557368179654,-1.05877195503951,0.229772924910583,1.15739669,0
0.00681922496421903,-0.131993128189716,0.128894458243888,-0.0276625118754722,0.0233799876318592,-0.0184230620721747,1.14476721933708,-1.62856955061509,0.784974788012457,1.15102722,0
0.00682041475517011,-0.131978027077429,0.128852335769589,-0.0162131816882359,0.00713127836677864,-0.010549775493161,0.89727759087435,-1.67543615794776,1.0767887218819,1.14964819,0
0.00685306585121765,-0.132086847134561,0.128780768369078,-0.00723953216631605,-0.00960359480069962,0.00023051449621823,0.412382324329303,-1.21383936413335,0.969964715909467,1.15350534,0
0.00690044351189473,-0.132267524840458,0.128736514324163,-0.00311586659954544,-0.0217455058626888,0.00992792310650977,-0.114090232888535,-0.465797776402508,0.504459658664845,1.16216304,0
0.00668792436819027,-0.132395862740081,0.128874058311992,-0.00425752736414493,-0.0264204026797596,0.0149617521081426,-0.498479768809318,0.255158618846167,-0.115132761200563,1.16895946,0
0.00673140680304275,-0.132617638412006,0.128864229315776,-0.00924304816716106,-0.0238849476142286,0.0138001583638017,-0.644613409108854,0.690181875763502,-0.616453797998201,1.16259042,0
0.00644451097686333,-0.132799998789835,0.129292654589132,-0.0156894762107602,-0.0169896862984808,0.00763144711166233,-0.565297579507482,0.738133876995837,-0.786952896847219,1.14456169,0
0.00646014406550637,-0.133012120871135,0.129221396635497,-0.0213423172637956,-0.00960534172635419,-0.000236168911073518,-0.361365643357081,0.476338315380532,-0.576983716103294,1.13242517,0
0.00606805061305808,-0.133056541071394,0.129281643306881,-0.0249556612905908,-0.00483498945610338,-0.00600157080296889,-0.152945839587003,0.0868283682172969,-0.111132590224083,1.139438,0
0.00606861400534063,-0.133227930484078,0.129144689240339,-0.0264848823089747,-0.00396141039792964,-0.00710952663413519,-0.0219844602325963,-0.241342844858081,0.379569031159071,1.15879793,0
0.0055579674926543,-0.133116624030894,0.128961431414209,-0.0267046620432909,-0.00637339178214034,-0.00331291538515004,0.0200247992972665,-0.400174830729793,0.67797123491883,1.16936555,0
0.00557416903503472,-0.13333057399552,0.128943157293342,-0.0265044687610418,-0.0103763605668203,0.00346602023061619,0.0183001330653783,-0.380834157859792,0.675857352937926,1.16057999,0
0.00519849406939287,-0.133450682493187,0.129288846106171,-0.0263215409366878,-0.0141863419112706,0.0102235501839647,0.0357347211149234,-0.248305498657583,0.408890170859343,1.14846787,0
0.00468436318138787,-0.133464062187233,0.129225364816084,-0.0259641937255386,-0.0166693968978464,0.0143124518925582,0.107304958783072,-0.0857509994133838,0.0188622100526501,1.15093394,0
0.00472156382719657,-0.133667588696499,0.129208038234468,-0.0248911441377079,-0.0175269068919802,0.0145010739930847,0.214161149960623,0.0474468697723912,-0.325865301099071,1.16062676,0
0.0044300299630629,-0.133881700627679,0.129594689401243,-0.0227495326381016,-0.0170524381942563,0.011242420982094,0.296595344724601,0.127835611142569,-0.51314682796283,1.16241201,0
0.00400039395480544,-0.133932410296431,0.129562126793388,-0.0197835791908556,-0.0157740820828306,0.00611095270246565,0.289394813538716,0.163734987336306,-0.518147929412056,1.15569767,0
0.00404894325500939,-0.134190805943123,0.129521993645371,-0.0168896310554685,-0.0141367322094676,0.000929473408345086,0.156427867788608,0.171201192467877,-0.39075903169992,1.14766686,0
0.00375850039619114,-0.134363084601061,0.12976638093042,-0.0153253523775824,-0.0124247202847888,-0.00297811690865411,-0.0717500412607908,0.16561925519142,-0.213801272212135,1.14520739,0
0.00379870806976811,-0.134576331547063,0.129642915117404,-0.0160428527901903,-0.0107685277328746,-0.00511612963077546,-0.321278681747433,0.160187998577655,-0.0553420967646182,1.15157484,0
0.00330324487437658,-0.134472838932941,0.129551951523849,-0.0192556396076646,-0.00916664774709804,-0.00566955059842164,-0.498398549788841,0.165231281137061,0.0528210338703128,1.1595038,0
0.00333324551342204,-0.134616481799308,0.129497998858814,-0.024239625105553,-0.00751433493572742,-0.00514134025971851,-0.545404539329764,0.189414986968984,0.109784581321916,1.15873166,0
0.0027946210237604,-0.134627026380517,0.129523507718497,-0.0296936704988507,-0.00562018506603758,-0.00404349444649935,-0.458018445958754,0.230253817026421,0.130086503723696,1.15151882,0
0.00281537421029708,-0.134798290827626,0.12943328623894,-0.0342738549584382,-0.00331764689577337,-0.00274262940926239,-0.288806299478793,0.269852172731008,0.125348601228793,1.14795626,0
0.00277829573753602,-0.135027484323405,0.129347783257017,-0.0371619179532261,-0.00061912516846329,-0.00148914339697446,-0.109637121140412,0.280367399506664,0.0992306834446534,1.15131069,0
0.00208135714381495,-0.134786824188973,0.129438674419407,-0.0382582891646303,0.00218454882660335,-0.000496836562527925,0.0313031291889672,0.232477779467757,0.0531247069591924,1.15749598,0
0.00116215034625363,-0.134634743877403,0.129389906429448,-0.0379452578727406,0.00450932662128092,3.44105070639989e-05,0.130124768129332,0.11740900820494,-0.00793075817265875,1.16196478,0
0.00115765245823831,-0.134754216028025,0.129351328195261,-0.0366440101914472,0.00568341670333032,-4.48970746625887e-05,0.230322314097105,-0.0521937178047058,-0.0703084128004373,1.16162939,0
0.00118061243908122,-0.134736143492687,0.129353828030348,-0.0343407870504762,0.00516147952528326,-0.000747981202666962,0.379850663685053,-0.234463772164245,-0.117215529209838,1.15619877,0
0.000536117149658228,-0.134647521432857,0.129428434747219,-0.0305422804136257,0.00281684180364081,-0.00192013649476534,0.581310932568176,-0.375998135776036,-0.135291527896794,1.14932011,0
0.00051485677044091,-0.134737951304726,0.129367181893521,-0.0247291710879439,-0.000943139554119543,-0.00327305177373328,0.776806686481638,-0.426836350706416,-0.116069195808404,1.14449341,0
-0.00025188050712714,-0.134513255871495,0.129324504229987,-0.0169611042231275,-0.0052115030611837,-0.00443374373181732,0.866346789716939,-0.357116656140345,-0.0663313537510363,1.14426886,0
-0.000239011496420485,-0.13464450253685,0.129261635375935,-0.00829763632595811,-0.00878266962258716,-0.00509705726932769,0.753795914884871,-0.16530694438406,-0.00407010008581445,1.15049703,0
-0.000240841474141202,-0.134821167381731,0.129205686577834,-0.000759677177109402,-0.0104357390664278,-0.00513775827018583,0.436085694427816,0.109213932515786,0.0489027241831088,1.16106751,0
-0.000216954723465482,-0.134804725507512,0.129206348755752,0.00360117976716875,-0.00934359974126991,-0.00464873102835474,0.00216101780140852,0.402871668686759,0.0649281974197097,1.16979383,0
-0.000222435755448445,-0.135037223609697,0.129102047356054,0.00362278994518284,-0.00531488305440231,-0.00399944905415765,-0.388906634456945,0.637428545424628,0.0256116970376432,1.16860317,0
-0.000192106470904839,-0.13500771689883,0.129103135917909,-0.000266276399386613,0.00105940239984397,-0.00374333208378121,-0.571552957023971,0.738035297251129,-0.0692159118117994,1.15497074,0
-0.000162550541752791,-0.13498445759402,0.129094509802614,-0.00598180596962632,0.00843975537235526,-0.00443549120189921,-0.467471590756191,0.661906304972667,-0.19370396096425,1.1418628,0
-0.00013161789688677,-0.134955705738055,0.129084769469124,-0.0106565218771882,0.0150588184220819,-0.0063725308115417,-0.129711242501212,0.42166295152936,-0.300667271572707,1.14525932,0
-0.000523541877864684,-0.134680644116868,0.128798308404461,-0.0119536343022003,0.0192754479373755,-0.00937920352726877,0.280209817494308,0.0880752429760981,-0.338908465110207,1.15776305,0
-0.000498240188764372,-0.134634843884769,0.128801869574267,-0.00915153612725727,0.0201562003671365,-0.0127682881783708,0.573652362263016,-0.23012559249608,-0.275433712640027,1.15734058,0
-0.000546995961418834,-0.134343963297375,0.128753354482517,-0.0034150125046271,0.0178549444421757,-0.0155226253047711,0.631755378235647,-0.425193942528957,-0.116256314042351,1.14406359,0
-0.000530061031686733,-0.134303881462037,0.128747134478128,0.00290254127772936,0.0136030050168861,-0.0166851884451946,0.456065299250041,-0.429162224526183,0.0860638255917647,1.14113872,0
-0.00058008653137202,-0.13399323065754,0.128377812510964,0.00746319427022978,0.00931138277162431,-0.015824550189277,0.172856987685168,-0.254743728897462,0.255735949178736,1.15632951,0
-0.000489051379318473,-0.133958184795226,0.128113276446897,0.00919176414708146,0.0067639454826497,-0.0132671906974896,-0.0553053863827189,0.0150162189586596,0.324413255549405,1.16990385,0
-0.000443588693896674,-0.133879215453357,0.128100637645119,0.00863871028325427,0.00691410767223629,-0.0100230581419956,-0.114236602050926,0.259668051083167,0.264299784773384,1.16706185,0
-0.000406692782575364,-0.133841931206277,0.128100695240984,0.00749634426274501,0.00951078818306797,-0.00738006029426172,0.00404534659090439,0.370141250892091,0.103427705108679,1.15566847,0
-0.000155412145112134,-0.133745582748382,0.127849503266247,0.00753679772865406,0.0132122006919889,-0.00634578324317493,0.197340221190516,0.305657571416995,-0.0816676586685841,1.14735905,0
-0.000112199538162007,-0.133584086210964,0.127919673879758,0.00951019994055922,0.0162687764061588,-0.00716245982986077,0.331379676688882,0.104940813112281,-0.20580571431048,1.14581325,0
-9.30054542461242e-05,-0.133541786760279,0.127922330794478,0.012823996707448,0.0173181845372816,-0.00922051697296557,0.321295330990718,-0.134112669952712,-0.210385837514001,1.15121262,0
9.54733498084442e-05,-0.133201108787732,0.127571044012606,0.0160369500173552,0.0159770578377545,-0.0113243753481056,0.17755703405379,-0.301893918892042,-0.0891308880172758,1.15786297,0
0.000122694377487174,-0.133154797348695,0.127580317121455,0.0178125203578931,0.0129581186488341,-0.0122156842282783,0.00284282907195953,-0.333602006167352,0.103727216810991,1.15813981,0
0.000272228951810292,-0.132871148533056,0.127539688648995,0.0178409486486127,0.00962209858716058,-0.0111784120601684,-0.08467132133398,-0.23055222703139,0.28212304226469,1.15569243,0
0.000542074831059911,-0.132847967069931,0.127356226968408,0.0169942354352729,0.00731657631684668,-0.00835718163752153,-0.0205320784182197,-0.0632496579203256,0.358884783303068,1.1586972,0
0.000989421044303204,-0.132890023919851,0.127243859878638,0.0167889146510907,0.00668407973764343,-0.00476833380449084,0.1563408195404,0.0779607306264592,0.290549882019798,1.16319649,0
0.00101764738163108,-0.132847126693896,0.127249380704128,0.0183523228464947,0.00746368704390802,-0.00186283498429286,0.334489031020232,0.120987990967294,0.0946791035104035,1.15951708,0
0.0010586893225905,-0.132629150254687,0.127241498971759,0.021697213156697,0.00867356695358095,-0.000916043949188821,0.39655248300604,0.0462878705191368,-0.149749832689637,1.14898203,0
0.00109449038887204,-0.13258961086768,0.127239301427698,0.0256627379867574,0.00913644565877233,-0.0024135422760852,0.295908021143701,-0.108520645988872,-0.33533929816305,1.14262461,0
0.00126699803400746,-0.132274161629471,0.127105444098848,0.0286218181981945,0.00805123919888361,-0.0057669352577157,0.0880234228455819,-0.275348285816302,-0.374231501334946,1.14658393,0
0.00218046374552727,-0.132551647862054,0.127090144368092,0.0295020524266503,0.00529775634072059,-0.00950925027106516,-0.0966269704401282,-0.382013200260001,-0.242508079354883,1.15520599,0
0.00229105950063962,-0.132399232970867,0.12704546027405,0.028535782722249,0.00147762433812058,-0.011934331064614,-0.154010933777372,-0.38017118493189,0.0050514327903439,1.15956539,0
0.00247587555672595,-0.132355140717974,0.126925805387455,0.0269956733844753,-0.00232408751119832,-0.0118838167367106,-0.0587228596614012,-0.25984395472325,0.252261872689765,1.15787614,0
0.0025130016769756,-0.132326048173738,0.126923008671861,0.0264084447878613,-0.00492252705843082,-0.00936119800981291,0.116943301160349,-0.050613931015361,0.371642128754562,1.15441447,0
0.00298768131710145,-0.13243965043302,0.126576171257851,0.0275778777994647,-0.00542866636858443,-0.00564477672226729,0.239696909026962,0.194210161027097,0.291864375756597,1.1520384,0
0.00305296204164672,-0.132358813763384,0.126624918478392,0.0299748468897344,-0.00348656475831346,-0.00272613296470132,0.214680518410405,0.404586901990737,0.0355305175058573,1.15104833,0
0.00384657738969548,-0.132637558727424,0.126582292476604,0.0321216520738384,0.000559304261593917,-0.00237082778964275,0.0354400227890814,0.516518339166933,-0.282303028483134,1.15232994,0
0.0038409293297031,-0.132494039779434,0.126613339266003,0.0324760523017292,0.00572448765326325,-0.00519385807447409,-0.201889033457003,0.487541819931193,-0.508599505895951,1.15575803,0
0.00383725680789106,-0.132283085323404,0.126554760605785,0.0304571619671592,0.0105999058525752,-0.0102798531334336,-0.361836307778363,0.312293993119157,-0.522252035871383,1.15883142,0
0.00478661853160371,-0.132448516182021,0.126427342320145,0.0268387988893756,0.0137228457837668,-0.0155023734921474,-0.355421825884296,0.0368073831442036,-0.295591860324428,1.15932422,0
0.00482810099366633,-0.132276203664696,0.126353417503413,0.0232845806305326,0.0140909196152088,-0.0184582920953917,-0.193876593460048,-0.251811037370168,0.0816437236026003,1.15681209,0
0.00496100729260693,-0.131979957411582,0.12600303933995,0.0213458146959321,0.0115728092415071,-0.0176418548593657,0.0203660524198838,-0.451010421607344,0.450626600462091,1.15204657,0
0.00502350631139037,-0.13188186153004,0.125983380474854,0.0215494752201309,0.00706270502543367,-0.0131355888547448,0.159424782077215,-0.480291834681422,0.652875166136468,1.14748821,0
0.00554519168252971,-0.131964327464532,0.12570864592837,0.0231437230409031,0.00225978667861945,-0.00660683719338011,0.151562770358247,-0.317696139483076,0.601023380240552,1.14781222,0
0.00558500787875545,-0.131819265645483,0.125763548052518,0.0246593507444856,-0.000917174716211307,-0.000596603390974583,0.0134535088064465,-0.00943934511072523,0.315842190455283,1.15478505,0
0.0058525642350923,-0.131753171597506,0.125616101066513,0.02479388583255,-0.00101156816731856,0.00256181851357825,-0.164107004655604,0.340155272973762,-0.0856835396087609,1.16178972,0
0.00629382692869485,-0.132000011942819,0.125830173727785,0.023152815785994,0.00238998456241906,0.00170498311749064,-0.287370877894802,0.617980641853987,-0.454232927447692,1.16124582,0
0.00637979573899571,-0.131875438718392,0.125826589519633,0.020279107007046,0.00856979098095893,-0.00283734615698628,-0.315642563389287,0.740694463851964,-0.663835238274328,1.1569679,0
0.00650610294803451,-0.131650214275865,0.125759141968821,0.0171226813731531,0.0159767356194786,-0.00947569853972956,-0.282769023948979,0.691256160808356,-0.664991067651871,1.15670881,0
0.00677509431408235,-0.13164586858056,0.125448059195335,0.0142949911336633,0.0228892972275621,-0.0161256092162483,-0.258319693291094,0.514527202089177,-0.49287031350061,1.15714655,0
0.00686400068804724,-0.131303984934566,0.125524987723709,0.0117117942007524,0.0280345692484539,-0.0210543123512544,-0.289423073588023,0.293592495187015,-0.240427669614198,1.15246223,0
0.00707872837138718,-0.131165186055005,0.125318411426108,0.00881756346487213,0.030970494200324,-0.0234585890473964,-0.356676791391099,0.105095779359744,-8.57199629610542e-05,1.14633549,0
0.00705435170679042,-0.130787520192286,0.124942985868016,0.00525079555096114,0.0320214519939215,-0.023459446247026,-0.402457529440317,0.0010627461458343,0.154745947630152,1.14308624,0
0.00708794650236451,-0.130441739924204,0.124876699310223,0.00122622025655796,0.0320320794553798,-0.0219119867707245,-0.36913627629317,-0.00980194535352991,0.214006844992387,1.14417903,0
0.00716591908669736,-0.130115459172657,0.124663246240836,-0.00246514250637375,0.0319340600018445,-0.0197719183208006,-0.264740900926821,0.0495515205726734,0.216862453271695,1.15418947,0
0.00721454169072989,-0.12973487407223,0.124323510571552,-0.00511255151564196,0.0324295752075713,-0.0176032937880836,-0.168615298893913,0.145172329716857,0.21900885036937,1.17002197,0
0.00715953467229356,-0.129644085011601,0.124011353547911,-0.00679870450458108,0.0338812985047398,-0.0154132052843899,-0.186362393007977,0.236926445620334,0.257698420135495,1.17495998,0
0.00711623148275526,-0.129153712941638,0.124109871275534,-0.00866232843466085,0.0362505629609432,-0.012836221083035,-0.372186654623801,0.286132348109635,0.325296914610849,1.16208934,0
0.00674702941971028,-0.128765807581262,0.12399556844109,-0.0123841949808989,0.0391118864420395,-0.0095832519369265,-0.669918046576774,0.251199846116404,0.369903530467335,1.14671901,0
0.00669972872805321,-0.128368688104167,0.123925712684976,-0.0190833754466666,0.0416238849032036,-0.00588421663225315,-0.91537619603592,0.0918500797259679,0.328168070404647,1.14383524,0
0.00659467840757322,-0.127974869568286,0.123762227170343,-0.0282371374070258,0.0425423857004633,-0.00260253592820667,-0.915249860187459,-0.215363926347429,0.173125283698984,1.15077977,0
0.00646657508020119,-0.127590198652081,0.123654401950886,-0.0373896360089004,0.040388746436989,-0.000871283091216828,-0.557279885491935,-0.648307550519084,-0.0514515717311319,1.15619328,0
0.00626641443839717,-0.127138894032094,0.123571808083759,-0.0429624348638197,0.0339056709317981,-0.00138579880852815,0.110138904711243,-1.13004214044243,-0.238844959460866,1.15447653,0
0.00525991691815953,-0.126850894634229,0.123812944693077,-0.0418610458167073,0.0226052495273738,-0.00377424840313681,0.87178404719489,-1.53008086123896,-0.264654811175517,1.15082193,0
0.00511394840056409,-0.126607143347159,0.123761470919178,-0.0331432053447584,0.00730444091498423,-0.00642079651489198,1.42929009468881,-1.70589458186361,-0.0790348606629273,1.15239764,0
0.00471818172817206,-0.126564026558784,0.123583537394464,-0.0188503043978703,-0.00975450490365192,-0.00721114512152125,1.54714594248376,-1.56323785344012,0.262939527639485,1.15648119,0
0.00463119992877334,-0.126568024235436,0.123596591410072,-0.00337884497303273,-0.0253868834380531,-0.00458174984512641,1.17466440653918,-1.10749800654227,0.612435418930458,1.15678754,0
0.00461659693345483,-0.126819181827187,0.123512503715639,0.00836779909235904,-0.0364618635034758,0.00154260434417817,0.466082146206117,-0.450987173178904,0.787979676593365,1.15555115,0
0.00466508340180571,-0.127229175900042,0.123471440656195,0.0130286205544202,-0.0409717352352649,0.00942240111011182,-0.255274959539554,0.207569029832912,0.698751775749182,1.15659723,0
0.00480498882011265,-0.12770073035361,0.12347577081807,0.0104758709590247,-0.0388960449369358,0.0164099188676036,-0.661296204113798,0.664738611446719,0.410786341874543,1.15733677,0
0.0048308088720008,-0.128067797529914,0.123888349199949,0.00386290891788669,-0.0322486588224685,0.0205177822863491,-0.575444274626444,0.793782462355166,0.112621125368634,1.15682552,0
0.00483104449144982,-0.128357044489128,0.124018432428824,-0.00189153382837774,-0.0243108341989169,0.0216439935400354,-0.0521378404558412,0.591767651174944,0.0294009779559205,1.15771742,0
0.00495306883703716,-0.128553028208967,0.123999301351294,-0.00241291223293616,-0.0183931576871675,0.0219380033195946,0.628190322356568,0.183407459957485,0.291065324690428,1.15898374,0
0.00495828614977014,-0.128811186316347,0.12457922225092,0.00386899099062952,-0.0165590830875926,0.0248486565664989,1.10478821877678,-0.239146269383545,0.824082304448379,1.15983378,0
0.00497425556336004,-0.128955793651659,0.124809556842964,0.0149168731783973,-0.0189505457814281,0.0330894796109827,1.1138293447319,-0.504236886026244,1.4006690859952,1.16344677,0
0.00496920842022912,-0.129063708231975,0.124814789340062,0.0260551666257163,-0.0239929146416905,0.0470961704709347,0.629997485233986,-0.534103537630528,1.74199743033094,1.16915098,0
0.00525009542685978,-0.129409010628907,0.125470291897478,0.0323551414780561,-0.0293339500179958,0.0645161447742442,-0.112917168073221,-0.377127761518948,1.6859577179505,1.17188237,0
0.00570885888593792,-0.129769862513212,0.126154055524275,0.0312259697973239,-0.0331052276331853,0.0813757219537491,-0.718719144908785,-0.184847932845502,1.27517813253409,1.16869035,0
0.00594015131467561,-0.129978186234461,0.126753881554954,0.0240387783482361,-0.0349537069616403,0.09412750327909,-0.830317776536321,-0.141043842673209,0.748967985344521,1.16009859,0
0.00624137769027731,-0.130292499961458,0.127919141728869,0.0157356005828729,-0.0363641453883724,0.101617183132535,-0.313266190553813,-0.367330674936546,0.403647108902415,1.15163258,0
0.00634367021600623,-0.130659007236138,0.128947637204466,0.0126029386773347,-0.0400374521377378,0.105653654221559,0.667308667223136,-0.870000675610298,0.44259434632938,1.15099109,0
0.00649418461817141,-0.131147743932593,0.129981899073378,0.0192760253495661,-0.0487374588938408,0.110079597684853,1.72146045947013,-1.52995809771475,0.866436498730016,1.15931307,0
0.00675010189732549,-0.131685572377582,0.131112931246266,0.0364906299442674,-0.0640370398709884,0.118743962672153,2.39731095986367,-2.13714645450787,1.4800820421182,1.17335026,0
0.0072271263873014,-0.132389616730287,0.132352317996974,0.0604637395429041,-0.085408504416067,0.133544783093335,2.40781078389245,-2.48806877493169,1.99951244457333,1.18821079,0
0.00716397583710819,-0.132815274260515,0.133031823020396,0.0845418473818286,-0.110289192165384,0.153539907539069,1.74073372194163,-2.45732927273224,2.19292722505685,1.19188692,0
0.00852776791156907,-0.134259957109818,0.135222476696228,0.101949184601245,-0.134862484892706,0.175469179789637,0.649188777575768,-2.04732346417985,1.97388057702254,1.17806065,0
0.00966525518469569,-0.135574872809373,0.136998977877729,0.108441072377003,-0.155335719534505,0.195207985559863,-0.496943346936467,-1.36923396858116,1.406981563228,1.1621481,0
0.0107483101763087,-0.137145925525035,0.138890023970841,0.103471638907638,-0.169028059220316,0.209277801192143,-1.36822899769626,-0.581821989277426,0.647509245805928,1.16179131,0
0.0117131060211296,-0.138854250131695,0.140918133737171,0.0897893489306753,-0.174846279113091,0.215752893650202,-1.83804292607681,0.188305427382388,-0.127526797762442,1.17291929,0
0.0124340568546996,-0.140534364283524,0.143020723160402,0.0714089196699072,-0.172963224839267,0.214477625672577,-1.93129106381718,0.890282964944602,-0.781056905552023,1.18107692,0
0.0131649775325558,-0.14225011334629,0.145145632203174,0.0520960090317354,-0.164060395189821,0.206667056617057,-1.80339339062346,1.54342611938752,-1.2204162590593,1.17999506,0
0.013669259178526,-0.143930462419436,0.147205986578369,0.0340620751255008,-0.148626133995946,0.194462894026464,-1.56129127622707,2.17758834530115,-1.39923619170149,1.17010463,0
0.0141130299102636,-0.145431016050622,0.149145343734242,0.0184491623632301,-0.126850250542934,0.180470532109449,-1.23976935292942,2.77529214405178,-1.31967261533817,1.15368981,0
0.0143630621137129,-0.146703154602876,0.151070223558502,0.00605146883393599,-0.0990973291024163,0.167273805956068,-0.822154903338344,3.24981448709102,-1.04074613627444,1.14004733,0
0.014487348056945,-0.147689969347007,0.152798545973199,-0.00217008019944746,-0.0665991842315061,0.156866344593323,-0.324603529590419,3.4809656317713,-0.667046378161146,1.14444905,0
0.0144856950556104,-0.148379084502356,0.154442452571564,-0.00541611549535165,-0.0317895279137931,0.150195880811712,0.138333465338228,3.38741340641225,-0.324810223802505,1.16696948,0
0.0139303105182077,-0.148521160935719,0.15526946304952,-0.00403278084196937,0.00208460615032941,0.146947778573687,0.3940934724205,2.98683117190901,-0.13425657597271,1.18292472,0
0.0145318658211097,-0.148851679695756,0.157412438169912,-9.18461177643633e-05,0.0319529178694195,0.14560521281396,0.303814290223818,2.39571131450132,-0.178951880777593,1.17732505,0
0.0143839353789021,-0.148496215293787,0.159045031544066,0.00294629678447382,0.0559100310144328,0.143815694006184,-0.082115242460739,1.76080624210934,-0.486853321328164,1.16608731,0
0.0137407888799251,-0.147578312431709,0.159554187021972,0.00212514435986643,0.0735180934355261,0.138947160792902,-0.5426879784407,1.17961088247713,-1.02255829848685,1.16029563,0
0.0144582520220508,-0.147059207704402,0.161764381578642,-0.00330173542454057,0.0853142022602975,0.128721577808034,-0.770452403746753,0.646025218212758,-1.67317931071583,1.15113121,0
0.0145543720163471,-0.146207464514682,0.163072264124911,-0.0110062594620081,0.0917744544424251,0.111989784700875,-0.588546702321661,0.0812031250871599,-2.23593888296838,1.13707682,0
0.0139139021543109,-0.145059686431219,0.163463350871446,-0.0168917264852247,0.0925864856932967,0.0896303958711915,-0.0989915611660486,-0.586922165287232,-2.4475054168714,1.12416832,0
0.0142127557547945,-0.144487555459644,0.16494100717911,-0.0178816420968852,0.0867172640404243,0.0651553417024775,0.344964393131537,-1.358831321744,-2.07960479823712,1.11844558,0
0.0139427219035845,-0.143743323504648,0.165752768366326,-0.0144319981655698,0.0731289508229844,0.0443592937201063,0.363398026943459,-2.17050466981337,-1.06925853738767,1.12848893,0
0.0134766207312651,-0.142783515461764,0.165322486411712,-0.0107980178961352,0.0514239041248507,0.0336667083462296,-0.13913329092128,-2.99416588885251,0.388506205328834,1.14335498,0
0.013582105289663,-0.142187237859987,0.166371609933738,-0.012189350805348,0.0214822452363256,0.037551770399518,-0.783089040374413,-3.95893993842546,1.87774869942668,1.13800707,0
0.0133997517186183,-0.141859406732465,0.166886460246461,-0.0200202412090922,-0.018107154147929,0.0563292573937847,-0.80349716167298,-5.3976106242811,2.99449471774573,1.11904446,0
0.0131577534402489,-0.142053426782362,0.167403559939524,-0.028055212825822,-0.0720832603907401,0.086274204571242,0.571420335093137,-7.73241889475555,3.61360050155475,1.11842266,0
0.0129547686811822,-0.142908697282501,0.168003826316773,-0.0223410094748906,-0.149407449338296,0.12241020958679,3.65093831045424,-11.2493151018613,4.07199766207725,1.14550327,0
0.0127769365600977,-0.144580021956217,0.169085401094647,0.0141683736296518,-0.261900600356909,0.163130186207562,7.99242188762725,-15.8545432034929,4.99505860149944,1.18165462,0
0.0130561206489772,-0.147097731309784,0.170467912523468,0.0940925925059243,-0.420446032391838,0.213080772222556,12.4937068824307,-20.995813343538,6.87049277640619,1.20898075,0
0.0140900193148724,-0.151396274101121,0.172904973528425,0.219029661330231,-0.630404165827218,0.281785699986618,15.8844073014663,-25.8042535777264,9.48407563295301,1.22127924,0
0.0162447850070262,-0.157627067591215,0.175983754923829,0.377873734344894,-0.888446701604482,0.376626456316148,17.3317005989413,-29.4389672612109,11.7179662638763,1.21129275,0
0.0191117199086187,-0.166061336294893,0.179882019890256,0.551190740334307,-1.18283637421659,0.493806118954911,16.8581030710068,-31.4398465890962,11.8846196100616,1.17208185,0
0.0250575063678502,-0.178089412810418,0.185151728629118,0.719771771044375,-1.49723484010755,0.612652315055527,15.3126956823295,-31.9050312256697,8.61037649075944,1.12468044,0
0.032505134336723,-0.193192837309641,0.190939540974428,0.872898727867669,-1.81628515236425,0.698756079963122,13.8735527166215,-31.3614061298933,1.7921635907126,1.1144648,0
0.0415110332770137,-0.211500455408467,0.19718111344345,1.01163425503388,-2.12989921366318,0.716677715870248,13.3929878013642,-30.4012095845748,-6.91837077331776,1.15411003,0
0.0517213233711807,-0.232833067869406,0.203860594781384,1.14556413304753,-2.43391130950893,0.64749400813707,13.9024632353296,-29.2462719190781,-14.5746171561398,1.19026621,0
0.0634086451196718,-0.257129042927781,0.210552790493853,1.28458876540082,-2.72637402869971,0.501747836575672,14.5970651108614,-27.5167672087384,-18.1723577359072,1.16432815,0
0.0748383304396957,-0.284101634506662,0.216814778253668,1.43055941650944,-3.0015417007871,0.3200242592166,14.2797187777887,-24.3193414549366,-16.1500594094669,1.10804906,0
0.0901579795911586,-0.314174468573028,0.220638033506701,1.57335660428732,-3.24473511533646,0.158523665121931,12.0240606024187,-18.6497012822678,-9.31495390981439,1.15391892,0
0.104468157530404,-0.346419285830085,0.222399346309452,1.69359721031151,-3.43123212815914,0.0653741260237871,7.69109389552427,-9.91969093770938,-0.650112424529928,1.4146838,0
0.12327518082527,-0.381126133470511,0.22150014465031,1.77050814926675,-3.53042903753623,0.0588730017784878,2.03441931853731,1.64162001852851,5.96073254635085,1.83388447,0
0.140958319943198,-0.416445611400608,0.220688968148393,1.79085234245213,-3.51401283735095,0.118480327241996,-3.63681512836394,14.9077446227699,7.4780530146514,2.14495656,0
0.158376571662282,-0.451447030127132,0.221985112482778,1.75448419116849,-3.36493539112325,0.19326085738851,-8.0493052499255,28.1302306998549,3.05347092247953,2.10834029,0
0.17560498828195,-0.485045324388238,0.225810675933746,1.67399113866923,-3.0836330841247,0.223795566613306,-10.4828301222971,39.4572852309505,-5.66768691806029,1.75536285,0
0.192142059390017,-0.51583352318737,0.229346921914198,1.56916283744626,-2.68906023181519,0.167118697432703,-10.9752779718285,47.4759155051896,-15.3632013768965,1.35971392,0
0.207883138884259,-0.542715621713464,0.230548491917871,1.45941005772797,-2.2143010767633,0.0134866836637381,-10.180134542414,51.571046427132,-22.4912268427483,1.15247882,0
0.222803836661044,-0.564877217398013,0.22925236922557,1.35760871230383,-1.69859061249198,-0.211425584763745,-8.9516511588739,51.9805940404324,-24.6514783372311,1.12967564,0
0.237123810086184,-0.582044749253922,0.226326756179993,1.2680922007151,-1.17878467208766,-0.457940368136057,-7.9480126071872,49.5797335091884,-21.3195477282042,1.1484471,0
0.248573751522974,-0.593573541001125,0.22183037543102,1.18861207464322,-0.682987336995771,-0.671135845418098,-7.3867033949466,45.4897320824166,-13.7130582835944,1.12087198,0
0.260980487517161,-0.600573476832497,0.215853410584564,1.11474504069376,-0.228090016171605,-0.808266428254042,-7.07675591252923,40.6984317008526,-4.06280079979873,1.0793056,0
0.272047949647687,-0.602755888540002,0.208809865781969,1.04397748156847,0.178894300836921,-0.848894436252029,-6.6494307990895,35.8293983053439,5.22641348948714,1.11433301,0
0.282441938089087,-0.600934002514764,0.200445192082215,0.977483173577571,0.53718828389036,-0.796630301357158,-5.83265798745728,31.1081082982609,12.2841297709781,1.27986916,0
0.292244756285701,-0.595647085004011,0.191827732747583,0.919156593702998,0.848269366872969,-0.673789003647377,-4.64455246706737,26.502541947293,16.1038966856112,1.53142603,0
0.301447450872998,-0.587119843483744,0.18429938295174,0.872711069032324,1.1132947863459,-0.512750036791265,-3.39130619500958,21.9373053724494,16.5543386684104,1.74881016,0
0.310315970410008,-0.576049097341698,0.178968861007619,0.838798007082228,1.33266784007039,-0.347206650107161,-2.52340112763675,17.4715388345246,14.1978639916205,1.83415586,0
0.31867059991445,-0.562796128685837,0.175985352598226,0.813563995805861,1.50738322841564,-0.205228010190956,-2.37901416471502,13.3377072068356,10.023421078728,1.78690915,0
0.32672929889584,-0.54769379466833,0.174624377136112,0.789773854158711,1.64076030048399,-0.104993799403676,-2.99752483252456,9.85261489159194,5.10943779543401,1.6784325,0
0.334345499315983,-0.530979090232179,0.173193090212417,0.759798605833465,1.73928644939991,-0.0538994214493357,-4.08065208185452,7.26320952297708,0.355458738901699,1.57508091,0
0.342105015004194,-0.513818716669664,0.173276448533755,0.71899208501492,1.81191854462969,-0.0503448340603187,-5.12377068431084,5.59940133692608,-3.67792754242001,1.50505469,0
0.349437766099832,-0.495647011897548,0.171825224888547,0.667754378171812,1.86791255799895,-0.0871241094845188,-5.66722159469974,4.64954550424237,-6.77154638053404,1.46982049,0
0.356031873261141,-0.477171361003257,0.17118943687223,0.611082162224814,1.91440801304137,-0.154839573289859,-5.51829112804482,4.03914939965944,-8.88389503056797,1.4506248,0
0.362674142434093,-0.457954995865077,0.168989309025619,0.555899250944366,1.95479950703796,-0.243678523595539,-4.83036834557985,3.37622285195194,-9.93794272630537,1.41356686,0
0.367647666006365,-0.438455055040555,0.167190359593812,0.507595567488567,1.98856173555748,-0.343057950858593,-3.98627603383297,2.39302529384561,-9.72338093239152,1.33867152,0
0.372552260068757,-0.418418705770922,0.163987086480858,0.467732807150238,2.01249198849594,-0.440291760182508,-3.35994796955929,1.00908550846222,-7.98827011026357,1.25539117,0
0.377483760301431,-0.398273468725382,0.159930688924613,0.434133327454645,2.02258284358056,-0.520174461285143,-3.11388326964379,-0.669515952919326,-4.67143407944153,1.2284261,0
0.381602349000379,-0.378034228246331,0.154365689849469,0.402994494758207,2.01588768405137,-0.566888802079559,-3.11968979875858,-2.4206529032899,-0.145553585671564,1.2858439,0
0.385768927796039,-0.357986524737249,0.14839534713126,0.371797596770621,1.99168115501847,-0.568344337936274,-3.10064695835956,-3.99502245914842,4.77936413536076,1.3787227,0
0.389900347632049,-0.33822559854649,0.14253741251806,0.340791127187025,1.95173093042699,-0.520550696582666,-2.85092204269151,-5.21247651536956,9.10039262064302,1.43689484,0
0.393134203102288,-0.31861826272617,0.137463125503017,0.31228190676011,1.89960616527329,-0.429546770376237,-2.41337113788202,-6.03566879289095,12.0042162660974,1.44339651,0
0.396185686326459,-0.299542385248137,0.133264056007068,0.28814819538129,1.83924947734438,-0.309504607715262,-2.03792907524539,-6.61761323976755,13.1640169435039,1.43235876,0
0.398935840898735,-0.281125988805549,0.130289956493139,0.267768904628836,1.7730733449467,-0.177864438280223,-1.98825988214839,-7.2690123895563,12.7420452940467,1.42454244,0
0.401374667304231,-0.263429087941002,0.128700682714619,0.247886305807352,1.70038322105114,-0.0504439853397561,-2.32885992808412,-8.35623137220546,11.1595663110075,1.39485141,0
0.403986364906946,-0.246536615262818,0.128195381272767,0.224597706526511,1.61682090732909,0.0611516777703185,-2.75159226314969,-10.1515560580818,8.78470874637988,1.3103712,0
0.40646859049509,-0.230347356335147,0.128722862009688,0.197081783895014,1.51530534674827,0.148998765234117,-2.7636763436518,-12.6829120531468,5.82597052616426,1.17570324,0
0.408438843294848,-0.215224133519021,0.130074881314745,0.169445020458496,1.3884762262168,0.20725847049576,-1.94283328249328,-15.6904528520261,2.47578401941517,1.02603131,0
0.410272348849581,-0.201313097893473,0.131847340139166,0.150016687633563,1.23157169769654,0.232016310689912,-0.262014101622418,-18.6958615398119,-0.815282205714373,0.88748483,0
0.411844530618736,-0.18895395720252,0.134023743550721,0.147396546617339,1.04461308229842,0.223863488632768,1.7963796944286,-21.1506934678401,-3.23674899479154,0.76380321,0
0.412666536539596,-0.178499833441743,0.136764176813596,0.165360343561625,0.83310614762002,0.191495998684852,3.41283503282655,-22.5708742680116,-3.88425136406762,0.66102302,0
0.414433770546367,-0.170136680447366,0.138853983270853,0.199488693889891,0.607397404939904,0.152653485044176,3.80329593127951,-22.5917748128367,-2.33001062703694,0.59983343,0
0.416828523897592,-0.164068327194215,0.140164499868028,0.237521653202686,0.381479656811537,0.129353378773807,2.61305438648319,-20.9716188672118,0.874987356036962,0.59395112,0
0.419158357807427,-0.160343417579341,0.14159767139825,0.263652197067518,0.171763468139419,0.138103252334177,0.0648650061067288,-17.6227889952414,4.2024164708549,0.63772057,0
0.421509304092558,-0.158771083442942,0.143189413770464,0.264300847128585,-0.00446442181299503,0.180127417042725,-3.05993150483844,-12.7837774412731,5.84050682754288,0.71470319,0
0.424582412295228,-0.158986204698028,0.144500511911346,0.2337015320802,-0.132302196225726,0.238532485318154,-5.77121663257279,-7.23699701382678,4.77021279024141,0.79296582,0
0.42669251483729,-0.160067033871246,0.146787926466376,0.175989365754473,-0.204672166363994,0.286234613220568,-7.28878582959793,-2.37804004312602,1.54385890047489,0.82885468,0
0.428195265838005,-0.16185319684642,0.149565560200526,0.103101507458493,-0.228452566795254,0.301673202225318,-7.2606826192603,0.058209105570118,-1.78997177895728,0.80829585,0
0.429968841847679,-0.164097258819094,0.152809983464853,0.0304946812658902,-0.227870475739553,0.283773484435745,-5.88772999042822,-1.26651180082633,-2.83383589889247,0.77146812,0
0.429248234494906,-0.165876252679832,0.155361316062861,-0.0283826186383921,-0.240535593747816,0.25543512544682,-3.77508596061877,-6.41689384343147,-0.458190773802246,0.76913782,0
0.429275881208389,-0.168833551130782,0.158276470048363,-0.0661334782445797,-0.304704532182131,0.250853217708797,-1.67641113838238,-13.6546397400198,4.06688299353139,0.79820222,0
0.429135243100862,-0.172841720003806,0.161446353790996,-0.0828975896284035,-0.441250929582329,0.291522047644111,-0.20877399285069,-19.7594928594488,7.29357109700859,0.80393042,0
0.428088066842683,-0.177326891899257,0.164437759815254,-0.0849853295569104,-0.638845858176817,0.364457758614197,0.357365681143874,-21.2980885020451,5.29136187727947,0.75659148,0
0.427310714298071,-0.183457707344743,0.167982139379086,-0.0814116727454717,-0.851826743197268,0.417371377386992,0.175706882823752,-16.3671773005135,-3.95818461789958,0.707783,0
0.426273327068067,-0.190615827602211,0.170742654574868,-0.0796546039172342,-1.0154985162024,0.377789531207996,-0.268178677117889,-5.89279525763618,-18.8693692806317,0.74035636,0
0.425275912066724,-0.200053911778665,0.173643600358528,-0.082336390688413,-1.07442646877877,0.189095838401679,-0.388476431999812,6.33094722397274,-34.3068169767494,0.85557883,0
0.424504136721737,-0.211324984543327,0.176060050421283,-0.0862211550084112,-1.01111699653904,-0.153972331365815,0.202610578047476,15.1467056098866,-43.7079364228691,0.94114393,0
0.423956395330195,-0.222878020484637,0.176222851417784,-0.0841950492279364,-0.859649940440172,-0.591051695594506,1.43144710453665,16.4589751451106,-42.1989902395247,0.90217277,0
0.423247037671648,-0.232559380171407,0.171753018522997,-0.0698805781825699,-0.695060188989065,-1.01304159798975,2.70434741180321,9.39268237049166,-29.1597379437275,-2.38018578,2.0806070469875
0.421957131318544,-0.238818528804128,0.161558183144824,-0.0428371040645378,-0.601133365284148,-1.30463897742703,3.07838201467427,-3.01463441094573,-8.74702947980244,-1.40198006,6.42859764550434
0.422686724149905,-0.243924939825784,0.146053798746019,-0.0120532839177951,-0.631279709393606,-1.39210927222505,1.65910134665505,-15.0504623241997,11.9208561840288,-0.19043183,8.44906147224627
0.421580677237924,-0.248982277948461,0.130528786824383,0.00453772954875539,-0.781784332635603,-1.27290071038476,-1.93506186442185,-20.9568090271992,26.0293426160202,0.79161185,9.33324527461384
0.421106172654322,-0.256746811458271,0.118112574390489,-0.0148128890954632,-0.991352422907595,-1.01260728422456,-7.27528202911353,-17.6365258872227,30.0528287061189,1.11163757,10.2706638568034
0.421060803344015,-0.267525070611879,0.109730636068307,-0.0875657093865985,-1.16771768177982,-0.712078997163374,-13.1636453114926,-6.06050986164181,24.9732841179854,0.84989616,11.2384740651394
0.421796478124221,-0.280477534236718,0.104276250027034,-0.219202162501524,-1.22832278039624,-0.46234615598352,-18.0102478446916,9.29109125682935,15.2441386326163,0.40345937,11.9004435339606
0.418659910971679,-0.292770458706647,0.0995151588556032,-0.39930464094844,-1.13541186782795,-0.309904769657357,-20.3997227076251,22.6009754528049,6.22747352100504,0.05361103,12.1812686793212
0.414517932591826,-0.303827791644326,0.0953526670974529,-0.603301868024691,-0.909402113299897,-0.247630034447307,-19.6361404493933,29.3405929305963,1.60609748270274,-0.21288968,12.404447120072
0.408508364645877,-0.312188276902941,0.0918945092421302,-0.799663272518625,-0.615996183993935,-0.231569059620279,-15.9620604045792,28.0312683948416,2.05791779935217,-0.53154514,12.8603403038369
0.400341917239517,-0.317776441035116,0.0891599072988191,-0.959283876564416,-0.335683500045518,-0.210989881626758,-10.4248425913746,20.4121277930058,5.67794734478634,-1.02567686,13.5210838367921
0.39075285579958,-0.321097441842105,0.0872829885988048,-1.06353230247816,-0.13156222211546,-0.154210408178894,-4.44816523324769,10.1513247102318,9.58918650636526,-1.8439517,14.1270162313903
0.380349534559071,-0.322971346183968,0.086376735111353,-1.10801395481064,-0.0300489750131421,-0.0583185431152417,0.669419633934056,0.959510623122363,11.6544964858803,-3.03744312,14.4600902727513
0.369497484280952,-0.32386002228599,0.08651136492293,-1.1013197584713,-0.0204538687819185,0.0582264217435617,4.09386355869974,-4.88766227196097,11.3536926251174,-4.31368153,14.7135352683236
0.358474956001084,-0.324110234607418,0.0872793813523068,-1.0603811228843,-0.0693304915015282,0.171763347994736,5.55156834439848,-7.01070335664058,9.54627497027846,-5.68119037,14.8949050157071
0.347611355832107,-0.324484241038295,0.088683749015751,-1.00486543944032,-0.139437525067934,0.26722609769752,5.21067594279687,-6.39852080185121,7.53690174400868,-7.14062094,14.9593893978626
0.337257812603595,-0.325580949042515,0.0907548516520788,-0.952758680012348,-0.203422733086446,0.342595115137607,3.4345877577632,-4.41877137554473,6.17779039426515,-8.64470968,14.806567893953
0.327129620877579,-0.327410532144287,0.0936977010457501,-0.918412802434715,-0.247610446841893,0.404373019080259,0.674768064847867,-2.04167720450829,5.52256941989774,-10.22218114,14.3349554559579
0.320089061809736,-0.330344392219646,0.0979595030855364,-0.911665121786237,-0.268027218886976,0.459598713279236,-2.60629963609973,0.416673660671721,5.08328302707624,-11.73435251,13.7028386439438
0.310857816952002,-0.333190632577764,0.102994398717494,-0.937728118147234,-0.263860482280259,0.510431543549999,-5.88240041626797,3.02118537813336,4.36130243962362,-13.14856637,12.9839372252993
0.298532575267512,-0.335038044566911,0.108037525496736,-0.996552122309914,-0.233648628498925,0.554044567946235,-8.60044811569013,5.79815936136902,3.22181601114774,-14.58623703,12.1035596773026
0.290509476988605,-0.337892751691764,0.114214947865502,-1.08255660346681,-0.175667034885235,0.586262728057713,-10.2221463459811,8.45869484882085,1.89334686798134,-15.96621286,11.1006422378426
0.279624749085434,-0.339600594413018,0.119664492537963,-1.18477806692663,-0.0910800863970267,0.605196196737526,-10.4403694286549,10.4941954977982,0.696348012479648,-17.43316924,9.82085436935065
0.268087526874345,-0.340707143281692,0.125422886835132,-1.28918176121318,0.013861868580955,0.612159676862322,-9.3363657774746,11.4698429049739,-0.228577829940803,-18.94435554,8.3784137286828
0.255249459982663,-0.340695037852534,0.131361541529974,-1.38254541898792,0.128560297630694,0.609873898562914,-7.35493605016435,11.2901042587015,-0.971915311480257,-20.46369094,6.96097877348955
0.241038461599893,-0.339192207264805,0.137586006630734,-1.45609477948956,0.24146134021771,0.600154745448111,-5.19466856056528,10.28969327866,-1.7188943226726,-22.0036862,5.61910648716288
0.22614349817933,-0.33647909590964,0.143771839741165,-1.50804146509522,0.34435827300431,0.582965802221385,-3.51658994004593,9.05140038064339,-2.53799541501159,-23.49464689,4.36732610934002
0.211037857810088,-0.332994391247328,0.149585815270095,-1.54320736449568,0.434872276810744,0.55758584807127,-2.64488063170857,8.08548593179528,-3.28199774739719,-24.87274048,3.21842538326734
0.195938617912279,-0.328890936821923,0.15528315917176,-1.56965617081276,0.515727136128696,0.524765870597298,-2.47994637702551,7.59125708606713,-3.68631289403812,-26.09836615,2.15541612542245
0.180470114166769,-0.323930475991905,0.160610523989797,-1.59445563458302,0.591639706989368,0.487902741656916,-2.55492754023712,7.37429396367006,-3.52386460078317,-27.18067891,1.10485128912455
0.16458456068037,-0.318008507517377,0.165321211797759,-1.62000490998539,0.665382646626069,0.452664095649085,-2.30896945919159,7.00172131200572,-2.74271955420965,-28.14568006,0.0208312187904015
0.14828099734746,-0.311172940860838,0.1695336840261,-1.6430946045773,0.735399859746126,0.425236900106988,-1.38592307041667,6.06903187292968,-1.47475649524548,-29.1696254,1.18075780960248
0.131497813521844,-0.30373074749819,0.173900048392308,-1.65695383528147,0.796090178475423,0.410489335154533,0.196661703514197,4.44278268066896,0.048200375305008,-30.43347284,2.5580144672707
0.114858989194787,-0.295800717156318,0.178120681256632,-1.65498721824633,0.840518005282112,0.410971338907583,2.0500001081815,2.36506869941473,1.56681054762877,-31.87062154,4.01819279773053
0.0985050415224969,-0.287551069380916,0.182414544296646,-1.63448721716451,0.864168692276259,0.426639444383871,3.59647453908483,0.363639255819367,2.81880511809659,-33.44019818,5.49704899362011
0.0824394082800026,-0.279011599211245,0.186732771783951,-1.59852247177367,0.867805084834453,0.454827495564837,4.34546082469794,-0.946644919651858,3.53046490763098,-35.03370412,6.91635301718263
0.0666319183095903,-0.270312263514343,0.19117422021458,-1.55506786352669,0.858338635637935,0.490132144641147,4.10823389138132,-1.30733149609592,3.44895616407198,-36.68418909,8.3519351831775
0.0504621110764334,-0.261397565357852,0.195876074736665,-1.51398552461287,0.845265320676975,0.524621706281867,3.03601389010288,-0.787455290609717,2.44872115170786,-38.30389598,9.75169163681049
0.0351829561816106,-0.252921783823383,0.201151335891477,-1.48362538571184,0.837390767770878,0.549108917798945,1.52919796180815,0.175016799034479,0.686408636202493,-39.86351611,11.0902464559165
0.0212003739249703,-0.244879713291908,0.206393084281189,-1.46833340609376,0.839140935761223,0.55597300416097,0.0318658258671298,1.00942171628381,-1.34684662632851,-41.4748249,12.4302107364559
0.00594116046404912,-0.236498757939161,0.212367289413032,-1.46801474783509,0.849235152924061,0.542504537897685,-1.09302612530904,1.25353764629496,-2.94790679171471,-43.13316297,13.7210314217164
-0.00859480792800035,-0.228045326567494,0.217833199863355,-1.47894500908818,0.861770529387011,0.513025469980538,-1.6665642959056,0.725339209938292,-3.50045224827169,-44.86582771,14.9701912123015
-0.0233523593076257,-0.219293824724579,0.222897529076884,-1.49561065204724,0.869023921486393,0.478020947497821,-1.65989817381084,-0.469568263346715,-2.78658284648761,-46.69292895,16.2074178563876
-0.0383762913898038,-0.210467715815728,0.227623290595465,-1.51220963378535,0.864328238852926,0.450155119032945,-1.12554869858503,-2.03282778710255,-1.12779988867276,-48.53807768,17.4858411379989
-0.0535439337080582,-0.201818261628847,0.232120361796689,-1.5234651207712,0.843999960981901,0.438877120146218,-0.156490893226693,-3.59433895024167,0.747176691948474,-50.43090997,18.9145020800143
-0.0688679725371229,-0.193436399053955,0.23648330217597,-1.52503002970346,0.808056571479484,0.446348887065702,1.10999542859976,-4.8014664664814,2.05669695669212,-52.36333325,20.4878938466293
-0.0837426047917622,-0.18564435775887,0.240847727306846,-1.51393007541747,0.76004190681467,0.466915856632623,2.47206232332947,-5.39111172523754,2.34899007351084,-54.48725467,22.2637591382875
-0.0989656035433692,-0.178048728312889,0.24552940058679,-1.48920945218417,0.706130789562295,0.490405757367732,3.68025712459847,-5.28422831753654,1.70068637127817,-56.77534357,24.1126848047298
-0.114473811958565,-0.170614166227863,0.25047143091444,-1.45240688093819,0.653288506386929,0.507412621080513,4.51907725644398,-4.69246383036722,0.612385172830682,-59.26324568,26.0257065572809
-0.127691016898191,-0.16449295829631,0.25563103433571,-1.40721610837375,0.606363868083257,0.51353647280882,4.91428291182381,-4.15054049340036,-0.324141377018361,-61.90519718,28.0070844483951
-0.142873278268793,-0.157957590540042,0.260824307601711,-1.35807327925551,0.564858463149254,0.510295059038637,5.01407820011682,-4.36680343796191,-0.776784704487546,-64.63905469,30.1042388752429
-0.15653254421562,-0.152273783237523,0.265965699210368,-1.30793249725434,0.521190428769635,0.502527211993761,5.10088726405495,-5.86088971162047,-0.826843690308493,-67.58226568,32.4639501001199
-0.169643342190338,-0.147055954410676,0.270901131669846,-1.25692362461379,0.46258153165343,0.494258775090676,5.45169933328378,-8.5717586751226,-0.828409005828531,-70.65821598,34.999097166479
-0.180760008992202,-0.143196229979324,0.275924069178434,-1.20240663128095,0.376863944902204,0.485974685032391,6.17470440998189,-11.7277059794949,-1.07048987975746,-73.6699718,37.6050895614887
-0.194200141521059,-0.138952818822932,0.280311800563476,-1.14065958718113,0.259586885107255,0.475269786234817,7.05852923535115,-14.1525695232733,-1.50542169903287,-76.76830516,40.382962889782
-0.205605045434633,-0.136516838525847,0.285150623114737,-1.07007429482762,0.118061189874521,0.460215569244488,7.75026533731938,-15.0089305198824,-1.69768449445028,-80.11827436,43.429311261197
-0.215213447740675,-0.135689264481075,0.29013700522574,-0.992571641454429,-0.0320281153243028,0.443238724299985,7.97339340090387,-14.4916211925011,-1.10717253780889,-83.81930655,46.7750721364198
-0.22586417743117,-0.135340839341045,0.294583592952883,-0.91283770744539,-0.176944327249314,0.432166998921896,7.76908112244317,-13.9700237942286,0.4888383727973,-87.61699117,50.2124984221074
-0.235529837532252,-0.136486596507766,0.298965822536524,-0.835146896220958,-0.3166445651916,0.437055382649869,7.54485193190905,-15.2742115119859,2.68787623580346,-91.62036469,53.8332351087285
-0.243312922844813,-0.139667818258286,0.303291946766031,-0.759698376901868,-0.469386680311459,0.463934145007904,7.86148874412402,-19.3765700873747,4.50244636422017,-95.60178126,57.5192517734043
-0.251311893168541,-0.144806985444811,0.307608017899046,-0.681083489460628,-0.663152381185206,0.508958608650105,9.059538286677,-25.2353265519493,4.78019791349186,-99.52783692,61.2949277401573
-0.257222776882457,-0.152553728988088,0.312723432725247,-0.590488106593858,-0.915505646704698,0.556760587785024,10.9435430835657,-29.6580860894226,2.80087099859873,-103.36101237,65.1134688129507
-0.263290708987658,-0.162346459356158,0.318334684945432,-0.481052675758201,-1.21208650759892,0.584769297771011,12.7481998914042,-28.5619587125128,-1.26467840461951,-107.10867311,68.9244951661388
-0.268496651947766,-0.174038414604747,0.324219348054397,-0.353570676844158,-1.49770609472405,0.572122513724816,13.4504873421252,-19.1623411082618,-6.30684075368289,-110.96819072,72.7652698556499
-0.271748373655426,-0.187665617107887,0.330130445745679,-0.219065803422907,-1.68932950580667,0.509054106187987,12.2901818255447,-1.93495939757254,-10.6960760994683,-114.91232451,76.4741626576468
-0.274676557396459,-0.202633473331994,0.335068682949265,-0.0961639851674596,-1.7086790997824,0.402093345193304,9.21791585427109,18.871222599933,-12.9795940324804,-118.61534396,79.9533738260803
-0.276323669291995,-0.218805409866839,0.339277653348995,-0.00398482662474864,-1.51996687378307,0.2722974048685,4.99775647874679,36.6904685245894,-12.4986548875968,-121.56536352,82.9902632424031
-0.274331379616034,-0.237003382367796,0.3418144620151,0.0459927381627193,-1.15306218853717,0.147310855992532,0.893072641289989,45.4924495273949,-9.63806759356966,-123.63008796,85.4655456955895
-0.274073015559802,-0.255839462253115,0.343530756493257,0.0549234645756192,-0.698137693263222,0.0509301800568354,-1.91011476852956,42.5933797051822,-5.59321124561041,-125.08820271,87.4311446149634
