0.696921577982592,-1.37535313996395,0.277655624990103,0.0314164270204098,0.00336291635254497,-0.0243727183417244,1.78282168856055,0.385213490455941,-0.410086395891025,0.69495036,0
0.696952260521776,-1.375384338597,0.277635407096048,0.0499608038121892,0.00648684522502002,-0.0289454873480848,0.339088019899878,0.18210318550376,0.264718627482438,0.691603,0
0.6971412088194,-1.37545775360305,0.277070347675002,0.0538336817162518,0.00781777196072267,-0.0266159077249566,-1.30581114260768,-0.104246844559059,0.77136606920403,0.69186434,0
0.697851288171592,-1.37527528955267,0.276577672468558,0.0409719535346194,0.00657561701778439,-0.0190316514347671,-2.14213671579879,-0.353006362716004,0.877693856347158,0.69197595,0
0.698083567060423,-1.37501508975913,0.276524330494228,0.019513014135424,0.00308375761352263,-0.0102299550900835,-1.51521900768619,-0.470198023931004,0.588784336846362,0.69037487,0
0.69950050999566,-1.37506432549732,0.276422934544136,0.00420780399182955,-0.00146262869395186,-0.0042412809696751,0.390226790076577,-0.436040157121041,0.15248527846866,0.69352112,0
0.699470862785789,-1.37510662006109,0.276425871409668,0.0079657016821505,-0.00567623168401736,-0.00262129715290611,2.53662827228751,-0.308477804917572,-0.107305998098916,0.70382547,0
0.698803401057804,-1.3752373172968,0.276493135002777,0.0332724573014688,-0.00870048135746461,-0.00365513245741399,3.53651195446714,-0.177044370475665,0.00239381703903982,0.71033124,0
0.698713728484298,-1.37540803685211,0.276483924376715,0.0686703954842734,-0.0105042957243421,-0.00365281973806045,2.45613374707527,-0.102019964345626,0.408139349330707,0.70232539,0
0.698771580913014,-1.37538657209484,0.276512588966218,0.09331223007119,-0.0116063464810073,0.000375531138513354,-0.560853812825599,-0.0791049836349441,0.807676229801082,0.68559371,0
0.700965448612663,-1.37553835936563,0.276476854047915,0.0877732858815706,-0.0124681608567771,0.00840643533886827,-4.23989850927617,-0.0526943249655592,0.866286145654392,0.6752771,0
0.70229679501633,-1.37557236361544,0.276177023761182,0.0453961831167443,-0.0130173545047882,0.0170548776958317,-6.77535881844219,0.0387702141080387,0.442634336824127,0.68009922,0
0.702226372377275,-1.37560283566792,0.276188698443082,-0.0223834342519078,-0.0126031853571031,0.0214983726852589,-6.7878614308744,0.208848420784882,-0.296072040319017,0.69363303,0
0.701828795449383,-1.37592108546145,0.276893771492848,-0.0903087954889583,-0.0104671679169681,0.0185684556141604,-4.0846221486999,0.411542223085816,-0.961399769219907,0.70320162,0
0.701211676347409,-1.37614492638148,0.277238245556517,-0.13119032909673,-0.00631583959987032,0.00897772642370964,0.199461613354236,0.56376137233896,-1.17098697441716,0.70641129,0
0.699697432702636,-1.37602622025586,0.277357148904336,-0.129202229970383,-0.00067159925034613,-0.0027278490161268,4.18027971606558,0.602812187825118,-0.793383787895881,0.70690283,0
0.697832287993756,-1.37602630647513,0.277244776404045,-0.0873808959453663,0.00533767396529876,-0.0106739015412567,6.19232291497446,0.51963995674533,-0.0365743841340593,0.70350594,0
0.697337865189132,-1.37608296562223,0.276655523403442,-0.0254313472714844,0.010507311302595,-0.0110569883198097,5.60718355206337,0.36192699513601,0.664698087163919,0.69434667,0
0.697360974395625,-1.37590065463722,0.276668148591652,0.0306573887330879,0.0141093964964127,-0.00442114382093621,3.06120763594992,0.194838222103965,0.909507472668988,0.68385686,0
0.697423464862295,-1.37560660051765,0.276684528855748,0.06126987374844,0.0160573631878274,0.00467366162684261,0.0115808447896735,0.0599936205615602,0.566656949678348,0.68002603,0
0.698826157707789,-1.37561554777353,0.277022809269501,0.0613740655259879,0.0166691114613176,0.0103478857903073,-2.08419777746864,-0.0452424880029809,-0.1418823956382,0.6859332,0
0.698758438409213,-1.37551233528475,0.277028497123001,0.0405186117697232,0.0162303892348279,0.00893794167161427,-2.47581720568154,-0.151510472211075,-0.780382004407362,0.69589079,0
0.699126899056392,-1.3753070484364,0.277170608986548,0.0157533390864722,0.0147225045748253,0.00113880050082873,-1.37424237882057,-0.277510529536898,-0.954087547309191,0.70231672,0
0.699117551945583,-1.37516177892317,0.277120405288746,0.00201219687472808,0.0119460961463127,-0.00840291945182104,0.340594731368091,-0.402680968450245,-0.54818591705827,0.70412635,0
0.699302902421486,-1.37493943706644,0.276784993672684,0.00542430866580842,0.00791301829517839,-0.0138888406314252,1.69390804385534,-0.472283532959539,0.21216988178023,0.70318566,0
0.699344751053626,-1.37491132138298,0.276748582264763,0.0223692664984728,0.0031842067111074,-0.0117710146525279,2.11885544952921,-0.433837540595184,0.890250635310643,0.69843029,0
0.699351860128735,-1.37491113428369,0.276744558059107,0.0435602102056317,-0.00115659809431002,-0.00287008264214803,1.61331608842195,-0.280907173641482,1.09395293592642,0.69067263,0
0.700509777353421,-1.37489764585563,0.27682078426699,0.059692275922203,-0.00396455624187316,0.00807016836480483,0.557639103263055,-0.0676080879616233,0.705693783146293,0.68606049,0
0.700485845747784,-1.37491904045066,0.27681656231553,0.0652661277488446,-0.00463805520493421,0.0151287793758362,-0.621935541322925,0.112383355943312,-0.0647170413593735,0.68835529,0
0.701960099885136,-1.375044424206,0.276842783793146,0.0590448429589776,-0.00351225981589625,0.0144828803020171,-1.69080169227231,0.180115215367796,-0.783393165841131,0.69295445,0
0.701923869118793,-1.37500074123281,0.276885195293969,0.0421362987966046,-0.00171057155416459,0.00664929606189869,-2.58386290174638,0.117642386666514,-1.04172553981674,0.69370231,0
0.702003427683817,-1.37507882202756,0.277218824579799,0.0162981144615482,-0.000534599849661255,-0.00376825235444901,-3.24584317359883,-0.0207225784764087,-0.674214815039108,0.69218773,0
0.701985000148508,-1.37506876997827,0.277203022717817,-0.0161597198237725,-0.000742433134477023,-0.0105107941878475,-3.48486265984907,-0.140235722873032,0.149735285006214,0.69564724,0
0.701986699750134,-1.37506651414021,0.277202107292624,-0.0510083464222631,-0.00214479036320735,-0.00901344133778535,-3.01766065994214,-0.162145944877201,1.01986004650034,0.70534863,0
0.702147354166187,-1.37500741833893,0.276727289073356,-0.0811849530216846,-0.00376624981197936,0.00118515912721811,-1.68593399728008,-0.0719642346538275,1.49802336587392,0.71188236,0
0.702129220544325,-1.37507171557044,0.276734015746826,-0.0980442929944854,-0.00448589215851763,0.0161653927859573,0.298251455942669,0.0751007741509373,1.33890440767042,0.70614529,0
0.700023574875041,-1.37519576484703,0.277001899701464,-0.0950617784350586,-0.00373488441700826,0.0295544368626615,2.29950149373734,0.18288028524142,0.616957419055745,0.68988378,0
0.698245768536325,-1.37524574601535,0.277631589188309,-0.0720667634976853,-0.00190608156459406,0.0357240110532189,3.51009022147849,0.170129542967659,-0.324299922737089,0.67580908,0
0.698186709561497,-1.3753045410964,0.277650450263404,-0.0369658612829004,-0.000204786134917473,0.0324810118258481,3.35910347891889,0.0205094574067536,-1.04192244451493,0.67598122,0
0.698097151656123,-1.37519607237404,0.278058007856623,-0.00337482649371157,3.08439150063408e-07,0.0220617873806987,1.90427471530073,-0.207819741536598,-1.2247907045531,0.687685,0
0.698181854928183,-1.37510150607185,0.278311926908317,0.0156679206592957,-0.00207788897621592,0.00981388033516779,-0.123109405035917,-0.410038664833554,-0.838721333751998,0.70035421,0
0.69819644291367,-1.37519285084531,0.278327895623775,0.0144368266089365,-0.00617827562455146,0.00142666699764781,-1.66738289630275,-0.486582499145758,-0.136674335440377,0.70775065,0
0.698256356750765,-1.37539131834321,0.278379005671057,-0.002237002354091,-0.011044100616009,5.99236432440465e-05,-1.91306410242636,-0.39630752789679,0.484234762171046,0.70876227,0
0.698227010086591,-1.37544669153172,0.278371270546346,-0.0213676433783546,-0.0150071758949769,0.00490227126495451,-0.789477609617495,-0.174914134741868,0.693139790236394,0.70438799,0
0.697811066360848,-1.37563454777683,0.278480880539496,-0.0292624194745295,-0.0167563172423956,0.0118336691673184,0.965134690730087,0.0792360867664549,0.399792446737483,0.6956393,0
0.697809587717906,-1.37564352191078,0.278482500379575,-0.0196110725672287,-0.0159639563747311,0.0158315936346933,2.20357052986197,0.253745822576568,-0.207774269077881,0.68586923,0
0.697758011667713,-1.37588400402163,0.278757832701328,0.00242463273139106,-0.0134264981489654,0.0137538509439145,2.04452660590439,0.280842843789099,-0.774040550685671,0.68243019,0
0.697729688290079,-1.37590784103042,0.27876745801762,0.0228698987904349,-0.0106180697110744,0.00601344543705776,0.429272035846015,0.168849420637235,-0.972244906658839,0.6889222,0
0.697675978400342,-1.37620820783136,0.278945101119547,0.0271626191488951,-0.00892957550470205,-0.00370900362953063,-1.77956417888299,-0.00426106619422496,-0.686946403448113,0.69856252,0
0.697691211284988,-1.37631408840497,0.27892288255457,0.00936697736006515,-0.0089721861666443,-0.0105784676640118,-3.25994739527229,-0.130136490628502,-0.0686199443713752,0.70249397,0
0.697765074317064,-1.37639885363622,0.278876807607647,-0.0232324965926578,-0.0102735510729293,-0.0112646671077255,-3.01821931779694,-0.126149671125716,0.550875928728945,0.70046488,0
0.697966443948441,-1.37630375780113,0.2785714240323,-0.0534146897706271,-0.0115350477841865,-0.00575590782043605,-1.00558631386195,0.017220439838546,0.848733696647268,0.69757247,0
0.698055329902054,-1.37639944059045,0.278565880168464,-0.0634705529092466,-0.011362843385801,0.00273142914603663,1.79879786358473,0.229559846552245,0.674427924955783,0.69688786,0
0.697685932013067,-1.37664174377783,0.278452269706134,-0.0454825742733993,-0.00906724492027856,0.00947570839559445,3.86483652715892,0.403938856692175,0.139351961387934,0.6972703,0
0.696083469304988,-1.37678536727105,0.2787753207259,-0.0068342090018101,-0.00502785635335681,0.0108692280094738,4.01424144460664,0.445482642763407,-0.461532014689962,0.69415849,0
0.695137192799794,-1.37688403178086,0.278871896949263,0.0333082054442564,-0.000573029925722751,0.00625390786257417,2.06150683434682,0.325226972894245,-0.802468544031662,0.68872324,0
0.695611421446841,-1.3768415225416,0.279078764891383,0.0539232737877245,0.0026792398032197,-0.00177077757774244,-1.03382624709084,0.0946402044469756,-0.705104548994666,0.68854328,0
0.697350403285412,-1.37670319193388,0.278809554661047,0.0435850113168161,0.00362564184768945,-0.00882182306768911,-3.70048408020165,-0.145682559917229,-0.216549538934927,0.6935668,0
0.698614328143673,-1.37663591978865,0.278724489756765,0.0065801705147996,0.00216881624851717,-0.0109873184570384,-4.61262684343366,-0.29271500475922,0.415985411791358,0.70046568,0
0.698643784589057,-1.37661748893722,0.278720719845581,-0.039546097919537,-0.000758333799075029,-0.0068274643391248,-3.39340578650654,-0.293883044869395,0.877887205420031,0.70705358,0
0.697034228164767,-1.37680574974965,0.278249338877741,-0.0734801557846023,-0.00369716424776898,0.00195140771507551,-0.787685431177474,-0.16150165097219,0.936727513900813,0.70293081,0
0.695219699225925,-1.37681406729073,0.278886904162837,-0.0813570100963771,-0.00531218075749088,0.0113186828540836,1.83326465351279,0.0399286012263368,0.542806891935008,0.68745308,0
0.695235035434062,-1.37681165053332,0.278880332649137,-0.0630243635612492,-0.00491289474522752,0.0167467517734337,3.21707238436849,0.231314625346385,-0.148759620563031,0.68014333,0
0.695216105418462,-1.3768355070898,0.278874863834459,-0.0308536397175642,-0.00259974849176367,0.0152591555678034,2.91267403297275,0.35101439350314,-0.860581282557511,0.68927196,0
0.695199531771885,-1.3768427210592,0.278877436624309,-0.0017268993878367,0.000910395443267732,0.00665334274222829,1.40275942258303,0.379360364840192,-1.31393106733873,0.7004922,0
0.694962912772803,-1.37684542998473,0.279190347979253,0.0123006948379936,0.00470399909166965,-0.00648596793115898,-0.268293605056843,0.332442845410818,-1.35033617875625,0.70186917,0
0.694968553502413,-1.37682910975996,0.279185645364116,0.00961775878742513,0.00802842754577784,-0.0199893297187215,-1.1493067618934,0.243980844633502,-0.986411847639419,0.69758373,0
0.694747318358957,-1.37669226407836,0.27863546400228,-0.0018753088315089,0.0104682359921129,-0.0298534481951157,-0.903504340013078,0.144642356420641,-0.389438649853681,0.69467232,0
0.69475388114601,-1.37668983213658,0.278634826258971,-0.0109103522316397,0.0119146595563193,-0.0337478346936525,0.0788598263781213,0.0484346847762181,0.204926841153174,0.69373489,0
0.69463329041387,-1.37660401900965,0.278305676535199,-0.0101217539678585,0.0123990064040815,-0.0316985662821208,1.01880567751853,-0.0471420568290805,0.600420361580458,0.69425662,0
0.694646288229876,-1.37637948554298,0.277985942862743,6.63028073267986e-05,0.0119275858357907,-0.0256943626663162,1.26382643538226,-0.149244754369502,0.724593218205791,0.69588144,0
0.694831529099102,-1.37616802982838,0.277483701332135,0.0127045671611494,0.0104351382920956,-0.0184484304842583,0.666075537918148,-0.254503134316895,0.638130730716599,0.69694327,0
0.694925735165341,-1.37612609776951,0.277484186533667,0.0193653225403309,0.00789010694892668,-0.0120671231770923,-0.358672125454108,-0.339331548707203,0.468663708905908,0.69802807,0
0.695111042182546,-1.37612201788785,0.277302805809148,0.0157786012857898,0.00449679146185465,-0.00738048608803317,-1.13843445683273,-0.363148341906358,0.325194047572708,0.7006773,0
0.695097762844932,-1.37610923335108,0.277299676433799,0.00439425671746245,0.000865308042791072,-0.00412854561230609,-1.18303460847891,-0.28698991360931,0.239675775493474,0.70103019,0
0.695079172994003,-1.37608787278996,0.277277452632834,-0.00743608936732665,-0.00200459109330203,-0.00173178785737134,-0.4797542177094,-0.100286207810002,0.160429078004062,0.69292295,0
0.695111020016864,-1.37606253497254,0.277274237736352,-0.0122336315444206,-0.00300745317140205,-0.000127497077330725,0.496765289365387,0.154478060171024,0.0207573870846795,0.67983113,0
0.695154546434014,-1.3760122075309,0.27724202070369,-0.00726597865076678,-0.00146267256969181,8.007679351607e-05,1.0893691925996,0.387099661705771,-0.181117629092296,0.67700064,0
0.695166930068655,-1.37600155055049,0.277237307092979,0.00362771327522923,0.0024083240473659,-0.00173109949740689,0.836204838997877,0.486363376895687,-0.353528136954182,0.69319809,0
0.694876447765396,-1.3760990472605,0.2769264777413,0.011989761665208,0.00727195781632278,-0.00526638086694871,-0.249285401372002,0.378857520356825,-0.361203390327185,0.71281815,0
0.694876319658229,-1.37609983911638,0.276927091573598,0.00949690765148798,0.011060533019891,-0.00887841477022056,-1.67075899386368,0.0733432931954801,-0.124007467745309,0.71134747,0
0.695082629094988,-1.37595593863941,0.277351930718939,-0.00721068228714884,0.0117939659518458,-0.0101184894476737,-2.70455343429817,-0.324584208090183,0.30135192575642,0.68891855,0
0.695121403853249,-1.37570292297014,0.277180529263483,-0.0342562166301306,0.008548123870944,-0.00710497019010945,-2.78757594610815,-0.650902227714254,0.728665300889958,0.67139302,0
0.69514368891527,-1.37568254310953,0.277170823662046,-0.0621319760912121,0.00203910159380146,0.000181682818790132,-1.79429280842228,-0.754821375266814,0.931823175131264,0.67701914,0
0.694476743106613,-1.37570420543807,0.276350948439137,-0.0800749041754348,-0.00550911215886668,0.00949991457010277,-0.109645929793211,-0.58094429909051,0.79805355547788,0.69677789,0
0.692852950206147,-1.37563098521076,0.276928561664426,-0.0811713634733669,-0.0113185551497718,0.0174804501248816,1.57054274669414,-0.198107454734067,0.396328001568676,0.71176372,0
0.692710058704023,-1.37589933639004,0.276954021131291,-0.0654659360064255,-0.0132996296971125,0.0214437301405683,2.57239952264153,0.228193812907224,-0.0475108794317572,0.7151044,0
0.691607714682583,-1.37593026100639,0.277612006245036,-0.0397419407800102,-0.0110176915680402,0.0209686213462508,2.56251990232873,0.517253803531964,-0.30935993719893,0.70906279,0
0.691621617800871,-1.37606220859597,0.27764368222563,-0.014116741756723,-0.00584515353272058,0.0178750219742615,1.68412813755227,0.560299657747926,-0.3112746336788,0.69657588,0
0.691462348652645,-1.37624604709315,0.27791313907099,0.00272453961879979,-0.000242156955241315,0.0147622756374735,0.440013057956935,0.371274450077334,-0.183221610431947,0.6835455,0
0.69139865146533,-1.37618681637792,0.277990200244387,0.00712467019836914,0.00347058754553203,0.012930059533154,-0.571427757970609,0.0668515851985001,-0.161888217256713,0.67837195,0
0.69142458915241,-1.37613120809356,0.277979468912948,0.00141039261866304,0.00413910339751703,0.0113111773605869,-0.947010290429562,-0.197038645736711,-0.405430145899436,0.68370819,0
0.691545842935132,-1.37586047872864,0.277832109717005,-0.00805971028563257,0.00216871694014992,0.0072568759015925,-0.642457368536295,-0.310909495321237,-0.853276565984841,0.69322219,0
0.691569376256635,-1.37593564918686,0.277865569424095,-0.0144842839709955,-0.000940378013062453,-0.00127588975825591,0.0612711455546208,-0.250403748243835,-1.21495653784812,0.69940574,0
0.691031483408995,-1.37618806777899,0.27851255407663,-0.0138715725154493,-0.00344441549550081,-0.0134254551367371,0.74745046134544,-0.0785695928665566,-1.16361043256347,0.70131039,0
0.69091598834014,-1.3763083598853,0.27839336187682,-0.00639706790199491,-0.00423011142416637,-0.0250615594623717,1.06990126873183,0.105815011778875,-0.550918816308425,0.70184455,0
0.690954390296073,-1.37612035720706,0.278036490215874,0.00430194478532338,-0.00317196130637762,-0.030570747625456,0.920279989813628,0.217007947630554,0.441402280678894,0.70038866,0
0.691333126220157,-1.3760185081695,0.277181405593301,0.0135047446834597,-0.00100188183007208,-0.0261567248186671,0.433681831964014,0.217723126447543,1.36881518252755,0.69433692,0
0.691414882678308,-1.37607973571592,0.277162488842203,0.0178415630030998,0.00117534943440335,-0.0124685729933915,-0.14298796998745,0.123069691104438,1.76466953885349,0.68737808,0
0.691419978865191,-1.37612730030136,0.277133894589469,0.0164116833032253,0.00240604634544773,0.00517812239514333,-0.563036201001542,-0.0183599358733079,1.41689155999876,0.68642119,0
0.691447576185856,-1.37624710895146,0.277144075444061,0.0107813212932099,0.00222244698671465,0.0193470379951309,-0.680651126961511,-0.147620657810762,0.498643616644159,0.69014713,0
0.691448112176469,-1.37621595674418,0.277194324520424,0.00397481002359479,0.00074624040860703,0.0243334741615725,-0.47357568736483,-0.209058311535006,-0.536532330908666,0.69203094,0
0.691771130558579,-1.37606691103658,0.277895524160981,-0.000760946850053505,-0.00134434270674303,0.0189681508524858,-0.0263866155801523,-0.167689350376983,-1.20322448049809,0.69382852,0
0.691753266939152,-1.37608082008899,0.277896525979971,-0.00102481300585503,-0.00302123621051286,0.00693590604750496,0.513983748268178,-0.0257413201740179,-1.25940034841287,0.70125161,0
0.691755103200058,-1.37611053920642,0.277888071779608,0.00411502447682676,-0.00327864941225304,-0.00565809743662371,0.95658439725481,0.169208251950626,-0.794979327424045,0.70948591,0
0.69177292894584,-1.37619276358735,0.277831533583819,0.0136808684493749,-0.00158656689274678,-0.0136078907108642,1.09909473267889,0.326249033261072,-0.130019813134893,0.7094239,0
0.69181446498951,-1.37622794122202,0.277698954708646,0.0246718157761637,0.00167592343986395,-0.0149080888422131,0.780896942336535,0.343524744722414,0.420809226647146,0.70070725,0
0.692221006801105,-1.37616049820906,0.277194222418663,0.0324807851995291,0.00511117088708809,-0.0106999965757416,-0.0388473240741109,0.16017823387522,0.729994812000006,0.68699932,0
0.692268495639256,-1.37611389180938,0.277240151805127,0.032092311958788,0.00671295322584029,-0.00340004845574157,-1.19695433731282,-0.188231469342542,0.863429858488216,0.67273925,0
0.692903384811009,-1.37608211233076,0.277673658953665,0.0201227685856597,0.00483063853241487,0.00523425012914059,-2.33575410954231,-0.558846871514074,0.944478335186055,0.66951714,0
0.692888540960254,-1.37607613422901,0.27767601724255,-0.00323477250976336,-0.000757830182725874,0.0146790334810011,-2.96739040588335,-0.753945771487631,0.980922364679671,0.685932,0
0.69283821962726,-1.37601863016801,0.277694036719879,-0.0329086765685969,-0.00829728789760218,0.0244882571277978,-2.68204645652493,-0.618898324520196,0.814162217333621,0.71018468,0
0.692778769873213,-1.37603423655312,0.277705976342759,-0.0597291411338461,-0.0144862711428041,0.0326298793011341,-1.36288248809035,-0.140639652466519,0.256572822108966,0.72136327,0
0.692091586971879,-1.37632135386158,0.278149073551939,-0.0733579660147496,-0.0158926676674693,0.0351956075222237,0.685633355220729,0.510273291433949,-0.703120828928307,0.71388235,0
0.690893758081457,-1.37635919626495,0.278421618931942,-0.0665016324625424,-0.0107899347531298,0.0281643992329406,2.78737033098753,1.03649533225109,-1.76459533125529,0.69696122,0
0.690800323974347,-1.37641516234181,0.278437433883894,-0.0386279291526671,-0.00042498143061897,0.0105184459203877,4.10265289087377,1.15592603364501,-2.38270684477331,0.68042891,0
0.690415852200209,-1.37661000513992,0.2790183894147,0.00239859975607065,0.0111342789058312,-0.0133086225273454,4.01341313958783,0.752106239573156,-2.07896034138252,0.67344604,0
0.690345191149178,-1.37647501107813,0.278994506503749,0.0425327311519489,0.0186553413015627,-0.0340982259411706,2.40382816519429,-0.0397860587996981,-0.746679702447938,0.68421002,0
0.69039204521108,-1.37626209382482,0.27877841554373,0.0665710128038919,0.0182574807135658,-0.04156502296565,-0.17450973060784,-0.880144537252679,1.160209454385,0.70612362,0
0.691052317927875,-1.37598773906198,0.277928409305681,0.0648259154978134,0.00945603534103897,-0.0299629284218,-2.70298198949189,-1.37357837091726,2.79560360079447,0.71644574,0
0.692381122783085,-1.37594253747782,0.277479158414625,0.0377960956028945,-0.00427974836813361,-0.00200689241385528,-4.06525678480364,-1.26901927773965,3.31885812876453,0.70176573,0
0.692366624158456,-1.3759191525093,0.277499533737379,-0.00285647224514187,-0.0169699411455302,0.03118168887379,-3.57372512185379,-0.589127230133133,2.35680383283292,0.67687201,0
0.692285031935787,-1.37616335461492,0.277995465728207,-0.0385937234636798,-0.0228612134468615,0.0547497272021192,-1.31526838217416,0.370458506010515,0.244290084176357,0.66820995,0
0.691808134854846,-1.3763606738607,0.278726722905543,-0.0517464072854214,-0.0191566283867563,0.0571926280438828,1.81843214617215,1.17451424874417,-2.09857970627693,0.68446965,0
0.691539180489779,-1.37670444804734,0.279075244562281,-0.0335620858236999,-0.00741148589931464,0.0362068309811135,4.4532659326105,1.46302727182407,-3.59289914799362,0.71001689,0
0.691297059165697,-1.37663455179959,0.279552631906209,0.0109705735024051,0.00721878681892604,0.000277839501177286,5.35594675417951,1.11164401306254,-3.53057009897462,0.72335056,0
0.691239483371668,-1.37659529672671,0.279557596669799,0.0645300410442002,0.0183352269495514,-0.0350278614885689,3.99409247011228,0.291481249990981,-1.92217145842677,0.71679779,0
0.691532944428361,-1.37632061419104,0.279239733292169,0.104470965745323,0.0212500394494613,-0.0542495760728366,0.831112068423904,-0.62371605410472,0.505597271979467,0.69751694,0
0.692888782339289,-1.37624322280135,0.278439162283452,0.112782086429562,0.0150128789084141,-0.0491936033530419,-2.85188247926283,-1.23987918741549,2.69161538848058,0.67649341,0
0.694198512665637,-1.37601518942592,0.277919176339405,0.0842632616369338,0.00261408703425917,-0.0222774494682361,-5.51820893638406,-1.32243708908867,3.71777885480782,0.66422389,0
0.694274525943351,-1.37592417888301,0.277946348846931,0.0290811722730932,-0.0106102838566275,0.0149003390798422,-6.09573172210759,-0.885362061517864,3.25003586741565,0.6709902,0
0.695718759370372,-1.37615863733901,0.278155452555822,-0.0318761449479828,-0.0194639044718061,0.0474006977539987,-4.45104106589413,-0.161192021505725,1.61393528147123,0.69737588,0
0.695389610693798,-1.37637953895005,0.278392625522408,-0.0763865556069241,-0.0210758246868634,0.0635400505687109,-1.43140868496339,0.52514886510932,-0.390838218086108,0.72419219,0
0.694001834828355,-1.3764957935862,0.279153022716936,-0.0907006424565579,-0.0158243360357702,0.0596316683878499,1.59766423582636,0.910562719860116,-1.92264251031706,0.72634596,0
0.692399426923615,-1.37668722513828,0.279978490498366,-0.0747240000982943,-0.00671870883716901,0.0404052432846793,3.43320962650313,0.901614739151848,-2.46203724320711,0.70258707,0
0.692281560475905,-1.37678786134655,0.280022066482867,-0.0403919038332631,0.00229743855434947,0.0157848708526082,3.59890992343946,0.588124992740142,-2.02021649549873,0.67694566,0
0.69224245916654,-1.37662704758193,0.28018251686993,-0.00440280459886846,0.00817868848175088,-0.00441729410237909,2.50846392079125,0.176777236543648,-1.02990031287589,0.66935541,0
0.692252311026569,-1.37662102898854,0.280187076891667,0.0206818346090441,0.00994646084718736,-0.014716297231138,1.12729048695088,-0.120608393217641,-0.0800469856155173,0.68084456,0
0.692314221520329,-1.37656969100126,0.280169942819867,0.0319547394785528,0.00874037691501095,-0.0155167670872932,0.361019154488991,-0.184839726437693,0.405798338477833,0.70089374,0
0.692333780901657,-1.37654603550671,0.280163756325801,0.0355649310234427,0.00689197965063403,-0.0114587837025148,0.547405520155943,-0.0268358196624288,0.336559241601823,0.71603101,0
0.692866691183348,-1.3763183515462,0.27965363637895,0.0410389862250021,0.00662362145400974,-0.0080931912864966,1.30835732250098,0.235938374134444,-0.0561656038380098,0.71501936,0
0.692957605384084,-1.37627860306875,0.279674799717861,0.054122559450012,0.00898300519535418,-0.0086548473248767,1.88495301487069,0.454661141339742,-0.422209301888723,0.69713128,0
0.694443137140932,-1.37631630881284,0.279636498467426,0.0729720895987189,0.0135296166087516,-0.0128769403437639,1.68008965912568,0.525176654680623,-0.512318840811026,0.67786503,0
0.69451195320441,-1.37608590964362,0.279640556707002,0.0897729861899757,0.0187813831555578,-0.0180001287518742,0.711815677197403,0.437975387496871,-0.320231866321975,0.67754382,0
0.694711164910699,-1.37580705210584,0.279633132949029,0.0968911429619497,0.0231611370305265,-0.021202447415094,-0.362920831528862,0.272313266974882,-0.0515491880273376,0.69937074,0
0.696313579971289,-1.37570051965176,0.279005701918236,0.0932619346466611,0.0258842697002753,-0.0217179392953673,-0.659053372505125,0.148105719195922,0.0201588542204976,0.72246526,0
0.697863540732007,-1.37553014130831,0.278765966110176,0.0866714009216099,0.0273653268922346,-0.0215163507531623,0.330352436377863,0.156426340915244,-0.250041704547504,0.72173136,0
0.698023685162853,-1.37508688562324,0.278729653662423,0.0899749252853884,0.028929590301387,-0.0240167677986374,2.33110245955947,0.30355392934088,-0.788210208579836,0.69485822,0
0.699806359224852,-1.37485533069698,0.278270244431522,0.113285949880983,0.0319651295947958,-0.0318988698844357,4.33439454852675,0.499091004873875,-1.32127854387706,0.66573636,0
0.699929475622952,-1.37444600735416,0.278370707677662,0.156629895366251,0.0369560396435346,-0.0451116553232064,5.10519204835435,0.606064810833285,-1.54350195502708,0.66150599,0
0.701752118422954,-1.37418646921494,0.277860175658574,0.207681815849794,0.0430166877518674,-0.0605466748734772,3.92347934271698,0.502850914336013,-1.27532981345634,0.68592342,0
0.703441183146786,-1.37379138967867,0.277072769144807,0.246916609276964,0.0480451968952275,-0.0732999730080406,1.02148164626332,0.156532313385085,-0.549722514226129,0.71590378,0
0.706110299987496,-1.37328319814611,0.276448527877754,0.257131425739597,0.0496105200290784,-0.0787971981503019,-2.46084168709861,-0.351966091040878,0.399259304627357,0.72767004,0
0.708939370669098,-1.37274474574591,0.275434799632959,0.232523008868611,0.0460908591186696,-0.0748046051040283,-5.04630657585071,-0.856623504042883,1.26530816124111,0.71853443,0
0.711750770066557,-1.37228580478685,0.274695358083161,0.182059943110104,0.0375246240782408,-0.0621515234916172,-5.66140899691109,-1.18275060560901,1.80297737352743,0.69844152,0
0.713709933916913,-1.37192080216052,0.273978254827927,0.125445853140993,0.0256971180221507,-0.044121749756343,-4.20074584717813,-1.22316285045139,1.90881608652462,0.67694107,0
0.713899801479453,-1.3715467838614,0.274072643979204,0.083438394669212,0.0134654895176368,-0.0250335888910967,-1.53271102128287,-0.988904054524726,1.63305584669158,0.6654701,0
0.715110457841746,-1.37164007712044,0.273839187167661,0.0681112844563833,0.00357644897238952,-0.00870303042418088,1.00975570150848,-0.595462676933001,1.11765091375726,0.67375959,0
0.715330323250804,-1.37150904844671,0.27331586328142,0.0782088414714681,-0.0023781777969405,0.00247347871339168,2.34432536650702,-0.21327019466962,0.534014354959359,0.69463853,0
0.716335566926507,-1.37148575179185,0.273196344879573,0.101652095136538,-0.0045108797436367,0.00781362226298527,2.17610473227646,0.0177272219646066,0.0283060588754665,0.7081367,0
0.718038848229762,-1.37159056527115,0.273698548536536,0.123413142459303,-0.00433360752399063,0.00809668285173992,1.03570932732834,0.0400555059313152,-0.280623041309027,0.70547083,0
0.71939180076237,-1.37162239292086,0.273247868220822,0.133770235732586,-0.00393305246467748,0.00529045243864965,-0.121622839234475,-0.0974603764136212,-0.328011544108323,0.69494031,0
0.719964268058892,-1.3716084369191,0.274012425582154,0.132554007340242,-0.00490765622881369,0.00201033699756643,-0.523806494772288,-0.276028403274928,-0.114383141165107,0.68812518,0
0.721406574642419,-1.37167701910845,0.273617297525736,0.127315942392519,-0.00766794026156297,0.000866505585915361,0.013948840637506,-0.368802415708272,0.270344243511783,0.68982421,0
0.722762747307497,-1.37176869863607,0.27391303902963,0.127455430798894,-0.0113559644186457,0.00356994802103319,1.01984899652988,-0.304013201291686,0.674118619779782,0.69525036,0
0.724465758782849,-1.37192825698535,0.27348799288824,0.137653920764193,-0.0143960964315626,0.010311134218831,1.76183455458694,-0.102936413798177,0.926410359141938,0.69712925,0
0.725214480946411,-1.37200231619243,0.274018518526573,0.155272266310062,-0.0154254605695443,0.0195752378102504,1.73260065704041,0.132811276486165,0.910535480044166,0.69551789,0
0.726547391514153,-1.37221000059958,0.273818417225964,0.172598272880466,-0.0140973478046827,0.0286805926106921,0.977950149032212,0.280712644484906,0.621691423565551,0.69414832,0
0.728898436061321,-1.37232355992376,0.274251969054931,0.182377774370788,-0.0112902213598336,0.0348975068463476,0.0385225013203303,0.271128136491902,0.150360335866683,0.69301658,0
0.730865840483741,-1.37237764977168,0.274671764024201,0.182762999383991,-0.00857893999491459,0.0364011102050144,-0.420368889662133,0.130445439563878,-0.349516858302429,0.69258236,0
0.732344229131558,-1.37254680725731,0.275346148251597,0.17855931048737,-0.00727448559927581,0.0329059416219901,-0.0853154493158229,-0.024624603641649,-0.745199447523363,0.69716193,0
0.734264367594373,-1.37260370603812,0.2753106959021,0.177706155994212,-0.0075207316356923,0.0254539471467565,0.754547647356754,-0.0592577261205982,-0.947779797620941,0.70438732,0
0.735825025827141,-1.37274221973089,0.275612234517105,0.18525163246778,-0.00811330889689828,0.0159761491705471,1.36951914844054,0.0905073099155392,-0.9226624735914,0.70334857,0
0.737843491602157,-1.37274148180568,0.275568928884106,0.198946823952185,-0.00720823579774289,0.00674952443463306,1.04311489594284,0.360337453340974,-0.653271200206368,0.69078065,0
0.739820507029168,-1.37279125144009,0.275870185453904,0.209377972911613,-0.00360486126433315,0.000216812432569389,-0.391084592443757,0.580632801378123,-0.160562536559412,0.67841245,0
0.741903372661056,-1.37276383615727,0.275723786712648,0.205467126987176,0.00220146674944808,-0.00138881293302473,-2.34324782662717,0.577614561190207,0.467626853981979,0.67945384,0
0.743794615976373,-1.37281334905375,0.276042525023832,0.182034648720904,0.00797761236135015,0.00328745560679506,-3.6797848434062,0.29376057390314,1.03752983870208,0.69326889,0
0.745537084808256,-1.37278094788886,0.275789934516765,0.145236800286842,0.0109152181003815,0.0136627539938159,-3.35653424359938,-0.146892184308976,1.27388146393301,0.70640116,0
0.747115071542503,-1.37279347010264,0.276235539938613,0.111671457850848,0.00944629625729179,0.026401568633146,-1.09437844675831,-0.48584885752701,0.943052733085214,0.70718993,0
0.748876185726786,-1.37263411909847,0.276115607021068,0.100727673383265,0.00458780768202169,0.0358320959639981,2.31890149829468,-0.478461373432347,0.0100609557046945,0.69715707,0
0.749842134536111,-1.37252953233744,0.276698141900315,0.123916688366212,-0.000196806052301788,0.0359327055210451,5.32940023908131,-0.0601679972207443,-1.25334483024296,0.6865622,0
0.749878736359453,-1.37223932003662,0.276778441706672,0.177210690757025,-0.000798486024509229,0.0233992572186155,6.35687048164414,0.586446207973235,-2.31511559299653,0.68218596,0
0.752775937015604,-1.37246092833147,0.276993146875265,0.240779395573466,0.00506597605522313,0.000248101288650151,4.70568869051452,1.10586718601184,-2.62751005426726,0.68604619,0
0.754284036577811,-1.37248883946233,0.277538061007952,0.287836282478612,0.0161246479153415,-0.0260269992540225,0.998582045902957,1.17041146855543,-1.92298612968517,0.69901899,0
0.757128323214365,-1.37235609635168,0.276772493624581,0.297822102937641,0.0278287626008957,-0.0452568605508741,-3.03270414560587,0.678228954463316,-0.418527143893157,0.7134641,0
0.760903968503398,-1.3721821105872,0.276774926613559,0.267495061481583,0.0346110521455289,-0.0494421319898057,-5.4105978085463,-0.165684916256908,1.22829574673255,0.71451938,0
0.764073540879292,-1.37183798332045,0.2762323667555,0.213389083396119,0.0329542029829598,-0.0371591745224802,-4.93165494628311,-0.946080159543029,2.23242235218019,0.69911447,0
0.765352926562198,-1.37132740679547,0.275496246567269,0.164072533933288,0.0234934013875295,-0.0148349510006783,-1.81423598541127,-1.26383349872918,2.09313019088537,0.68015468,0
0.766681050564467,-1.3708944820633,0.275369689776147,0.145930174079176,0.0108550664002378,0.00609635090817538,2.40695075869665,-0.959646556158225,0.888774307353145,0.6721584,0
0.768781533026225,-1.37073931740588,0.275099299528704,0.169999681666142,0.00125860083865552,0.0149840939817068,5.70748996704881,-0.205025679040645,-0.751276278325174,0.68093771,0
0.770438255402754,-1.37098697229635,0.275659500651243,0.22707458133663,-0.00079165595175093,0.00747133119845508,6.61578456925362,0.604550902997336,-1.97281461837356,0.69924685,0
0.772432116922238,-1.37118753645828,0.275878972837622,0.293232427029167,0.00525385307822243,-0.0122568149852805,4.97483043898484,1.0691473838407,-2.1589765587011,0.71198453,0
0.77448515313188,-1.37130386509638,0.2765265090142,0.342980731419015,0.0159453269166294,-0.0338465805722916,1.93966068677491,1.00295170926104,-1.26327567833865,0.71212881,0
0.778716661491839,-1.37088759900833,0.275430793753259,0.362377338286764,0.0259748440092398,-0.046479337355678,-0.710992418170134,0.514279659785353,0.179115161918901,0.70166299,0
0.783212096272357,-1.37030656493771,0.274432314973737,0.355267414105063,0.0311176406070934,-0.044688185736489,-1.54119344584296,-0.081835893724872,1.38395377866041,0.68440736,0
0.787174017585395,-1.36988070302942,0.27368121898786,0.339855479646633,0.0302992816698446,-0.0308486479498849,-0.153202976596454,-0.450011849262214,1.7414503235915,0.67430958,0
0.789421350654153,-1.36975710142979,0.27407945215955,0.338323449880669,0.0257991631772225,-0.0134341447139699,2.72088567858417,-0.403602098966695,1.15916828692767,0.68526807,0
0.792101390463454,-1.36984148548113,0.274207415336984,0.365532306666511,0.0217631421875556,-0.00184246184469319,5.76230266670078,0.0292487934248584,0.0465251800991977,0.70893684,0
0.795619870911983,-1.36977029350094,0.274463518668236,0.423155333333518,0.0220556301218041,-0.00137721004370121,7.8334773730103,0.659834841889588,-0.955623480397712,0.72285948,0
0.800573239771119,-1.36935595059119,0.274276149195454,0.501490107063621,0.0286539785407,-0.0109334448476783,8.5459041443249,1.25413519483418,-1.39181466525378,0.71141796,0
0.806454975439329,-1.36875593152709,0.273130641959881,0.58694914850687,0.0411953304890419,-0.0248515915002161,8.29162765890882,1.64044298373942,-1.22776181239252,0.68187187,0
0.812283025652412,-1.3683036880945,0.273598616394087,0.669865425095958,0.0575997603264361,-0.0371292096241414,7.80125143080103,1.75045300112269,-0.819214539149902,0.66414809,0
0.818169444562604,-1.36783862050617,0.273038374430843,0.747877939403969,0.0751042903376629,-0.0453213550156404,7.56874229074525,1.6039458277591,-0.596836555284499,0.67860563,0
0.825373031345218,-1.36726886981462,0.272973100862148,0.823565362311421,0.091143748615254,-0.0512897205684854,7.50802780086103,1.26946385165493,-0.71603273329072,0.70946888,0
0.834156922833859,-1.36642037049385,0.272312309084433,0.898645640320031,0.103838387131803,-0.0584500479013926,7.06354038804128,0.828623288581291,-0.893513894896088,0.72566702,0
0.842888824454741,-1.36530739270488,0.271803797109422,0.969281044200445,0.112124620017616,-0.0673851868503535,5.69497144379557,0.36008454254326,-0.57554389309588,0.71864588,0
0.852476666084063,-1.3641934066392,0.270770605127341,1.0262307586384,0.115725465443049,-0.0731406257813123,3.42810812968859,-0.0694360231555837,0.658657672831688,0.70120628,0
0.862999107791351,-1.36290623958035,0.269960184178458,1.06051183993529,0.115031105211493,-0.0665540490529954,1.05333994008186,-0.405970986710787,2.68811101499379,0.68230899,0
0.873929359117402,-1.36163757248798,0.269565469241473,1.0710452393361,0.110971395344385,-0.0396729389030575,-0.164616288758302,-0.609173841051667,4.77110425892855,0.66810776,0
0.884395064883096,-1.36058405859022,0.269584890916323,1.06939907644852,0.104879656933868,0.00803810368622797,0.830334885214317,-0.635776611242936,5.8502653650658,0.67245872,0
0.894609417929229,-1.35970492315602,0.269663528820167,1.07770242530066,0.0985218908214391,0.0665407573368859,4.18033015600157,-0.424823985936998,5.16950360649034,0.70051035,0
0.905402078841693,-1.35885227274416,0.269891115565837,1.11950572686068,0.0942736509620691,0.118235793401789,8.81864216329258,0.0968906209964265,2.80108040323897,0.73262569,0
0.917062397554129,-1.35790737592174,0.270654258861409,1.20769214849361,0.0952425571720334,0.146246597434179,12.8008101777001,0.960113288567935,-0.205309406655257,0.74304462,0
0.929511358124377,-1.35678048995302,0.272071890154504,1.33570025027061,0.104843690057713,0.144193503367626,14.1814216002111,2.07638253715035,-2.26575416028569,0.73014822,0
0.942733956305924,-1.35552152863662,0.273936709359479,1.47751446627272,0.125607515429216,0.12153596176477,12.0198018535204,3.18117489453196,-2.06135977086893,0.7178243,0
0.956835824835621,-1.3542516124121,0.275735893014471,1.59771248480792,0.157419264374536,0.10092236405608,6.92143763386638,3.88678052045142,0.685296127106322,0.72722306,0
0.97236808092085,-1.35291008026692,0.276892915757915,1.66692686114659,0.19628706957905,0.107775325327143,0.898328916296919,3.8390823644531,4.91428675019963,0.75290112,0
0.989394880770519,-1.35110453017442,0.277497798007438,1.67591015030956,0.234677893223581,0.15691819282914,-3.58255297823887,2.93264758564157,8.64767172434495,0.76765359,0
1.00687871271265,-1.34865638056912,0.278422224037594,1.64008462052717,0.264004369079997,0.243394910072589,-4.82095840648988,1.44354820086484,9.90113049409854,0.75199288,0
1.02350513507911,-1.34592621734716,0.280801186522412,1.59187503646227,0.278439851088645,0.342406215013575,-2.79291075999555,-0.0381125100262876,7.66528529784661,0.71672323,0
1.03910958827964,-1.34321522639251,0.284574964134611,1.56394592886231,0.278058725988382,0.419059067992041,0.790044124603621,-0.88765394989579,2.43839940159804,0.6870221,0
1.05441461872782,-1.34048664199539,0.289109191475749,1.57184637010835,0.269182186489424,0.443443062008021,3.30668871461935,-0.802181393670564,-3.9926773618572,0.66978219,0
1.06997777255133,-1.33761109284674,0.293629429653866,1.60491325725454,0.261160372552719,0.403516288389449,2.57845433338418,-0.0248520807681236,-9.35007305379395,0.64856894,0
1.08590013852231,-1.33477066443503,0.297705669160244,1.63069780058838,0.260911851745038,0.31001555785151,-1.95572800923871,0.730937474675076,-11.8668977821726,0.60928627,0
1.10212792349883,-1.33221434752575,0.30067137957459,1.611140520496,0.268221226491788,0.191346580029784,-8.89805042072393,0.652514605933595,-10.9487956757574,0.56349982,0
1.11841763712052,-1.32994835077863,0.302391550778082,1.52216001628876,0.274746372551124,0.0818586232722102,-15.5514421875108,-0.685966130696469,-7.26340807443535,0.53985233,0
1.1342460813394,-1.32748903612758,0.302884349379304,1.36664559441365,0.267886711244159,0.0092245425278567,-19.2951815355746,-3.01413434686002,-2.24771752792915,0.55456415,0
1.1483250871031,-1.32464341361602,0.302970702860172,1.1736937790579,0.237745367775559,-0.0132526327514348,-18.9024159618153,-5.42359111012864,2.57464684050372,0.5960207,0
1.15958910315253,-1.32179532931754,0.303077610734575,0.984669619439749,0.183509456674273,0.0124938356536025,-15.1529618338594,-6.79768926459887,6.15150902607156,0.64017773,0
1.16857037218095,-1.31967668269066,0.303559799130209,0.833140001101155,0.115532564028284,0.0740089259143179,-10.3977135844272,-6.38358372196708,8.0837681491401,0.67533648,0
1.17665040187832,-1.31869906652982,0.304509803309619,0.729162865256883,0.0516967268086134,0.154846607405719,-7.35702214358571,-4.19154250375172,8.49148917596586,0.70550284,0
1.18445276295621,-1.31856053276577,0.305902692291639,0.655592643821026,0.00978130177109621,0.239761499165378,-7.7535908056968,-0.994443333463131,7.72916087424345,0.73701231,0
1.19165713967484,-1.3186541578119,0.307844686116412,0.578056735764058,-0.000163131563535096,0.317053107907812,-11.5093403578378,2.06338410174947,6.17687986268514,0.76650304,0
1.19744852558179,-1.31860790012901,0.310767105209459,0.46296333218568,0.0204707094539596,0.378821906534663,-16.8663192804066,4.0222785056283,4.19189273821334,0.78109736,0
1.20179688844756,-1.31818405739213,0.314687163927723,0.294300139381614,0.0606934945102425,0.420740833916797,-21.31055388139,4.52634100469449,2.11675007512002,0.7728632,0
1.20446620111422,-1.31739316231426,0.319146873040183,0.0811946005677142,0.105956904557187,0.441908334667997,-22.7829842339875,3.89698249318889,0.310576232765042,0.74666742,0
1.20525054981113,-1.31627284960457,0.323703374447767,-0.146635241772161,0.144926729489076,0.445014096995648,-20.5748713322972,2.86899768583781,-0.945610042959685,0.71426394,0
1.20360330090725,-1.31495624669523,0.328614570392588,-0.352383955095133,0.173616706347454,0.435557996566051,-15.5154077925945,2.17266915703408,-1.55059599222432,0.69097764,0
1.20093892455532,-1.31329328598835,0.332606911223692,-0.507538033021078,0.195343397917795,0.420052036643807,-9.44031214247323,2.20237024886018,-1.63982082577167,0.68853879,0
1.19529441316638,-1.31136521570222,0.336098434189259,-0.60194115444581,0.217367100406397,0.40365382838609,-4.32242951929652,2.93415120531124,-1.50000434646126,0.70099764,0
1.18906633785206,-1.30930009116765,0.340309862536174,-0.645165449638776,0.246708612459509,0.388653784921478,-1.4820115511872,4.0689920098395,-1.397574739534,0.71273689,0
1.18273411821768,-1.30681646355651,0.344473441808982,-0.659985565150648,0.287398532557904,0.374678037526138,-1.20620406098168,5.26867657567216,-1.42559736661658,0.7210526,0
1.17632410838587,-1.30379652279525,0.348436890634181,-0.672047605760465,0.340085298314626,0.360422063859972,-2.85462034746706,6.33043305872107,-1.48261575433573,0.73218238,0
1.16977153290491,-1.30027354271338,0.352040509290819,-0.700593809235135,0.403389628901837,0.345595906316615,-5.29582153467063,7.22006621010306,-1.4057649398547,0.74234556,0
1.16266377063235,-1.29623851915728,0.355401753899701,-0.753552024581841,0.475590291002867,0.331538256918068,-7.41814356481704,7.99239119426528,-1.15614645309519,0.7398079,0
1.15503051101503,-1.29155451533919,0.358546000850017,-0.827733460230012,0.55551420294552,0.319976792387116,-8.49087827910441,8.68676686534828,-0.93254238756913,0.72364555,0
1.14662717024383,-1.28612271036778,0.361712147842721,-0.912642243021055,0.642381871599003,0.310651368511425,-8.30523409269375,9.27917789044582,-1.09209500216294,0.70962037,0
1.1374079822951,-1.27976007330972,0.364877762335471,-0.995694583947993,0.735173650503461,0.299730418489795,-7.11983728589285,9.70291110139645,-1.94606747608087,0.71165329,0
1.12749035389683,-1.27237063444358,0.367888054393032,-1.06689295680692,0.832202761517425,0.280269743728987,-5.50320603759998,9.90342242796201,-3.52408418781116,0.72370035,0
1.11696106822995,-1.26393396940284,0.370715683781738,-1.12192501718292,0.931236985797045,0.245028901850875,-4.14191500262359,9.87902431397668,-5.48445866904643,0.72964673,0
1.10604499037369,-1.25452770537118,0.373384381568895,-1.16334416720916,1.03002722893681,0.190184315160411,-3.65218475727897,9.68861544365143,-7.23555187980101,0.72474324,0
1.09426362696897,-1.24419604246283,0.374940630052776,-1.19986601478195,1.12691338337333,0.1178287963624,-4.40927244645976,9.4402199733105,-8.19986052536632,0.71518838,0
1.08226736745665,-1.23304142242919,0.376319801619539,-1.24395873924654,1.22131558310643,0.0358301911087373,-6.41775800530109,9.27968552916377,-8.09591021848921,0.70481905,0
1.06953178839304,-1.22091942101996,0.376534113565451,-1.30813631929956,1.31411243839807,-0.0451289110761549,-9.26502218824361,9.36944505910741,-7.06937128930304,0.69475293,0
1.0563208151515,-1.20780546714089,0.376136331910438,-1.40078654118199,1.40780688898914,-0.115822623969185,-12.2076489584562,9.83826341049726,-5.61300946601735,0.69029984,0
1.04238071106727,-1.19372995709716,0.375048429790426,-1.52286303076655,1.50618952309412,-0.171952718629359,-14.3886863437118,10.6967663387991,-4.32627022119279,0.69809639,0
1.02759075677741,-1.17859466271126,0.373289137206284,-1.66674989420367,1.61315718648211,-0.215215420841287,-15.1309581742733,11.7574927812548,-3.64390675378887,0.7158886,0
1.01116445316486,-1.16236228385362,0.371112381587286,-1.8180594759464,1.73073211429466,-0.251654488379176,-14.2069724592306,12.6262385286854,-3.6661419660824,0.73100961,0
0.992671654410663,-1.14496195718956,0.368561081626935,-1.96012920053871,1.85699449958151,-0.288315908039999,-11.9552491391323,12.8166534510735,-4.16596603270334,0.73168521,0
0.972590506727922,-1.1263790949081,0.365695668477917,-2.07968169193003,1.98516103409224,-0.329975568367033,-9.17887851419925,11.9749207417074,-4.74346696424869,0.71703053,0
0.951799858444168,-1.10672628854838,0.362434217781408,-2.17147047707203,2.10491024150932,-0.37741023800952,-6.84496683803604,10.1161447888715,-5.04058095284783,0.69739778,0
0.930476225527697,-1.08592146644577,0.358755914217148,-2.23992014545239,2.20607168939803,-0.427816047537998,-5.69879558192161,7.72391864610749,-4.89780687523095,0.68719014,0
0.908397752894104,-1.06393615407713,0.354387306230187,-2.2969081012716,2.28331087585911,-0.476794116290307,-5.97244235393604,5.61363408581994,-4.38927370209114,0.69304768,0
0.885361665049298,-1.04074934640491,0.349601108322933,-2.35663252481096,2.33944721671731,-0.520686853311219,-7.27918470540894,4.5761112734564,-3.74947261969948,0.70820458,0
0.861370179259561,-1.01702355575239,0.344372363159747,-2.42942437186505,2.38520832945187,-0.558181579508214,-8.79576196657447,4.97970466072281,-3.22782155988124,0.7197663,0
0.836842656430779,-0.993262598635312,0.338693108723115,-2.5173819915308,2.4350053760591,-0.590459795107027,-9.59361791944139,6.53285409983293,-2.97887370795288,0.71962554,0
0.811905154713506,-0.969248005209877,0.332926808084434,-2.61331817072521,2.50033391705743,-0.620248532186555,-9.0235343905388,8.37383513737004,-3.01587789809569,0.71056883,0
0.786218791904462,-0.944407032243011,0.326729529628367,-2.7035535146306,2.58407226843113,-0.650407311167512,-6.97120814322083,9.46110315888366,-3.23620615211989,0.70159609,0
0.759212508315167,-0.918484940203738,0.320302738804866,-2.77326559606281,2.67868330001996,-0.682769372688711,-3.88235797006596,9.08707030674783,-3.49826407166591,0.69893732,0
0.731172617006364,-0.891596079050392,0.313495484879454,-2.81208917576347,2.76955400308744,-0.71775201340537,-0.563369298423664,7.24853874590402,-3.68938218975223,0.70249467,0
0.702832716863645,-0.863910050105838,0.30625037287421,-2.8177228687477,2.84203939054648,-0.754645835302892,2.15574750884589,4.67681554625313,-3.76916733329797,0.70724485,0
0.674654409251452,-0.835327642397674,0.298461843356114,-2.79616539365924,2.88880754600901,-0.792337508635872,3.71317722849951,2.49350510533423,-3.75145255950254,0.70610132,0
0.646880399655568,-0.806362424643353,0.290611357442098,-2.75903362137425,2.91374259706236,-0.829852034230897,4.00849396059492,1.66128240400579,-3.66663921912108,0.69664908,0
0.619591149499839,-0.777486100522093,0.282528013539006,-2.7189486817683,2.93035542110242,-0.866518426422108,3.36590944677714,2.49986481258429,-3.5316276137183,0.68701967,0
0.592363789417517,-0.748368362807763,0.274000650194757,-2.68528958730053,2.95535406922826,-0.901834702559291,2.38143873726095,4.50573229121986,-3.32847626775576,0.68911725,0
0.565274060414954,-0.718695764329339,0.264791682021464,-2.66147519992792,3.00041139214046,-0.935119465236849,1.69354776999719,6.56904647288694,-3.02079882630655,0.70414246,0
0.538491827708798,-0.688492944947069,0.255373818706125,-2.64453972222795,3.06610185686933,-0.965327453499914,1.78419435700806,7.48150999763239,-2.58312619478319,0.71884348,0
0.512204036482289,-0.657850692150786,0.245566167692813,-2.62669777865787,3.14091695684565,-0.991158715447746,2.85856272494918,6.49399429964617,-2.02328563579727,0.71888596,0
0.485995807311463,-0.626511803400873,0.235998550589797,-2.59811215140837,3.20585689984211,-1.01139157180572,4.80689572285297,3.6567584171659,-1.38032327117176,0.70449409,0
0.460079623909839,-0.594566325993029,0.225710793882247,-2.55004319417985,3.24242448401377,-1.02519480451744,7.24353681326838,-0.211923454858655,-0.698635177989858,0.68734304,0
0.434498077023557,-0.56219374138448,0.215631967397861,-2.47760782604716,3.24030524946518,-1.03218115629733,9.60057036787422,-3.90977381444685,0.012474141935381,0.6796172,0
0.409773164263159,-0.529759735847027,0.205228917381517,-2.38160212236842,3.20120751132072,-1.03205641487798,11.2703258423769,-6.39992548531532,0.788711246144134,0.6835201,0
0.386027608105931,-0.49762361211073,0.194679156559047,-2.26889886394465,3.13720825646756,-1.02416930241654,11.8003578486244,-7.27516531823182,1.70350437489929,0.68984796,0
0.363243217857747,-0.466133919757596,0.184662143353581,-2.15089528545841,3.06445660328524,-1.00713425866755,11.0610550771191,-6.91070666550636,2.80629008908934,0.68989784,0
0.341633814154333,-0.43550163872546,0.174617102254724,-2.04028473468722,2.99534953663018,-0.979071357776654,9.33788707685705,-6.24161004689055,4.06993673961038,0.68623406,0
0.321359249432951,-0.405776644066628,0.164736423872981,-1.94690586391865,2.93293343616128,-0.93837199038055,7.26303725481273,-6.29174230585806,5.35160692235554,0.68402625,0
0.301873032132337,-0.376655827416965,0.155380678047451,-1.87427549137052,2.8700160131027,-0.884855921156995,5.59289142092221,-7.67863674295528,6.43545069793274,0.68179201,0
0.283065390990917,-0.347907064000213,0.146579514256934,-1.8183465771613,2.79322964567314,-0.820501414177667,4.88842990191895,-10.3337541645166,7.12433822294317,0.6779295,0
0.264948144331187,-0.319689000580186,0.138427094759904,-1.76946227814211,2.68989210402798,-0.749258031948236,5.2693031540771,-13.5712534757486,7.34919559222455,0.67961936,0
0.247280343166725,-0.292597649119551,0.130848077532276,-1.71676924660134,2.55417956927049,-0.67576607602599,6.35474713093907,-16.4452564726395,7.24049558092362,0.68671942,0
0.230249706734294,-0.267244504745831,0.123994525606862,-1.65322177529195,2.38972700454409,-0.603361120216753,7.47020369422552,-18.2154044276868,7.08505125753359,0.6950056,0
0.213740935790982,-0.243591173706141,0.117950131710084,-1.57851973834969,2.20757296026723,-0.532510607641418,8.00329823525811,-18.6735308575861,7.19343483110943,0.69626117,0
0.197731346117967,-0.221494365341558,0.112712287447376,-1.49848675599711,2.02083765169137,-0.460576259330324,7.73361173563419,-18.186509096604,7.72621073182793,0.6899201,0
0.182500221636961,-0.201113930693079,0.108232705317921,-1.42115063864077,1.83897256072533,-0.383314152012044,6.9393060467931,-17.4515016774395,8.58708256651404,0.68609602,0
0.168191983980245,-0.182690843705337,0.104487331019435,-1.35175757817284,1.66445754395093,-0.297443326346904,6.22760416400174,-17.1118287358901,9.43939026875851,0.69367877,0
0.155491027536606,-0.166317028426574,0.101302012457562,-1.28948153653282,1.49333925659203,-0.203049423659319,6.16657722262172,-17.4369850415206,9.86631781366192,0.70879596,0
0.142262442177593,-0.151267730078113,0.0993662079193819,-1.2278157643066,1.31896940617683,-0.104386245522699,6.91953306922361,-18.2157974894825,9.5767411349691,0.72037612,0
0.130185536760118,-0.137988207808479,0.0979554769600179,-1.15862043361437,1.136811431282,-0.00861883417300839,8.14648599625071,-18.8979255616065,8.53786663052575,0.72057969,0
0.118355662277911,-0.126495226028737,0.0978878838487467,-1.07715557365186,0.947832175665935,0.0767598321322491,9.149086824585,-18.8752985950834,6.98292672836141,0.70789716,0
0.107303370549243,-0.11711067040231,0.0991166359592564,-0.985664705406008,0.759079189715101,0.146589099415863,9.24580200006942,-17.7705511917753,5.28000730253242,0.68807143,0
0.0973455224346235,-0.109660174857476,0.100670826525416,-0.893206685405314,0.581373677797348,0.199389172441187,8.12755677602766,-15.5878086522175,3.74668111522404,0.67337717,0
0.0886296612622317,-0.103900148677456,0.102533133677999,-0.811931117645037,0.425495591275174,0.236855983593428,6.05723159198435,-12.696910666655,2.52258737273352,0.67343627,0
0.0808441104975694,-0.0995938629074255,0.104673561315814,-0.751358801725194,0.298526484608624,0.262081857320763,3.72103140655054,-9.66875005171065,1.57712097762108,0.68620599,0
0.0735191271643001,-0.0965549291241746,0.107151869337919,-0.714148487659688,0.201838984091517,0.277853067096974,1.9097883227998,-7.06755146896798,0.811056152771845,0.70095924,0
0.0661604903923939,-0.0944713541904792,0.109981162549001,-0.69505060443169,0.131163469401837,0.285963628624692,1.18558083804098,-5.27807160348826,0.172939046735222,0.70850285,0
0.0587622957329912,-0.0931234955758256,0.11302035341925,-0.683194796051281,0.0783827533669547,0.287693019092044,1.65193249010148,-4.4050638804475,-0.307624605591751,0.70811844,0
0.0520167540319353,-0.0923421738034291,0.115980103708733,-0.666675471150265,0.0343321145624796,0.284616773036127,3.00831803351134,-4.28561848484249,-0.574426492011029,0.70488236,0
0.0453235277025433,-0.0920938195595227,0.118801310285792,-0.636592290815152,-0.00852407028594528,0.278872508116017,4.70638030887423,-4.56971326418113,-0.663946046665665,0.70161934,0
0.0391850823756987,-0.0923313452571509,0.121560379476288,-0.58952848772641,-0.0542212029277565,0.27223304764936,6.25517593155943,-4.88300396910394,-0.733829113967035,0.69787477,0
0.0335513780654833,-0.0928583523117125,0.124279553407143,-0.526976728410816,-0.103051242618796,0.26489475650969,7.39029971405076,-4.97512595150537,-1.0167121030889,0.69510466,0
0.0282922137332973,-0.0937588390567828,0.126805782410921,-0.453073731270308,-0.15280250213385,0.254727635478801,8.13665327260794,-4.82697229772411,-1.66184500977175,0.69577358,0
0.0234894975064036,-0.0951244843218435,0.129282255917448,-0.371707198544228,-0.201072225111091,0.238109185381083,8.68175183083612,-4.64438734707078,-2.58884039704779,0.69881565,0
0.0193485656259703,-0.0970424201791418,0.131745434727465,-0.284889680235867,-0.247516098581798,0.212220781410605,9.22847761426377,-4.74986251183249,-3.44291733079472,0.70088594,0
0.0164741474506771,-0.0996447867280768,0.133709776969711,-0.19260490409323,-0.295014723700123,0.177791608102658,9.81425552519248,-5.38771225760567,-3.75245932417567,0.70018646,0
0.0153256466263716,-0.103053159939151,0.135939330369379,-0.0944623488413049,-0.34889184627618,0.140267014860901,10.2799675045539,-6.56736249798406,-3.20158489507136,0.69850345,0
0.0144871942934379,-0.106527255268538,0.137344322337097,0.00833732620423364,-0.414565471256021,0.108251165910188,10.3293183864717,-8.01738920353948,-1.894480188505,0.69970592,0
0.0140858380295834,-0.110145913427341,0.138170335359386,0.11163051006895,-0.494739363291415,0.0893063640251377,9.72697626361675,-9.31219887654046,-0.41378196081356,0.70328588,0
0.0150135314906325,-0.115037921396899,0.138980071266537,0.208900272705118,-0.58786135205682,0.085168544417002,8.44467890195847,-10.096190100082,0.406901479107861,0.704031,0
0.0171570762864924,-0.121077980943012,0.139815853420249,0.293347061724703,-0.68882325305764,0.0892375592080807,6.75332547467988,-10.3004946478937,-0.0955619723455708,0.7002128,0
0.0201846849772929,-0.128064314201793,0.140769943066372,0.360880316471501,-0.791828199536577,0.0882819394846249,5.15951213624382,-10.2131923715803,-2.02425860284989,0.69490112,0
0.0239945806075663,-0.13609832358105,0.141584965226762,0.41247543783394,-0.893960123252381,0.068039353456126,4.21385759705813,-10.3542768785209,-4.78565459692677,0.69144362,0
0.0279766013068031,-0.144879534593026,0.142522920351149,0.454614013804521,-0.997502892037589,0.0201828074868583,4.25359630842029,-11.1961191874803,-7.35426035005621,0.69393331,0
0.0326305269932337,-0.154874281586027,0.14261344167827,0.497149976888724,-1.10946408391239,-0.0533597960137037,5.25293240804091,-12.8930209514939,-8.79756007544861,0.70596498,0
0.03752045138873,-0.165922734113938,0.142031858876131,0.549679300969133,-1.23839429342733,-0.14133539676819,6.81130110732199,-15.1593086042881,-8.78715809539177,0.72299391,0
0.0429940276741944,-0.178322932453814,0.140610371103521,0.617792312042353,-1.38998737947021,-0.229206977722108,8.31146912146395,-17.3744896205242,-7.77145704064748,0.73276701,0
0.0490922281519489,-0.192230991420322,0.138459723515737,0.700907003256993,-1.56373227567545,-0.306921548128582,9.18907945211696,-18.8638395056752,-6.67925424186787,0.72767707,0
0.0561645410420717,-0.207805086189314,0.135338544407611,0.792797797778162,-1.75237067073221,-0.373714090547261,9.15438307750618,-19.1987029541139,-6.3263683084639,0.71510233,0
0.0638698108499324,-0.225295396619093,0.131668717209397,0.884341628553224,-1.94435770027334,-0.4369777736319,8.29420836529407,-18.3670928988338,-6.9018217850899,0.71321706,0
0.0725753700418815,-0.244687240301861,0.127076054499574,0.967283712206165,-2.12802862926168,-0.505995991482799,6.98625193454842,-16.7272435158793,-7.88470139906442,0.73083812,0
0.0835595164371025,-0.266190997829388,0.121382397605953,1.03714623155165,-2.29530106442047,-0.584843005473443,5.72112226184876,-14.7932746960346,-8.47905305536584,0.75137462,0
0.0931796499737122,-0.289078966736427,0.115978009488164,1.09435745417014,-2.44323381138082,-0.669633536027102,4.86433222824501,-12.9654188414064,-8.26060560174849,0.75243487,0
0.1032330597518,-0.313496718827235,0.11023983849557,1.14300077645259,-2.57288799979489,-0.752239592044587,4.524432672729,-11.3708831570339,-7.56845269679599,0.73597216,0
0.114693212062846,-0.339075090261476,0.102709351893124,1.18824510317988,-2.68659683136522,-0.827924119012546,4.53618410168904,-9.8795090049879,-7.26412723093196,0.72034417,0
0.128120884337107,-0.366039665717635,0.0939147753242693,1.23360694419677,-2.7853919214151,-0.900565391321866,4.55043833253488,-8.25941366210242,-7.91553543266978,0.71869363,0
0.139523748309851,-0.39369780709327,0.0846384170214969,1.27911132752212,-2.86798605803613,-0.979720745648564,4.22161695163691,-6.35443859630347,-8.95679477796298,0.73369347,0
0.151920954457257,-0.422445062196482,0.0744831821168536,1.32132749703848,-2.93153044399916,-1.06928869342819,3.34524236507372,-4.15992536125009,-8.47224663699073,0.75904291,0
0.165871157540147,-0.451925638677937,0.0634779247425993,1.35477992068922,-2.97312969761166,-1.1540111597981,1.97383368114115,-1.76399451764001,-4.00162847358423,0.77434349,0
0.179075015248851,-0.481591079561099,0.0521819077322674,1.37451825750063,-2.99076964278806,-1.19402744453394,0.406644348799763,0.789826425397619,5.9303872744747,0.75943825,0
0.193310237405376,-0.511649222842085,0.0412011497192563,1.37858470098863,-2.98287137853409,-1.1347235717892,-0.916153316929432,3.6118719853802,20.3934550611694,0.72869324,0
0.205547860419823,-0.541025376274393,0.0304496496046737,1.36942316781934,-2.94675265868028,-0.930789021177503,-1.6032535353014,6.95305498571861,35.7337079005107,0.74384627,0
0.220407113705758,-0.570788869580398,0.0218260802213968,1.35339063246632,-2.8772221088231,-0.573451942172395,-1.5386433908648,11.0787946231749,46.7424249707588,0.8728637,0
0.234162882048522,-0.599496223140785,0.0144771504471914,1.33800419855768,-2.76643416259135,-0.106027692464808,-0.980350316230042,16.0801445278248,48.9645019782589,1.1005917,0
0.247744729553054,-0.62712319363411,0.0113681839314408,1.32820069539537,-2.6056327173131,0.383617327317781,-0.539827339898687,21.7634268965091,40.9012107836258,1.28439559,0
0.26003876719398,-0.652981322672423,0.0151672663743335,1.32280242199639,-2.38799844834801,0.792629435154039,-0.933850402152224,27.658270751842,24.9547275080113,1.25671775,0
0.273918992522242,-0.677212665047004,0.0250605387028926,1.31346391797487,-2.11141574082959,1.04217671023415,-2.63436677566823,33.1465894518025,6.48312738779574,1.00242456,0
0.286459939972585,-0.698237107514445,0.0374225563945845,1.28712025021818,-1.77994984631157,1.10700798411211,-5.57928159882005,37.63424094523,-8.59662712338563,0.69906259,0
0.299679836558982,-0.716060987714326,0.0485209988174649,1.23132743422998,-1.40360743685927,1.02104171287825,-9.08018467271347,40.6766574940525,-16.3918154482451,0.54608291,0
0.311875070238288,-0.729925098243072,0.056869393656753,1.14052558750285,-0.99684086191874,0.857123558395801,-12.0960148882154,42.0445722198725,-16.4802988362822,0.57743825,0
0.32404753784283,-0.739994137095546,0.0641940678922117,1.01956543862069,-0.576395139720016,0.692320570032979,-13.657431994412,41.7222523960858,-11.5576412820081,0.67390468,0
0.333377832928142,-0.745568165107977,0.0711060323224989,0.882991118676574,-0.159172615759159,0.576744157212899,-13.3657520283601,39.909443391528,-5.62986689415304,0.72781533,0
0.342258946761034,-0.747187938689708,0.0776455799677918,0.749333598392973,0.239921818156121,0.520445488271368,-11.6183278241764,37.0238636468731,-1.90168997737053,0.73775869,0
0.350119812148111,-0.744951694744886,0.0835040657559703,0.633150320151209,0.610160454624852,0.501428588497663,-9.41037842040472,33.6564172911459,-1.51445155068339,0.75765803,0
0.356491444109531,-0.739082647794871,0.0890814537017444,0.539046535947162,0.946724627536312,0.486284072990829,-7.87027747113392,30.4654740892507,-3.69650742710772,0.80905274,0
0.361218856535051,-0.72941324553334,0.0936277232911218,0.460343761235823,1.25137936842882,0.449318998719752,-7.67827817374256,27.9757378117285,-6.93258478945364,0.86507458,0
0.366302865034028,-0.716853336302404,0.0978139312812799,0.383560979498398,1.5311367465461,0.379993150825215,-8.73672667819457,26.3688967903728,-10.2171350793932,0.89578124,0
0.370253570512226,-0.701475788994599,0.10130393354147,0.296193712716452,1.79482571444983,0.277821800031284,-10.2618726158244,25.3881942262854,-13.5537704035232,0.89951184,0
0.372861689491843,-0.683404268739541,0.103921253896903,0.193574986558208,2.04870765671268,0.142284095996051,-11.2250747419271,24.4388397775601,-17.4479918478765,0.89035599,0
0.375071096206889,-0.662968713102626,0.105417656960595,0.0813242391389368,2.29309605448829,-0.0321958224827133,-10.9109212641249,22.8769026813239,-21.913869715191,0.87812787,0
0.375891258012861,-0.64016645836235,0.105092039957763,-0.0277849735023118,2.52186508130153,-0.251334519634623,-9.27259339131598,20.3378709409535,-25.7768440367069,0.86547186,0
0.375672779616958,-0.615250985143698,0.1026264431686,-0.120510907415472,2.72524379071106,-0.509102960001693,-6.89810413641106,16.9127849267607,-26.8661421344847,0.85314561,0
0.374452869169906,-0.588181289379355,0.0977741665722671,-0.189491948779582,2.89437163997867,-0.777764381346539,-4.63149140773346,13.070972501435,-23.0870782716288,0.84694649,0
0.372280060438478,-0.55895253511103,0.0904463821600813,-0.235806862856917,3.02508136499302,-1.00863516406283,-3.09026613950852,9.37241217730876,-13.7528455002608,0.86417173,0
0.369751884170854,-0.528120618781196,0.0803071173671596,-0.266709524252002,3.1188054867661,-1.14616361906544,-2.39319212451687,6.17076498192798,-0.365845914631485,0.92597718,0
0.367248960199512,-0.496731273435273,0.0683081339194691,-0.290641445497171,3.18051313658538,-1.14982207821175,-2.17685254593486,3.48932348715612,13.6451777988028,1.03249561,0
0.364646094311878,-0.465439423926696,0.0563387268212829,-0.31240997095652,3.21540637145695,-1.01337030022372,-1.94081044600798,1.15819024695787,24.1901631206817,1.14562569,0
0.361528999797801,-0.433975260679063,0.046356811488943,-0.331818075416599,3.22698827392652,-0.771468669016906,-1.41103534998967,-0.927450500076357,28.1912964972975,1.2082853,0
0.358814286230382,-0.401955858454487,0.0390282596554851,-0.345928428916496,3.21771376892576,-0.489555704043931,-0.721944464712041,-2.64496797749185,24.9011898677279,1.18802742,0
0.354354050901153,-0.369239065595914,0.0347248836983834,-0.353147873563617,3.19126408915084,-0.240543805366652,-0.254410798566634,-3.74762838076314,16.2388662845155,1.1017077,0
0.350720971435806,-0.336721571710093,0.0320587157659771,-0.355691981549283,3.15378780534321,-0.0781551425214971,-0.331178579315979,-4.19585159359562,6.08282976112171,0.99578194,0
0.347086248917502,-0.305028840492684,0.0307496565187271,-0.359003767342442,3.11182928940725,-0.01732684491028,-0.927123555905365,-4.45847735120092,-1.32047730635965,0.901081,0
0.343943592660266,-0.27418176021871,0.0301741924918789,-0.368275002901496,3.06724451589525,-0.0305316179738764,-1.60111029662967,-5.50335349635644,-3.13549010130043,0.81980394,0
0.340732512864101,-0.243982517016077,0.0304724310383342,-0.384286105867793,3.01221098093168,-0.0618865189868807,-1.7419857672109,-8.3726983817534,0.830308359058169,0.75536474,0
0.336242127495642,-0.213977975239881,0.02982767255326,-0.401705963539902,2.92848399711415,-0.053583435396299,-0.921258839807029,-13.5517822504858,8.03740867527383,0.71679788,0
0.332988888573263,-0.185004819204523,0.0301314725913767,-0.410918551937972,2.79296617460929,0.0267906513564393,0.824792418387567,-20.5269807163469,14.4002579308732,0.70205228,0
0.328186341643307,-0.156679958389435,0.0296795534409602,-0.402670627754096,2.58769636744582,0.170793230665171,2.98905228713131,-27.8894218203816,16.3368311132424,0.68072831,0
0.323976576595168,-0.130543176016869,0.0312248138554692,-0.372780104882783,2.308802149242,0.334161541797595,4.89618478756249,-34.0140693877096,12.7151414802273,0.61817842,0
0.320311103993438,-0.107278509730312,0.0346544633282568,-0.323818257007159,1.96866145536491,0.461312956599868,6.07960674266234,-37.9196224696402,5.61771089155774,0.51260687,0
0.31707248551967,-0.0875253169189358,0.0387813018495132,-0.263022189580535,1.5894652306685,0.517490065515445,6.45134034698104,-39.7385339138477,-0.677197687284501,0.40044016,0
0.31513801092238,-0.0718872034729809,0.0436471511733075,-0.198508786110725,1.19207989153003,0.510718088642601,6.30695323514001,-40.4838733606396,-2.15268849165044,0.31659956,0
0.312515910459191,-0.0600766972585486,0.0493526117286589,-0.135439253759325,0.787241157923631,0.489191203726096,5.99166611780136,-41.1420927422064,2.24542336275174,0.2626143,0
0.311851859104565,-0.0524986315844293,0.054705927323745,-0.0755225925813111,0.375820230501567,0.511645437353613,5.6280268159307,-41.7269303565845,9.30523696027151,0.21982723,0
0.310279864260173,-0.0487293663464777,0.0609291797697404,-0.019242324422004,-0.0414490730642778,0.604697806956329,4.98033720671809,-40.9495682281717,12.6879181983003,0.1898836,0
0.310023044645796,-0.0492955848406792,0.0671226450304578,0.0305610476451769,-0.450944755345995,0.731576988939332,3.74251544270628,-36.9055092046917,6.23891022514443,0.20314607,0
0.311358774269346,-0.0537505524171605,0.0730223382168088,0.0679862020722397,-0.819999847392912,0.793966091190776,1.89482155230524,-28.437870178037,-12.1771932245867,0.25679143,0
0.311046340087419,-0.0609661235030832,0.0785774648370396,0.0869344175952921,-1.10437854917328,0.672194158944909,0.0131707219339569,-16.4018428434595,-38.4954120155927,0.26511904,0
0.312058860215307,-0.0717104312903512,0.0848710200179699,0.0870661248146317,-1.26839697760788,0.287240038788982,-0.831528253400617,-3.92558338252092,-63.4478582809965,0.13884757,0
0.313078064430631,-0.084798362833874,0.090297827937199,0.0787508422806255,-1.30765281143309,-0.347238544020983,0.409700575803912,4.67939019178116,-76.4934983932083,-0.06996677,0
0.313865305138119,-0.0987768962757156,0.0892079251462658,0.0828478480386647,-1.26085890951528,-1.11217352795307,4.02653740039855,5.94189183820711,-70.8056561788527,-0.1589455,0
0.314825712527069,-0.111952817720813,0.0788721947480995,0.12311322204265,-1.2014399911332,-1.82023008974159,9.07606412453168,-0.879515889169601,-46.6566925510729,-1.99468901,2.36340050430358
0.316182107372561,-0.123692924334537,0.0583981319118979,0.213873863287967,-1.2102351500249,-2.28679701525232,13.4978757257623,-13.1048376573991,-11.3785107494836,-1.32788242,9.19749890902428
0.318188830223304,-0.134996842101327,0.0332438711225683,0.34885262054559,-1.34128352659889,-2.40058212274716,14.9053903069679,-25.6074417554473,24.0900830457212,-0.60026782,14.821670677019
0.321623188070815,-0.147862012734561,0.00865239593933453,0.497906523615269,-1.59735794415336,-2.15968129228995,11.7005970587478,-33.0026621962079,50.1472301822903,-0.15236515,17.9112535153826
0.326407053520056,-0.163688161670941,-0.0122383689681697,0.614912494202746,-1.92738456611544,-1.65820899046704,3.9992842900871,-31.9580830482725,62.3644987243308,0.08920499,20.8492542781554
0.332375515820528,-0.183256286051621,-0.0276810109484219,0.654905337103617,-2.24696539659817,-1.03456400322373,-6.17159642998322,-22.4690057651508,62.2962066478609,-0.12124682,24.3234602542144
0.339009286461754,-0.206275155176158,-0.0365915573156885,0.593189372803785,-2.47165545424968,-0.411601936745125,-15.7122189938283,-7.50512528945009,55.2238125686152,-0.58391452,27.0710978136401
0.345245641967108,-0.23155314881388,-0.0395205669465232,0.436067182865502,-2.54670670714418,0.140636188941027,-21.677544502389,8.58168620765148,46.5128326388457,-1.36680154,28.4275130220356
0.34975914718857,-0.257170482629277,-0.0384759413125123,0.219291737841611,-2.46088984506766,0.605764515329483,-22.684772362317,22.046932855058,38.7838075234372,-2.57118107,28.8141520899462
0.352123899726216,-0.281322516893581,-0.0347441863417787,-0.00755598578155856,-2.24042051651708,0.993602590563855,-19.3711963594834,31.0165303602659,31.4445990434069,-3.89708534,28.8138912782834
0.352001942226739,-0.302941577678279,-0.0269643576390691,-0.201267949376393,-1.93025521291442,1.30804858099792,-14.044197070462,35.6247591415051,22.3858052848895,-5.32013665,29.3136777400946
0.349409280755643,-0.321506888928773,-0.0144996777609127,-0.341709920081013,-1.57400762149937,1.53190663384682,-9.46378972508035,37.1559328711118,10.4558709876933,-7.68491077,30.6739396453886
0.345630676435397,-0.33780998311718,0.00438231301037922,-0.436347817331816,-1.20244829278826,1.63646534372375,-7.52310453655596,36.9239073849221,-3.07630057013067,-10.91125817,32.1884606524054
0.341398453712175,-0.350643658062332,0.0227300733329344,-0.511578862697376,-0.833209218939034,1.60570233802245,-8.51026682854842,35.5789436764292,-14.9461941084943,-14.02239232,33.1527166360566
0.336546418494877,-0.359360984438631,0.0382937177684969,-0.59668153098286,-0.477419782174742,1.4562403969375,-11.2216565325107,33.1275748890738,-21.7976566040354,-16.53392051,33.8847019705329
0.331473935103083,-0.364186643542141,0.0511819073747033,-0.708898096307967,-0.146144033284004,1.23826383089715,-13.8247262227732,29.4508471974703,-22.1983804924584,-18.26345354,35.1094808499364
0.324063816877829,-0.364942891565437,0.0621139851878166,-0.8471453585357,0.1483644386907,1.01628002597256,-14.8899527085285,24.8236786733346,-17.4788872356839,-19.50327913,36.4073340929954
0.315884684942064,-0.363091704778184,0.0722078108572614,-0.996044885620984,0.396601225424046,0.841491153615724,-14.033007161389,20.0180908434457,-10.8928289432112,-20.77706853,37.1236398900654
0.304149003436126,-0.358703520305668,0.0810676390036625,-1.13637495723487,0.596782133858504,0.732562864183612,-11.8735429390336,15.9502340449002,-5.80414110660821,-22.14623865,37.4240866256035
0.293881161109875,-0.353536291715429,0.0897348814117462,-1.25511038662521,0.756284474307506,0.67452145311753,-9.43598267895483,13.1396583017806,-3.98366374708449,-23.34436955,37.5069868030905
0.281274665376012,-0.346240978281312,0.0968968478512866,-1.34947021341476,0.887681057325311,0.634684815646685,-7.4582430497972,11.405190646044,-5.04365647807447,-23.98141455,37.3426855766129
0.26695213451992,-0.337025205418331,0.102534948122289,-1.42405264391273,1.00173296378575,0.58424825086594,-6.02422697290793,9.98754827802654,-7.12399578556869,-24.33897284,36.8517439257311
0.254234682271388,-0.327325584700664,0.108379755939652,-1.48429491364181,1.10160844656602,0.513008293010253,-4.69568949193965,8.04238513295023,-8.23995951306403,-24.89642685,35.916182576344
0.239636554501628,-0.316124467699481,0.113043416025453,-1.53125180856121,1.18203229789552,0.430608697879613,-2.9894465858308,5.16535910102566,-7.4050426225339,-25.63214046,34.7453180482531
0.223772876099409,-0.304124230756322,0.116974822525448,-1.56114627441951,1.23368588890578,0.356558271654274,-0.792195101312472,1.62729674612042,-4.9455033215817,-26.1638982,33.628965668582
0.206768077346692,-0.291605886017924,0.1210732678559,-1.56906822543264,1.24995885636698,0.307103238438457,1.49473577539708,-1.79753933081825,-1.97403684095973,-26.29384164,32.6655120513467
0.192077913478552,-0.279422350233397,0.124398067372006,-1.55412086767867,1.2319834630588,0.28736287002886,3.20115623603305,-4.27134206498133,0.4141638902461,-26.36254125,31.6031781270613
0.176485466397942,-0.266996414919306,0.127113783107481,-1.52210930531834,1.18927004240898,0.291504508931321,3.83925923337439,-5.33166928314732,1.73062755716382,-26.65177037,30.3794468467774
0.161540632288399,-0.255175496594155,0.130196244006013,-1.48371671298459,1.13595334957751,0.308810784502959,3.29608532034502,-5.0468969153053,2.13440280329305,-27.24241473,28.9916905756622
0.146649568631516,-0.243861881254442,0.133116583539256,-1.45075585978114,1.08548438042446,0.33015481253589,1.90199458598448,-3.90596559365026,2.09452945687846,-27.76451233,27.7163203176345
0.132144777579494,-0.233047484709606,0.136346126475446,-1.4317359139213,1.04642472448796,0.351100107104674,0.152333645300504,-2.49456402294837,1.95154974838616,-28.04790224,26.6209867534306
0.11778934238008,-0.222542384070167,0.139806882078827,-1.43021257746829,1.02147908425847,0.370615604588536,-1.54398071480972,-1.23406051505648,1.73535161084424,-28.53970084,25.4502969601451
0.103432123279636,-0.212261457708645,0.143636384737918,-1.44565238461639,1.00913847910791,0.387969120696978,-2.98483776643242,-0.293899297393343,1.31166179784008,-29.41657454,24.2105954589076
0.0889548314607757,-0.202148660310232,0.147589922012828,-1.47550076228072,1.00619948613397,0.401085738675379,-4.12009547986356,0.334371655987208,0.593192771153723,-30.4803356,23.1460885280287
0.0743304179852826,-0.192175045065682,0.1516457090529,-1.51670171707935,1.00954320269385,0.407017666386916,-4.89507717708043,0.677266987192241,-0.273345155462809,-31.35360776,22.6069721263819
0.0581436897850276,-0.18182969685614,0.155118905712256,-1.56565248885016,1.01631587256577,0.404284214832288,-5.20413848062535,0.702553886747979,-0.979428864009204,-32.23110161,22.4112789109868
0.0436075096845399,-0.171923398786308,0.159699881871941,-1.61769387365641,1.02334141143325,0.394489926192196,-4.96793458537791,0.344496604468437,-1.23898165510179,-33.46031745,22.0854985049847
0.0285209564105307,-0.161998076976694,0.163731081586175,-1.66737321951019,1.02678637747793,0.382100109641178,-4.27292295827133,-0.402354478561268,-0.96822406351497,-35.18210312,21.4907585843714
0.00913154746206984,-0.15111121645571,0.167367408934727,-1.7101024490929,1.02276283269232,0.372417869006028,-3.43614514578128,-1.41044275428071,-0.323425309540942,-36.99871279,20.8027805649101
-0.00524697285829504,-0.141483387762428,0.171296052403983,-1.74446390055071,1.00865840514951,0.369183615910619,-2.86070182645377,-2.43990492016091,0.388970356407322,-38.46931276,20.293280320824
-0.0251402838436138,-0.130794783205435,0.174478565000017,-1.77307091881525,0.984259355947904,0.373073319474692,-2.77811256509212,-3.24377334220653,0.912860870858964,-39.78850011,19.7773490513917
-0.0406823858547518,-0.121534249628457,0.178690293194498,-1.80085204446617,0.951821622525838,0.382201928183282,-3.07338428371433,-3.66392828598894,1.13997645655712,-41.48999904,18.9806995134586
-0.0606425232282014,-0.111486778682215,0.182079194116174,-1.83158588730332,0.915182339665949,0.393601692748853,-3.3084988548791,-3.67847663437075,1.13534853707358,-43.53870921,17.9816813305165
-0.078240237554957,-0.102483256007701,0.186135320448253,-1.86467087585211,0.878397573322242,0.404955178119589,-2.99929032085784,-3.31076435906426,1.03309254937018,-45.40983252,17.0964192839661
-0.0963205392596134,-0.0939379264186653,0.19054659248518,-1.89466377906069,0.845289929731599,0.41528610361329,-1.94765499330413,-2.70508637562279,0.888335823474972,-46.89127458,16.3188481751416
-0.115169429338043,-0.085574106708514,0.194711403785906,-1.91414032899373,0.818239065975371,0.42416946184804,-0.44218574491176,-1.86854955958599,0.64536582579354,-48.31476747,15.4068162546246
-0.134542268130585,-0.07731827208998,0.198747216928952,-1.91856218644284,0.799553570379511,0.430623120105976,0.867293126103052,-0.757217884294011,0.207060431640833,-49.87321783,14.2729581322697
-0.154147635568574,-0.0691156272530651,0.202821362912894,-1.90988925518181,0.791981391536571,0.432693724422384,1.36801744398796,0.642085640067032,-0.45403225963423,-51.56874393,12.9208897256053
-0.173288486069606,-0.0611099815685471,0.207093515976875,-1.89620908074193,0.798402247937241,0.428153401826042,0.904382208221375,2.1673058646375,-1.2118260194072,-52.93955748,11.7209191022088
-0.19257341524572,-0.0532556547084466,0.211760661136126,-1.88716525865972,0.820075306583617,0.41603514163197,-0.000652961310094079,3.37600844929577,-1.78184869140684,-54.02690842,10.59627771322
-0.210485464417957,-0.0452395930734856,0.215965718856738,-1.88717178827282,0.853835391076574,0.398216654717901,-0.352098609180279,3.61520859795291,-1.82187868280416,-55.29568464,9.27016758786236
-0.229634028750684,-0.0364714121661067,0.219722690169972,-1.89069277436462,0.889987477056103,0.37999786788986,0.8736731976617,2.26339664977615,-1.07105949818673,-56.88516137,7.82565700889204
-0.248339866233099,-0.0274853544778185,0.223640730764022,-1.88195604238801,0.912621443553865,0.369287272907993,4.13631424026569,-0.89794891088022,0.506382044367727,-58.36437907,6.50872479974181
-0.267235725041562,-0.0187814261215225,0.227334951381994,-1.84059289998535,0.903641954445062,0.37435109335167,9.04588557078972,-5.43015204847847,2.6736676000182,-59.47118887,5.42805230035514
-0.286039146500449,-0.00970153359852764,0.23087251979842,-1.75013404427745,0.849340433960277,0.401087769351852,14.4349795830544,-10.2657809349941,4.96422337942339,-60.67849698,4.27281067839459
-0.303654586391088,-0.00106043761890223,0.234889548311793,-1.60578424844691,0.746682624610337,0.450730003146086,18.7547958201882,-14.0854138567457,6.77777871592131,-62.36542582,2.9471383932931
-0.319670347373806,0.00663097130763796,0.239445649864446,-1.41823629024503,0.60582848604288,0.518507790305299,20.6928125653814,-15.9300933667492,7.542435675088,-64.0146239,1.78058006754313
-0.333617822332542,0.0126320009283536,0.244997937357582,-1.21130816459121,0.446527552375387,0.593932147056179,19.6468054320497,-15.6808410919452,6.86970013879597,-65.36778297,0.882299491464871
-0.345759170716521,0.0171380382350116,0.250696786954793,-1.01484011027072,0.289719141455936,0.662629148444138,15.9346283506364,-14.1130016955464,4.68767268561381,-66.74571226,0.00392320013966921
-0.354128507063372,0.0195977674017615,0.257249059446596,-0.855493826764351,0.148589124500472,0.709505875300277,10.6040996693386,-12.4148994453888,1.33663697926372,-68.56622785,1.07148948068968
-0.365497543588153,0.0216373169286742,0.264265458968802,-0.749452830070965,0.0244401300465839,0.722872245092914,5.04188735031555,-11.4452539876695,-2.45318442425463,-70.68175851,2.25977600544984
-0.372724698075255,0.0216316669488196,0.271866708898573,-0.69903395656781,-0.0900124098301112,0.698340400850367,0.447536500604109,-11.1773267136288,-5.75433491250938,-72.55124898,3.16689616636611
-0.378808753532087,0.0205946375113122,0.278213221732332,-0.694558591561769,-0.2017856769664,0.640797051725274,-2.53882804237394,-10.7664608893086,-7.76927469507279,-74.24936402,3.9978045303648
-0.38522554518977,0.0182693074236122,0.284697106464456,-0.719946871985508,-0.309450285859486,0.563104304774546,-3.94216418668661,-9.26576874668795,-8.20283064012552,-76.48173101,5.0319106126782
-0.392770711058424,0.0151535011370559,0.291045405642704,-0.759368513852374,-0.402107973326365,0.481075998373291,-4.24469565994308,-6.56085402623918,-7.46796404751268,-79.2693636,6.26450642100126
-0.4009368378478,0.0119516391228021,0.295310206856277,-0.801815470451805,-0.467716513588757,0.406396357898164,-3.98594087685456,-3.84236080016372,-6.56466341596624,-81.93167122,7.44530750391735
-0.408462044131128,0.00744550669569991,0.299815993533655,-0.84167487922035,-0.506140121590394,0.340749723738501,-3.38246224433249,-3.14030749609647,-6.60326970533805,-84.01430105,8.49942595768201
-0.417187250145401,0.00257083281267458,0.303004733115395,-0.875499501663675,-0.537543196551359,0.274717026685121,-2.19541731307288,-6.02434130758042,-8.17558063135114,-85.96004226,9.67398178160032
-0.425968470582154,-0.0033102146722115,0.305578366483387,-0.897453674794404,-0.597786609627163,0.192961220371609,0.0939991904735648,-12.2127241244806,-10.8897370214044,-88.11210102,11.0636983188537
-0.435070698956252,-0.010077972669316,0.307222388273482,-0.896513682889668,-0.719913850871969,0.0840638501575657,3.8153094230796,-19.0296614879349,-13.4159600195782,-90.12043841,12.4882243218541
-0.444211998794583,-0.0178672647217629,0.308077508500772,-0.858360588658873,-0.910210465751319,-0.0500957500382168,8.67198505069037,-22.3020703155546,-14.0521910748387,-91.36078051,13.6756057957056
-0.451590008721186,-0.0270239887328257,0.307621272103918,-0.771640738151969,-1.13323116890686,-0.190617660786604,13.6580458598467,-18.4377130094769,-11.6078667273787,-91.88395748,14.7468787170492
-0.45885896419294,-0.037287736516652,0.306849388024919,-0.635060279553502,-1.31760829900163,-0.306696328060391,17.2454719335591,-6.567766349901,-6.13812789029818,-92.25019785,15.9019974386475
-0.466844886086114,-0.0480115501242443,0.303159343630781,-0.462605560217911,-1.38328596250064,-0.368077606963373,18.1469893377344,10.4349402576241,0.926079257591048,-92.55479224,17.125423937481
-0.472128943176756,-0.0609681920673126,0.299673115470566,-0.281135666840567,-1.2789365599244,-0.358816814387462,15.8529795623138,26.9055140819323,7.31984116284307,-92.34048612,18.1313919648154
-0.474531683329171,-0.0762587059139733,0.295715513672894,-0.122605871217429,-1.00988141910508,-0.285618402759032,11.0426326850174,36.8631641019793,10.9756271283261,-91.36215634,18.8535316182284
-0.474499030138729,-0.093944446445152,0.291107694349313,-0.0121795443672558,-0.641249778085285,-0.17586213147577,5.28388893498402,36.8466096980798,10.9507496396914,-89.57179233,19.481296301806
