0.328798674005274,-0.145908927167858,0.00653668844691231,0.151534816111538,-1.59182262613004,-0.883059617370753,3.03155878272953,-8.32019422889515,23.8968320381088,-0.21336281,2.06448835167772
0.33133591237144,-0.17120082340027,-0.00577522241275113,0.241071982027784,-2.26536169547756,-0.931463110423756,4.19606016689901,-14.5794963779817,49.5904097963918,0.15529294,6.21542920416589
0.334340191246129,-0.198069761096606,-0.0171562566798756,0.322890532296035,-2.80847175327925,-0.628969106184938,2.41428998005601,-16.9636174540765,71.3439389930781,-1.5173145,11.5773757146413
0.337317742148653,-0.225425629946284,-0.0241429039233885,0.363272997514828,-3.13998842312326,0.0056680377704071,-3.60859250318936,-11.9954852541924,80.6466517087868,-3.58666302,15.8060457763427
0.339980257456001,-0.253589089169866,-0.025138040920992,0.324080102381049,-3.22897213536479,0.827211080362597,-13.6503853112112,1.56340234475715,73.0516472158159,-4.41747959,18.1450175632405
0.343086290596878,-0.283186988079903,-0.0168412736191097,0.174922525215058,-3.0872022785671,1.61912955742167,-25.5587531911258,21.6129137984834,50.3957698332479,-5.74655791,19.6147869126906
0.34554947569008,-0.313920809051794,0.00175180250365705,-0.0926034461674264,-2.75206746247587,2.1810183530185,-35.7424286844271,43.0826572499213,20.0794904638926,-8.45932969,20.6394476322123
0.344526281826619,-0.343023623851953,0.0258325714839441,-0.454950221664449,-2.27217215687267,2.4056995595156,-40.3761505146923,59.7470355432966,-8.24734292438001,-11.21620426,21.3157522227447
0.340136108027821,-0.367561454595298,0.0495264393663076,-0.855997847516782,-1.7017545034725,2.31005707197423,-36.9760665255219,66.7276863579691,-26.904776673366,-14.44094175,21.7876525101615
0.331471461971533,-0.385220502235429,0.0708368257573543,-1.21910194597772,-1.10083214519674,2.0087084153851,-25.615835933365,62.5048332618602,-33.1581617183147,-18.08308968,22.4266179853314
0.319274441249606,-0.395522044251543,0.0891136026665662,-1.46950535751834,-0.533150729437448,1.64920100093569,-9.20407103720618,49.4756185333091,-29.5711473094016,-21.96676865,23.2947697332515
0.304512916453406,-0.399726456374865,0.105187080989515,-1.55973654744473,-0.0564323461306753,1.34470885720269,7.38876175215955,32.8090077185907,-21.8270459076349,-25.7144411,23.8676994684605
0.288628825203854,-0.399632641436912,0.119233649459995,-1.48800136732321,0.293113824457959,1.13688306810852,19.074961586796,18.180700626208,-15.4293325810109,-29.10807212,23.9240026833519
0.274263662935452,-0.396974058181836,0.132183515860374,-1.30111740609642,0.513454749077337,1.00134777307352,22.4476967383495,9.49727177925961,-13.128540917696,-32.26735446,23.7183148963567
0.261176864808746,-0.392220224263968,0.1430592542707,-1.07956051214877,0.637535569330949,0.884231976151048,17.0113610617079,7.64034385019609,-14.2888870229604,-35.16971777,23.2958363210763
0.250290214949002,-0.386225079369891,0.151910647415359,-0.909985813927091,0.719311036162846,0.743958170182581,5.31758234235483,10.6768600237196,-16.190929521124,-37.57822418,22.3488761139206
0.24032134769815,-0.379146682960128,0.158271370894421,-0.855277117257196,0.810799530438762,0.574610630689743,-8.21290642016155,15.2427391996226,-16.1887384407252,-39.42497423,20.9498228338948
0.232333707353794,-0.371021897261144,0.163337690132362,-0.935229734913122,0.941531499205148,0.402162072283756,-19.0472198645726,18.2720900698916,-13.3605250777731,-40.76666374,19.5150754359206
0.224144533666178,-0.361723711870746,0.167306874633082,-1.12430437790029,1.11032117721457,0.261775203775863,-24.258416156465,18.2210234253022,-8.78513930126101,-42.03076779,17.9272708253367
0.212857485030208,-0.350235773045344,0.169947807722499,-1.36685474639121,1.29219455272959,0.173759830383273,-23.3458926315624,15.3213061039921,-4.55503486104504,-43.16265729,16.2531620456914
0.197611861226441,-0.33684122851655,0.171913492297473,-1.60127429273634,1.45498334083915,0.132870875960685,-18.0644051379486,10.9675814338178,-2.32651908046457,-44.0826014,14.5367825861402
0.181865925877154,-0.322414870466717,0.173725838702086,-1.78303271660232,1.57576752941148,0.115013160819782,-11.2633442417573,6.73380012416495,-2.37726229280298,-44.66635166,12.8690103947278
0.164158719541505,-0.307096965422775,0.175493583566729,-1.89625333277719,1.64895864163314,0.0940897896827388,-5.54189292264687,3.59593778270777,-3.63761535449267,-44.96717309,11.281311727328
0.145800569972045,-0.290743147253916,0.175824712842938,-1.95156628430252,1.68386160432174,0.0571993809433333,-2.25202510120519,1.68440881824607,-4.53083762974379,-45.25341101,9.6780905332137
0.126326919042045,-0.273935636505587,0.176090306227465,-1.97357677474778,1.69562425769274,0.0094173991928686,-1.27138921962367,0.531366798719676,-3.96884165319553,-45.46623942,8.13761512448001
0.106108358445701,-0.25662141164591,0.17606978639145,-1.98580464622253,1.69609313623539,-0.0326294255512281,-1.48019763916858,-0.470464447791241,-1.88955715479105,-45.81685481,6.50329398361328
0.0867302204844838,-0.239940063244292,0.17620841161075,-2.00040905096028,1.68941904267604,-0.052483710566506,-1.5681391366393,-1.71356650837439,0.896388633517322,-46.34008411,4.83984804403051
0.0658308369666003,-0.222564619390305,0.174861278005868,-2.01618100528034,1.67318613424971,-0.0430803688661887,-0.710575021308037,-3.2774967380111,3.33976945756643,-46.82114962,3.37903498671378
0.0467991449420416,-0.206425377235674,0.175189858228704,-2.02349673064627,1.64250425747079,-0.00866377303194313,1.18714018056287,-5.05832147842742,4.77825332292141,-47.12508563,2.23037839689399
0.0270744254320827,-0.190053549188796,0.175113413680132,-2.01178487523276,1.59351144540452,0.0398929566558976,3.65241631191125,-6.92397981415038,5.20965416098335,-47.64334002,1.1619426994059
0.0045931582087981,-0.173312243316852,0.175117030525941,-1.97530431126494,1.52470625570386,0.0922010624890418,6.03621583676208,-8.79519411087497,5.09205263950457,-48.62634736,0.0852292207309659
-0.0150852903537624,-0.158194027675816,0.176316894121204,-1.91490538067134,1.43638775884055,0.142943152212764,7.84157574057635,-10.590106673397,4.93186527124796,-49.90733346,0.864327646730602
-0.0322272725092848,-0.144511516735878,0.177926330117776,-1.83644021813823,1.32999420808503,0.192022067290809,8.82956262236642,-12.1242983636063,4.92526052339767,-51.48820159,1.78419418434425
-0.0502845142257321,-0.131398095531295,0.179832771934753,-1.74814459191456,1.20875122444897,0.241274672524785,8.96953320969808,-13.0836697019892,4.88149093291866,-53.39883574,2.80270731752215
-0.067605149679752,-0.119198848641907,0.181996411753488,-1.65844925981758,1.07791452742908,0.290089581853972,8.31885971943719,-13.1131322775458,4.42048507761571,-55.24838077,3.64459542235651
-0.0868492086553044,-0.107628231824509,0.184476991496147,-1.57526066262321,0.946783204653622,0.334294432630129,6.97376312762703,-11.976406908154,3.2784737364571,-56.94442643,4.25264010636804
-0.102371862462587,-0.0981395625958123,0.187999626177361,-1.50552303134694,0.827019135572082,0.3670791699947,5.08463892300519,-9.71257085002062,1.49750491539703,-58.60712871,4.78142590456656
-0.115338039837491,-0.0903333944312291,0.19216375924314,-1.45467664211689,0.729893427071876,0.38205421914867,2.92995749214768,-6.6716420317925,-0.569269237481271,-60.50367859,5.45558991983023
-0.13060827452904,-0.0832836648798967,0.195963985400292,-1.42537706719541,0.663177006753951,0.376361526773858,0.889261593698015,-3.42728252206445,-2.42650744826889,-62.68200296,6.27560402685297
-0.144621963963471,-0.0768118054663193,0.199696799611348,-1.41648445125843,0.628904181533306,0.352096452291169,-0.60368942897509,-0.603815049547667,-3.68310653817277,-64.97803404,7.13717043930504
-0.159090229812106,-0.07028077048992,0.202954139708404,-1.42252134554818,0.622866031037829,0.315265386909441,-1.20250459021017,1.29697016252824,-4.18461503226183,-67.3144194,8.04631254524626
-0.173555608362558,-0.0637313936738786,0.205971945408395,-1.43454639145028,0.635835732663112,0.273419236586823,-0.73622865451467,2.0137664744035,-4.03712407133655,-69.32043486,8.80443406481106
-0.18789673029131,-0.0572755596989601,0.208802010753137,-1.44190867799543,0.655973397407147,0.233047995873457,0.715403083195016,1.56990661522274,-3.51151843692338,-70.7309534,9.37636654923581
-0.202262512500662,-0.0509146522621953,0.211316361220559,-1.43475464716348,0.671672463559374,0.197932811504224,2.84172929837555,0.235829136469206,-2.89439741791111,-71.80670915,9.91623873263533
-0.216291570257289,-0.0445705378598944,0.213401494558743,-1.40633735417972,0.674030754924067,0.168988837325112,5.1751129263523,-1.56924231319894,-2.36483887830127,-72.8809586,10.5900397228114
-0.230534043558725,-0.0378661503244689,0.21499173350434,-1.3545862249162,0.658338331792077,0.1453404485421,7.22094517483814,-3.42368847746121,-1.93115102023128,-73.93237506,11.3323776978488
-0.244474732502796,-0.0310469002275086,0.216318982573054,-1.28237677316782,0.624101447017465,0.126028938339787,8.60820419473117,-5.05482597403901,-1.47306609926584,-74.93435308,12.0890153063072
-0.255552074593152,-0.0246971658650164,0.217453810662532,-1.19629473122051,0.573553187277075,0.111298277347128,9.23753812432548,-6.45322113498154,-0.817864838774415,-76.02623947,12.9362495011938
-0.269512028132441,-0.0188615800183545,0.218711493699789,-1.10391934997725,0.509020975927259,0.103119628959384,9.35345422176919,-7.85890766949212,0.128131724085225,-77.00877277,13.7015585954988
-0.280371209651351,-0.0138850661734753,0.219750820339658,-1.01038480775956,0.430431899232338,0.104400946200237,9.42239658483957,-9.6067137484375,1.30295517833186,-77.70796014,14.2894074376154
-0.290400933915226,-0.00971146399837272,0.220983340616023,-0.916160841911166,0.334364761747963,0.117430497983555,9.84695520158692,-11.878984054356,2.44171649818778,-78.3077111,14.8076439124751
-0.298133808723201,-0.00643106792736569,0.221986568261907,-0.817691289895297,0.215574921204403,0.141847662965433,10.66958264221,-14.4997432886156,3.14430931234448,-79.19167181,15.5339723472812
-0.308046637466029,-0.00422426681435998,0.223363830089403,-0.710995463473196,0.070577488318248,0.173290756088878,11.4089493654444,-16.9247903415282,3.05420371256215,-80.3243403,16.4166747624555
-0.313822304588673,-0.00363516775179651,0.224928057869558,-0.596905969818753,-0.0986704150970339,0.203832793214499,11.2615382229657,-18.4872829383479,2.1030514017319,-81.578499,17.3641102885501
-0.319932508219293,-0.00459553813976612,0.227142216418025,-0.484290587589096,-0.283543244480513,0.224863307231818,9.52546659518181,-18.7762443846128,0.653194079065287,-82.91215143,18.3212400616007
-0.325322467525623,-0.00717894552610254,0.229320131284713,-0.389035921637278,-0.471305688326641,0.231395248022471,6.11374994449428,-17.9351288084418,-0.627212626941429,-84.11273631,19.1289110044723
-0.329828287713322,-0.0116970455013528,0.231679708746594,-0.327898422192335,-0.650656976411059,0.225123121753057,1.74769936434198,-16.6564131130354,-1.13196039324776,-84.99544434,19.7669603386614
-0.333025609777126,-0.0182636836236964,0.234031014569552,-0.310421428548915,-0.817221107541412,0.213803517820579,-2.28274020005489,-15.8282320856203,-0.784192482796246,-85.89153163,20.4710221736816
-0.335451495613416,-0.0267470189431682,0.236233179913531,-0.333248830549464,-0.975503428397615,0.205961592992617,-4.71049721248437,-16.037944003413,-0.213541895014717,-86.8719019,21.3224998421663
-0.338114108659202,-0.0367797264983337,0.238584935333304,-0.380353802674308,-1.13588286843175,0.20382617404247,-4.88889463675046,-17.2279916103203,-0.455187478607144,-87.89064174,22.2252846169188
-0.341704424939881,-0.0484400483523624,0.240361481369767,-0.429242749041813,-1.30816278453495,0.199274299256398,-2.9343492677968,-18.7911356329864,-2.21941832163966,-88.8595221,23.192997884276
-0.346940841872327,-0.0608215369371895,0.242172142309921,-0.458586241719781,-1.49607414086481,0.177080116040002,0.522942888339929,-20.0126928774197,-5.24511728814249,-89.42506426,24.0523713998122
-0.351936746848795,-0.0754954280535156,0.243226448936226,-0.453356812836381,-1.69620106963901,0.124628943158577,4.92995211976604,-20.621106990651,-8.25014254801876,-89.27261587,24.7008580429526
-0.356651604597406,-0.0922576536164074,0.244788571674771,-0.404057291638721,-1.90241213954552,0.042127517678389,10.1377370664284,-21.0229259220013,-9.73309698979382,-88.6472012,25.3171131117567
-0.361036512214251,-0.111353335519997,0.245500099999308,-0.302679920974437,-2.11264139876553,-0.0552034522195491,16.1751390024913,-22.0127396094956,-9.26440324659265,-87.78445921,25.9889882985773
-0.363064062253491,-0.133109192418939,0.245393017941046,-0.140928530949524,-2.33276879486049,-0.147847484685476,22.7033729453221,-24.1677336714749,-8.32665102372504,-86.69522273,26.6061251307918
-0.363605591145561,-0.156792493728945,0.244510099680226,0.0861051985036968,-2.57444613157524,-0.231113994922726,28.4739977385421,-27.3172852573929,-9.87104339042583,-85.31997292,27.2022862899596
-0.362394675776407,-0.182747097063393,0.242372674532322,0.370845175889118,-2.84761898414917,-0.329824428826984,31.4761602000681,-30.5238145404553,-16.5186116011959,-83.11525256,27.4715739194522
-0.359803588417764,-0.210689841600701,0.238362358206186,0.685606777889798,-3.15285712955372,-0.495010544838943,29.9026347227109,-32.6470217517589,-28.3514748255546,-79.5301399,27.1223263228796
-0.353595056427745,-0.241358890786056,0.232062865415141,0.984633125116907,-3.47932734707131,-0.778525293094489,23.45194625848,-33.1303546569258,-41.8691651225945,-74.85135798,26.3541708597131
-0.344615236371671,-0.275921907413622,0.223738964002976,1.21915258770171,-3.81063089364056,-1.19721694432043,14.1740107934367,-32.4435495575933,-51.2453922589656,-69.50613219,25.4042225584359
-0.331371706281872,-0.314388331794789,0.211848406517072,1.36089269563607,-4.1350663892165,-1.70967086691009,6.09412458274667,-31.7744344671319,-51.6052903420007,-63.53491707,24.1391604089186
-0.317741898351225,-0.356249095892647,0.196400385082999,1.42183394146354,-4.45281073388782,-2.2257237703301,3.49959431886032,-32.0630517096631,-42.5588983462643,-57.04841704,22.7075924976473
-0.302145948743873,-0.401363739972317,0.175512109015009,1.45682988465214,-4.77344125098445,-2.65131275379274,8.63939680952293,-32.9903554300325,-29.4501299969587,-49.80703223,20.8637533757746
-0.288067027803181,-0.449160637636912,0.150092210335256,1.54322385274737,-5.10334480528477,-2.94581405376233,20.1804516298643,-32.6716384805551,-20.9508505610039,-41.45145536,18.3032910147296
-0.272887462617207,-0.499892700534081,0.11986218144448,1.74502836904602,-5.43006119009032,-3.15532255937237,33.3885087844712,-28.4132179701193,-23.6995812168521,-32.25907897,15.2067761540542
-0.255735959516082,-0.553499194871045,0.0857183293732587,2.07891345689073,-5.71419336979152,-3.39231837154089,42.1053146439036,-18.2475700580292,-36.973969470532,-23.13877908,11.9751620710016
-0.235592550004803,-0.609908468424293,0.0491236896315783,2.49996660332977,-5.89666907037181,-3.76205806624621,41.6773730693457,-2.36251258315495,-50.9245817662461,-14.98662518,8.91968828953493
-0.211130176128207,-0.668738038920499,0.0109723706587578,2.91674033402322,-5.92029419620336,-4.27130388390867,31.228632751231,16.4728472477921,-50.3290876776524,-8.47535886,6.37674292946491
-0.18183818421776,-0.72879555029818,-0.0287160667676112,3.22902666153553,-5.75556572372544,-4.77459476068519,14.1064368098355,33.8825342666359,-22.5944568267902,-3.62069513,4.14173636913023
-0.147611448903822,-0.787380725829888,-0.0722723739024182,3.37009102963389,-5.41674038105908,-5.00053932895309,-3.78968638973431,45.8287310544893,34.0235492192492,-0.15625205,2.23868024246436
-0.113881792611097,-0.84187485605264,-0.11964185771196,3.33219416573654,-4.95845307051419,-4.6603038367606,-16.7814166441602,50.4828963205446,106.840535708685,2.37407589,0.84291177486665
-0.0809247584971126,-0.89078397263705,-0.168887686880856,3.16437999929494,-4.45362410730874,-3.59189847967375,-21.9960060216515,49.0115164385914,172.419476227751,4.13192576,0.0291450520082096
-0.049793464793486,-0.934176020901833,-0.2107725752687,2.94441993907843,-3.96350894292283,-1.86770371739624,-20.2731477743956,44.8232961139892,206.331521533114,2.20766324,0
-0.0217462647439068,-0.973090079999169,-0.233268699258177,2.74168846133447,-3.51527598178293,0.1956114979349,-15.2052487950415,41.730200015167,194.297209916866,2.5740978,0
0.00622910034618709,-1.00893793977968,-0.228714936446722,2.58963597338406,-3.09797398163127,2.13858359710356,-10.8871503032334,42.0346173724586,139.032011460382,2.36740058,0
0.032924325073006,-1.04083617217187,-0.201591358877711,2.48076447035172,-2.67762780790668,3.52890371170739,-9.85400394709492,45.5730806051214,59.2816252708959,1.68658662,0
0.0578802243059245,-1.06798508912909,-0.163088971812774,2.38222443088077,-2.22189700185546,4.12171996441635,-12.0880622594387,50.1372056853323,-18.4185876389488,0.89993589,0
0.0815484393389422,-1.08986275534906,-0.122983160886939,2.26134380828638,-1.72052494500214,3.93753408802686,-15.5918818613969,52.9334471143951,-71.014996747379,0.3385814,0
0.104345310960206,-1.10668361140845,-0.0873227814076186,2.10542498967242,-1.19119047385819,3.22738412055307,-17.9200001537631,52.1880851809829,-87.7092418815271,0.09489212,0
0.125289463918733,-1.11833418001355,-0.0578833515868782,1.92622498813479,-0.66930962204836,2.35029170173779,-17.6951997129107,48.0260143298581,-72.4062015718117,0.08101504,0
0.144272262115093,-1.12498080116499,-0.034827890936441,1.74927299100568,-0.189049478749779,1.62622968601968,-15.2656340643083,42.2379469278242,-39.5202942551294,0.18489582,0
0.161757125721343,-1.12692031557503,-0.0171397973523647,1.5966166503626,0.233329990528463,1.23102674346838,-12.2755498959975,37.1958920825923,-6.11257047937511,0.3343284,0
0.177071189121068,-1.12477160303379,-0.00221680551481107,1.47386115140262,0.605288911354386,1.16990103867463,-10.5644951721663,34.6094605550112,15.4000420053922,0.48594558,0
0.192842418829072,-1.11885692218155,0.0104563391071974,1.36821619968096,0.951383516904497,1.32390145872856,-11.1047308929936,34.7746009225804,20.7685472765915,0.61408918,0
0.205738230811721,-1.10933149876227,0.0237596814559294,1.25716889075102,1.2991295261303,1.53158693149447,-13.5866636700476,36.6468653296112,13.046749342003,0.70526513,0
0.218471267279676,-1.09628714756657,0.0376013994103717,1.12130225405055,1.66559817942641,1.6620544249145,-16.7454893996566,38.5449111950428,-1.06227406020263,0.74932968,0
0.231590323977882,-1.07991945141216,0.0525387174340245,0.95384736005398,2.05104729137684,1.65143168431247,-19.1349595051439,39.0204237840386,-15.0861510486828,0.73854785,0
0.239147771204882,-1.05906511484227,0.0689388053285516,0.762497765002542,2.44125152921723,1.50057017382565,-19.8367830707935,37.4865858976152,-25.0336423160869,0.6815498,0
0.2470224318489,-1.03463950876983,0.0845940943851425,0.564129934294607,2.81611738819338,1.25023375066478,-18.7358237735746,34.1323931943343,-29.8666981645898,0.6142357,0
0.252261225221656,-1.00625659411503,0.0978783384685346,0.376771696558861,3.15744132013672,0.95156676901888,-16.3461476358232,29.7896043251731,-30.2154690279269,0.5821885,0
0.256250280121377,-0.974841399221156,0.107874019038152,0.213310220200629,3.45533736338845,0.649412078739611,-13.362059736085,25.3972303730118,-27.2898058079151,0.60900605,0
0.258653452940914,-0.940559232773774,0.114252116920851,0.0796896228397783,3.70930966711857,0.37651402066046,-10.3074119249957,21.6573404594696,-22.2513610450881,0.68988198,0
0.259492205470479,-0.903647626055566,0.117792805113315,-0.0233844964101785,3.92588307171327,0.154000410209579,-7.3937877366345,18.8629069295236,-16.2446136497133,0.8033528,0
0.260589818427915,-0.864314402401887,0.118469386361174,-0.0973223737765235,4.1145121410085,-0.00844572628755454,-4.65271997296771,16.8900332178889,-10.5889072151238,0.91814954,0
0.257609008472079,-0.822773009122534,0.118919771018112,-0.143849573506201,4.28341247318739,-0.114334798438793,-2.07745219791964,15.3029337588526,-6.71370651385513,1.00346217,0
0.256075275084615,-0.779967232312394,0.117698713366143,-0.164624095485397,4.43644181077592,-0.181471863577344,0.256305650098326,13.5360761261553,-5.66022958774723,1.04595027,0
0.255517483563641,-0.735673571390641,0.11615849503331,-0.162061038984414,4.57180257203747,-0.238074159454816,2.27010233748003,11.1054016230225,-7.4561568048644,1.05282806,0
0.253464489241901,-0.690303610948678,0.113748254153902,-0.139360015609613,4.6828565882677,-0.31263572750346,3.96466592805366,7.80198585484616,-10.76622397363,1.04097669,0
0.252829447353839,-0.643507790509795,0.110647355597151,-0.0997133563290768,4.76087644681616,-0.420297967239761,5.45802013403172,3.77077613384057,-13.1959523359748,1.0271679,0
0.251086604846963,-0.595825436535081,0.105899029065738,-0.0451331549887596,4.79858420815456,-0.552257490599508,6.89011445468308,-0.580275511286452,-12.2780932396196,1.03061722,0
0.249915007033468,-0.547673309040767,0.10045038376144,0.0237679895580712,4.7927814530417,-0.675038422995704,8.24473987326525,-4.8062705929836,-6.77271174055293,1.05178396,0
0.250959801789883,-0.49958900643745,0.0934011408079036,0.106215388290724,4.74471874711187,-0.742765540401233,9.2346448256995,-8.64375821880098,2.3603855300286,1.0790824,0
0.252692311773055,-0.452255639424252,0.0869687080330628,0.198561836547719,4.65828116492385,-0.719161685100948,9.33254532625423,-12.0684054029076,11.990444368608,1.10170408,0
0.254309778204048,-0.405737829863926,0.0800068957776083,0.291887289810261,4.53759711089478,-0.599257241414868,8.0339104709605,-15.139717382743,18.0675301905291,1.10986673,0
0.256610879631072,-0.360668922486369,0.0742483238059212,0.372226394519866,4.38619993706735,-0.418581939509577,5.14751425842008,-17.7766468722626,17.7201306147965,1.08801091,0
0.260473189418645,-0.31680863240294,0.0694669478943246,0.423701537104067,4.20843346834472,-0.241380633361612,1.00449718494669,-19.7160370773605,11.1139317863482,1.03427292,0
0.264760870851514,-0.274624437501671,0.0660037270133748,0.433746508953534,4.01127309757112,-0.130241315498131,-3.53710002698456,-20.8148004377973,1.89956063371354,0.94369345,0
0.269234881540931,-0.234472654428806,0.0640071164257856,0.398375508683688,3.80312509319314,-0.111245709160995,-7.37042049264558,-21.5564421300187,-4.36344433759834,0.8287091,0
0.273415934701143,-0.19656593846373,0.0633482141415191,0.324671303757232,3.58756067189296,-0.154880152536979,-9.51805526241416,-23.3700001349236,-3.24183360949575,0.70367438,0
0.276782401509679,-0.160520196394222,0.0628279456286665,0.229490751133091,3.35386067054372,-0.187298488631936,-9.48720864717205,-28.2936332641529,5.65098635481602,0.57347641,0
0.27885859020998,-0.12668343448129,0.0624331331277765,0.13461866466137,3.07092433790219,-0.130788625083776,-7.44252519705349,-37.8767887788418,17.6862719687692,0.44190657,0
0.27993078471579,-0.0957265218592178,0.0617336748022144,0.0601934126908353,2.69215645011377,0.0460740946039162,-4.13481842641068,-51.7591618463794,25.1765087134704,0.3218743,0
0.280434735796399,-0.0690608214710915,0.0614187516062418,0.0188452284267284,2.17456483164998,0.29783918173862,-0.61847058057199,-66.801692706515,21.5213531238159,0.23939547,0
0.280742111490555,-0.0481570510681331,0.0624136903344422,0.0126605226210085,1.50654790458483,0.513052712976779,2.10600665296034,-77.5624062460052,5.33647161151125,0.22186145,0
0.281230523730301,-0.0339434676782073,0.0652379011467422,0.0337205891506119,0.730923842124778,0.566417429091892,3.38851336498319,-78.2831172070202,-17.9361184547615,0.23367168,0
0.281817326637701,-0.0264849650863641,0.0701775323448024,0.0676057228004439,-0.0519073299454238,0.387056244544277,3.10506870436003,-65.6368906572228,-38.1977999155364,0.13599603,0
0.282338522269452,-0.0256542138442219,0.076762935025533,0.0986564098440441,-0.708276236517651,0.00507824538891333,1.60692970534335,-40.8590708355752,-45.685061581198,-0.19902067,0
0.282756456019608,-0.0305557441556452,0.0822339043126936,0.114725706897478,-1.1168669448734,-0.451772370423066,-0.416131945806311,-9.97708784720472,-36.1607200570548,-0.65639197,0
0.283418338279039,-0.0410813754521406,0.0804923913976417,0.110564387439415,-1.21663782334545,-0.813379570993614,-2.2071932802243,18.2573294099501,-13.3242865650772,-0.82128764,0
0.285505223578727,-0.0558896733269653,0.0670805229052243,0.0884924546371715,-1.03406452924595,-0.946622436644386,-3.21787398940187,35.9134952300132,12.9530112715067,-0.3031403,0
0.286819494030057,-0.0736506049112479,0.044662914646544,0.0563137147431529,-0.674929576945818,-0.817092323929319,-3.21699026405356,39.186142553193,31.6214533280042,0.81262597,0
