-0.18639227550018,-0.0534326501186877,0.279464586677697,-0.298325357651441,-0.171900906648126,0.372925173555491,7.37344281487634,-14.8485388737597,5.3325567058955,0.7014852,0
-0.191816671025317,-0.0549324609377442,0.284680559521417,-0.351201526071357,-0.355393319055169,0.547996551805588,9.15766666632852,-21.1384692897725,6.49871156723022,0.7064104,0
-0.196204071495933,-0.0586838285223483,0.29096512328964,-0.344837695894401,-0.590338818588849,0.694922353362675,9.67953455067978,-25.8614428534815,6.67902733956846,0.7077342,0
-0.199226449260432,-0.0648578883397774,0.29804505471648,-0.282761132493177,-0.858552769279654,0.795097401852747,9.42505969250829,-28.4531811837935,5.68920304836823,0.70354229,0
-0.201512818886839,-0.0735501666233163,0.305821171103871,-0.181868103015387,-1.14124799081711,0.845602223356073,9.53556068728084,-29.2185245298353,3.4871124129605,0.6945438,0
-0.202896714885355,-0.0846994649735402,0.313599907754067,-0.0594599318074855,-1.425953374353,0.854460229476319,11.2365360951166,-29.0934586090488,0.0602866362975895,0.68454725,0
-0.203424682220071,-0.0990473053727148,0.321921231314926,0.078428777090956,-1.70983091727389,0.830520436817313,15.1036047134638,-29.0982379280433,-4.62078966268794,0.67825244,0
-0.202973392609915,-0.115914196934585,0.330444380910762,0.239988677946468,-1.99790351801852,0.774193046697567,20.5834105550507,-29.7642750188839,-10.4942471188614,0.68455227,0
-0.200740315041422,-0.135921692944623,0.338503251108951,0.440020744990209,-2.29715049490593,0.674829681079198,26.0677182137167,-30.8410257254008,-17.2124462583524,0.71241592,0
-0.196399254109644,-0.159015826600626,0.345433955837549,0.686466764768656,-2.60949557792521,0.516389573932821,29.5508341266649,-31.4304865793775,-24.0009059493554,0.7551794,0
-0.18834751777024,-0.185475955651734,0.350286051094173,0.969671526887146,-2.92720230500178,0.288211350597871,29.601681606187,-30.4987610205556,-29.7791390341286,0.79091757,0
-0.18019165683299,-0.214378019016138,0.353103433131241,1.26181974520942,-3.23325955784633,-0.00586008594220117,26.1182310747397,-27.4875574514507,-33.5683684529562,0.80699429,0
-0.16872383484708,-0.246374320237267,0.353104513490048,1.52760378039737,-3.50686278485773,-0.345968681893688,20.4357950604109,-22.693622277274,-35.0050449954269,0.81241283,0
-0.151224109064118,-0.281771021830915,0.349615719521299,1.7402261652844,-3.73151394418082,-0.703966020047514,14.7236145998596,-17.2105213671274,-34.6123588945892,0.81633702,0
-0.134125191337092,-0.318940369871877,0.342605051311291,1.89370517497672,-3.9018930457966,-1.05609260183244,10.9315381748196,-12.4408859522308,-33.5631595415927,0.81490424,0
-0.114654710099547,-0.358133185277893,0.332288298925279,2.00417270467642,-4.02598334374742,-1.39283207597866,9.86222426417229,-9.40841071113921,-32.9136218392181,0.80606907,0
-0.0943056261022902,-0.398599379292595,0.318647442187803,2.09951779729197,-4.1209735619715,-1.71881706296412,10.8463454747068,-8.21716047031908,-32.6903984619839,0.80641295,0
-0.0765518144141581,-0.439149471284441,0.300846643967279,2.20332819812792,-4.20443170644953,-2.04124677893443,12.167425772453,-7.93808910738811,-31.3904342607757,0.82674164,0
-0.051633461925839,-0.481889534528381,0.280249007805779,2.32201460309036,-4.28463871978489,-2.35227807167038,12.00501622866,-6.99517184325925,-26.3686220279453,0.86103534,0
-0.0299787742587184,-0.524313177432917,0.256367211945273,2.44199251871683,-4.35461041395892,-2.61589482123821,9.35315320313612,-3.8773620004618,-15.1024270576061,0.87879125,0
-0.0045031297626571,-0.567779211077356,0.230368220175558,2.53757777303889,-4.39281619282868,-2.76889390350475,4.44519837558346,2.15535405692084,3.19546609385205,0.86254462,0
0.0206390365930879,-0.611572012071137,0.203674270411758,2.58441218850065,-4.37060392506459,-2.73923013360148,-1.49637607008498,10.7069514876285,26.4754713070048,0.85198798,0
0.0466282639437691,-0.655477888583832,0.177295932550853,2.57070375435644,-4.26318732038956,-2.47568251341377,-6.97566158827582,20.3823165465603,49.9708652336675,0.93968237,0
0.0725500728906372,-0.698357183898054,0.15203385212712,2.50072056734207,-4.059426800399,-1.97575599553536,-10.959226009491,29.3511347964811,67.6834141163922,1.17566257,0
0.0975546511017231,-0.73896150868028,0.130385177119272,2.39003848337634,-3.76621678179425,-1.29787390503067,-13.2213266204376,36.064374111074,74.651799581312,1.46032739,0
0.120005745945564,-0.776164128979971,0.115983530313654,2.256786147031,-3.40586033696048,-0.550356763485487,-14.1926880083201,39.8039683653291,68.9803231252784,1.59576921,0
0.143593898711535,-0.810413532979299,0.112308913757439,2.11443687589076,-3.00793744174459,0.139852629204599,-14.4451330246638,40.8302276183596,52.6525990164942,1.46332504,0
0.164485266979362,-0.840408282934793,0.115563346485026,1.97017916138284,-2.59958163204222,0.666192442968757,-14.2873358847837,40.1254324617905,30.7551284903805,1.15227493,0
0.184877976179404,-0.866465818807206,0.122622469049327,1.82775471119676,-2.19820318703808,0.973312067722017,-13.6068369127104,38.885439626329,9.46922944629067,0.85954978,0
0.202837167567402,-0.888408988281197,0.130767067725979,1.69202743841559,-1.80925447980731,1.06767637185508,-12.16488777376,38.0251273185361,-6.20145209929171,0.69210002,0
0.21953804742508,-0.906392666289535,0.140334963209011,1.57047177188129,-1.42897743431782,1.00557222113237,-9.98528187558765,37.9010887876924,-13.9983946746153,0.60996048,0
0.235276465466746,-0.920838060296453,0.150280118765711,1.4705403372962,-1.04998828321704,0.865663869543023,-7.61855676343714,38.330646492039,-14.6907703668248,0.53830962,0
0.250046609571457,-0.931466183958877,0.15980667734714,1.39424914578539,-0.666711022625849,0.718857731342969,-5.99231835690408,38.8230090517406,-11.16638714627,0.47404148,0
0.264019960258085,-0.938113716695787,0.167765033859174,1.33432596221635,-0.278480932108444,0.607193859880269,-5.97352706972495,38.8758989405012,-6.89525685957647,0.46826715,0
0.277288460424427,-0.940732088263029,0.173864632520192,1.2745906915191,0.110278057296568,0.538241291284504,-7.86331902480322,38.1843120364817,-4.52660130353748,0.53937413,0
0.289899017364926,-0.939437879324252,0.178683828145883,1.19595750127106,0.492121177661386,0.492975278249129,-11.1567011530558,36.7181666252064,-5.13440376039443,0.63497139,0
0.301793923164128,-0.934513298100332,0.183205481436957,1.08439048974051,0.85930284391345,0.441631240645185,-14.7084920503986,34.6572677599366,-8.22025610131849,0.68374118,0
0.312753000697171,-0.926110843083727,0.187697005807286,0.937305569236521,1.20587552151282,0.359428679632,-17.2521193198616,32.2796762595761,-12.2981356152279,0.66970596,0
0.322369910261587,-0.914276274713029,0.191585170029734,0.764784376037904,1.52867228410858,0.236447323479721,-17.9685662825916,29.8556593971397,-15.6657751066415,0.64084631,0
0.330442330148891,-0.899010413816586,0.194253695203828,0.585098713211988,1.82722887807997,0.0797895724133064,-16.820866279301,27.5917965897818,-17.0884563777303,0.64898911,0
0.335851361017024,-0.880571737722498,0.194728972793755,0.416890050418978,2.10314684397779,-0.0910949913639969,-14.4825555989732,25.5869689387659,-16.1884395893757,0.70068099,0
0.339076925300651,-0.859162095853154,0.193828889743341,0.272064494429246,2.35901653336545,-0.252979387257754,-11.954201523984,23.8238518231437,-13.5158309837218,0.77067489,0
0.342307153453106,-0.835807361326949,0.191165116228135,0.152522479189406,2.59725505159689,-0.388137697094972,-10.0479845949702,22.1626179670784,-10.3350834946039,0.83498565,0
0.344501709859679,-0.810218602216599,0.187255754981923,0.0520426332397035,2.81888123126767,-0.491488532041011,-9.08220788985232,20.3908854377785,-8.18053017179612,0.87529726,0
0.344778738815998,-0.781879251328995,0.182556440786563,-0.0387794456588197,3.02279008564546,-0.573293833758972,-8.81846875566959,18.310424398895,-8.3068890793653,0.88122811,0
0.344398211311436,-0.751451571230814,0.177147367855995,-0.126964133215516,3.2058943296344,-0.656362724552625,-8.70809358306807,15.859748080421,-11.1866231733503,0.8657261,0
0.342833401813042,-0.719466395087403,0.170243321984525,-0.214045069046196,3.36449181043862,-0.768228956286129,-8.25457055639784,13.1989784511044,-16.2346076199247,0.85343662,0
0.34080379019089,-0.685890852240294,0.162214571456836,-0.296590774610175,3.49648159494966,-0.930575032485375,-7.21805491808498,10.6728529224585,-21.8993581034223,0.84612114,0
0.338021699409428,-0.650944415573998,0.152742417929784,-0.368771323791025,3.60321012417424,-1.1495686135196,-5.70732445830768,8.66928181755416,-26.1379412716182,0.82276738,0
0.334018938788157,-0.614937845674221,0.14174346119413,-0.425844568374101,3.68990294234978,-1.41094802623578,-4.08107338524085,7.41495307750166,-27.1331164430686,0.77666524,0
0.329865557997768,-0.578058056657343,0.127984321224318,-0.46665530222651,3.7640524731248,-1.68227919066647,-2.69374269974824,6.8150662480651,-23.9317570276933,0.73282869,0
0.325302895577924,-0.540415292594634,0.111338975125444,-0.493592729223992,3.83220313560545,-1.9215967609434,-1.84180904158054,6.47022255824637,-16.7419320257598,0.73235859,0
0.320487749639697,-0.502140877294999,0.0918316402135454,-0.512010819639798,3.89690536118792,-2.089016081201,-1.57366360761438,5.79355005143437,-6.70355826727875,0.79733501,0
0.315368042699799,-0.463144284893462,0.0703782441615842,-0.527747455715942,3.95484086170226,-2.15605166387378,-1.746618955069,4.23399027611076,4.65340803071348,0.90765473,0
0.309954134160005,-0.423603803565641,0.0484447424153856,-0.545213645266632,3.99718076446337,-2.10951758356665,-2.08971447029987,1.45223400872464,15.9380006926729,1.01211654,0
0.304391202078294,-0.383675286152283,0.0276010226833359,-0.56611078996963,4.01170310455061,-1.95013757663992,-2.21976216906694,-2.61231700764418,26.0692784870709,1.06587777,0
0.298787360002514,-0.343583149706605,0.00862295014045828,-0.588308411660299,3.98557993447417,-1.68944479176921,-1.84493473220817,-7.71776457752649,34.0374392422987,1.06263758,0
0.292717359682149,-0.303587425946939,-0.00773826525736971,-0.606757758982381,3.90840228869891,-1.34907039934622,-0.808149269375964,-13.3767234157613,38.5413663159537,1.03707179,0
0.287338305716583,-0.264606542206801,-0.0212863661226832,-0.614839251676141,3.77463505454129,-0.963656736186687,0.776044092217166,-18.8962002480241,38.0425909285313,1.00453052,0
0.280241177037024,-0.226794357113738,-0.0312582953791748,-0.607078810753969,3.58567305206105,-0.583230826901374,2.48024162045776,-23.4931035647058,31.4988741261679,0.95601067,0
0.275375385483628,-0.191127821683613,-0.0377082428821252,-0.582276394549391,3.35074201641399,-0.268242085639694,3.72977034314476,-26.5639429094754,19.5953452209201,0.85492322,0
0.268851628006611,-0.157841822501692,-0.0401255982471635,-0.544978691117944,3.08510258731924,-0.0722886334304935,4.06688481743863,-28.0576190262762,5.57839880619822,0.68743356,0
0.263356322371959,-0.127028262672265,-0.0406096368663373,-0.504309842943557,2.80452639705648,-0.0165046453685113,3.47946166443287,-28.7707326635833,-5.22460608391288,0.50411118,0
0.257856269267209,-0.0986081115924076,-0.0410613579218836,-0.469515226299229,2.51681907042065,-0.0687507062076401,2.53652203326665,-30.2662073965642,-7.58248946878348,0.37592612,0
0.253970430346924,-0.073138828123338,-0.0424418358675923,-0.444150005966562,2.214156996455,-0.144575600895475,2.21617753582783,-34.2268717364486,0.552179880112991,0.3216007,0
0.249390363154714,-0.0508818042930081,-0.043471486751154,-0.421988230608284,1.87188827909052,-0.139053802094345,3.38531752164013,-41.3893032356748,15.727026833699,0.29999271,0
0.244712151386274,-0.0322907174965228,-0.0438771045854431,-0.388135055391883,1.45799524673377,0.0182164662426454,6.21829594989881,-50.5962081868599,29.2694538370906,0.26639485,0
0.240973681086711,-0.0183327026689665,-0.0424867890914055,-0.325952095892894,0.952033164865172,0.310911004613552,9.85409576164994,-58.6383496008337,30.8075047715797,0.21967482,0
0.238414729951985,-0.00944010509319454,-0.0392228507771131,-0.227411138276395,0.365649668856835,0.618986052329349,12.6386400872058,-61.30752225126,13.8151489279328,0.18090902,0
0.235851972079628,-0.0057420512085865,-0.0350180630589358,-0.101024737404337,-0.247425553655765,0.757137541608677,12.8930364203568,-55.4066170663576,-19.6328318682134,0.13418675,0
0.23465085882862,-0.0074554566432326,-0.0297364202822475,0.0279056267992305,-0.801491724319341,0.560809222926542,9.88475599123284,-40.7856553926119,-57.8676544877151,0.01886361,0
0.234638510973228,-0.0144595456600924,-0.0248602927144882,0.126753186711559,-1.20934827824546,-0.017867321950608,4.45438152681692,-21.2063251921388,-83.7314632895832,-0.18362983,0
0.235740762317685,-0.0261315057186392,-0.0229643630155965,0.171297001979728,-1.42141153016685,-0.85518195484644,-1.22848045925204,-3.26634657915832,-82.3742239369203,-0.35667913,0
0.237323288129718,-0.0408706529503681,-0.0282569411527132,0.159012197387208,-1.45407499595843,-1.67892419421564,-4.64887154611453,6.38159827831433,-48.9732619164783,-0.28922658,0
0.239726504407952,-0.0569535897361326,-0.0432636911665372,0.112523481926062,-1.39025901317529,-2.16865681338043,-4.3451473390957,4.26320437447678,7.72962746701733,-0.77403596,3.45214687537
0.241182834362953,-0.0718827703366808,-0.0660654411575936,0.0690720085351054,-1.34762696943052,-2.09136053871025,-0.86544476079141,-7.91107867592908,68.3879342263679,-0.60976523,7.36449305962125
0.241640411696271,-0.0849615179576797,-0.0905577976963433,0.0604175609271913,-1.42673775618981,-1.40748119644657,3.32259203081433,-23.6678219264786,111.316797937992,-0.68047886,10.6901760041313
0.241961459078056,-0.0976372858095539,-0.108310044696801,0.0936434812353345,-1.6634159754546,-0.294313217066657,5.04347889664906,-34.5834175391387,122.078580376233,-0.85721839,13.3154955279234
0.24268080874657,-0.112724986113947,-0.111460602059561,0.144078270201825,-2.00925015084599,0.926472586695676,2.14386670482227,-34.146653716619,99.5573040203477,-2.43786561,16.2348358127855
0.243530430837651,-0.132646802863807,-0.098124639332576,0.165516937250048,-2.35071668801217,1.92204562689915,-5.16343228321819,-20.7463487190092,55.5840857722826,-6.36524268,19.0556397844869
0.2453839001665,-0.157734826313629,-0.0741909000300696,0.113882614417866,-2.55818017520227,2.47788648462198,-14.1715380391951,1.71074629791307,8.57033487181981,-9.75470782,21.0330066347932
0.247017285920134,-0.185144933189675,-0.0487027382071459,-0.0278327659740848,-2.54107271222314,2.56358983334018,-20.9135304431857,25.7938220794176,-25.2621068176355,-11.66596837,20.8255252533253
0.247293077088947,-0.210785990218397,-0.0265939898706167,-0.236968070405942,-2.28313449142896,2.31096876516382,-22.1631671365203,44.0326751620493,-38.5153848043079,-12.18100081,18.435570242331
0.244906343351102,-0.232451953410617,-0.00756160791740475,-0.458599741771145,-1.84280773980847,1.92581491712074,-17.1344319411914,52.0665038412017,-34.0698537909439,-12.80269806,16.168447885403
0.240078526671571,-0.24945663557534,0.010770158556951,-0.629944061183059,-1.32214270139645,1.5851163792113,-8.01874235380105,49.9838682648478,-21.3923328929374,-14.34754453,15.1880378808376
0.233845847178687,-0.262239317235736,0.0282555979473209,-0.710131484721069,-0.822304018747971,1.37119305028193,1.0634080158712,41.4057200765891,-10.3843558854174,-16.82970919,15.0382649908529
0.225081146806903,-0.270887440434529,0.0446079287465916,-0.699497404562358,-0.40824681798208,1.26734949142775,5.99696013106904,31.1506151070069,-6.38937997220309,-19.77507497,15.0952475333428
0.219857921596542,-0.276178654422302,0.058963152063035,-0.639527803251667,-0.0967406669120108,1.20345569170572,4.63726357567257,22.847399535166,-8.75291962494708,-22.59274407,15.0622595984115
0.211254622118132,-0.276922210934877,0.0708175290480784,-0.593155167494941,0.131733328439649,1.11592649545625,-2.32741750959671,17.7382759904471,-12.9756767866815,-25.1546015,15.0276160913689
0.208138166045495,-0.27627425657741,0.0801475160827768,-0.616429342590909,0.30911608834412,0.986169727589439,-11.861121326666,14.9771401240437,-14.4974269550504,-27.77995568,15.1017887692207
0.201899543881041,-0.272665505780106,0.0886033409989799,-0.735040555857569,0.458887489584558,0.841195458038935,-20.1263432938679,12.9147286413859,-11.6057136412359,-30.60952764,15.2074677339976
0.194059605340761,-0.267545038225719,0.0966718164421746,-0.936303988796248,0.588034775998417,0.725138321626576,-24.208412954834,10.4041125088926,-5.9597329692442,-33.38834103,15.270185898475
0.18371378170353,-0.261397948457623,0.104545493244093,-1.17838811834459,0.692075901087343,0.665540991934134,-23.1204553624222,7.36547656503352,-0.917875903576116,-35.88931235,15.2031148541885
0.17178803384205,-0.254654693836018,0.112138010244419,-1.40959267196881,0.765730666737678,0.656362232898373,-17.8598497578903,4.49898099602847,0.874253239988887,-38.07845207,14.9556189343958
0.157818346776055,-0.247184062427604,0.119194040783417,-1.58819116954771,0.810720476697964,0.665104765298262,-10.5312033258321,2.52467504076557,-0.99310856356081,-39.92129957,14.6412401584584
0.142461127143515,-0.239194612176815,0.125794482791779,-1.69350320280603,0.835967227105619,0.655173679662654,-3.21325431425177,1.56397835333457,-4.77661639118192,-41.30326211,14.3033136246143
0.126100328704845,-0.230911884303435,0.131951636826475,-1.72563574594855,0.851607010638965,0.607407515750835,2.71591790854957,1.09996424170113,-7.97121201293745,-42.6504357,13.7139861403162
0.108242919857368,-0.222314178605278,0.13753579385722,-1.69847656686306,0.862606653055976,0.52769539562146,6.74843003929013,0.392406582330176,-8.8461168882345,-44.10470556,12.8079465085422
0.0913461547164216,-0.213859545748954,0.142961738711134,-1.63099226647015,0.866530718879278,0.439234226739115,8.91984332378582,-0.964576435581505,-7.25535383203738,-45.80068243,11.5797339147132
0.0747364691848249,-0.205094810296051,0.147501281103442,-1.5417938332323,0.856884954523463,0.366680688418741,9.36903889467804,-2.77054199238726,-4.32418413734265,-47.5435928,10.1072147637167
0.0597265964279033,-0.196357821738531,0.151062289291723,-1.44810344428552,0.82917953459959,0.323438847045315,8.24900079266396,-4.41082917586271,-1.50202930152012,-48.93273495,8.80409746787188
0.0449674405670966,-0.187909967391956,0.154159257366997,-1.36561343635887,0.785071242840963,0.308418554030114,5.76356142743696,-5.28657036401751,0.326174477087814,-49.97367548,7.56973614767897
0.0312450399525718,-0.180061757387285,0.157406357268265,-1.30797782208451,0.732205539200788,0.311680298800992,2.46525281574005,-5.24828360291659,1.16597101982309,-50.85749588,6.25570844245095
0.0185445936686732,-0.172926943907582,0.160708900520283,-1.28332529392711,0.679722703171622,0.323340008999222,-0.700723964841907,-4.693453132868,1.59724412326311,-51.80435451,4.62523001207003
0.00471353077478134,-0.166245897532908,0.163947600151861,-1.29033253357552,0.632788171842942,0.339312450231854,-2.64986410845639,-4.29985487545909,2.18522487331092,-52.8848361,2.78476303783961
-0.00687833856785237,-0.160057251475322,0.167472375828469,-1.31683117466009,0.589789623088351,0.361164698964963,-2.61855967052954,-4.57719177521098,3.04796487372883,-54.06494505,0.895950037512759
-0.0203281939769064,-0.154026599952008,0.170627777701633,-1.34301677136538,0.544017705336241,0.391644347702251,-0.611930325290931,-5.50896627283401,3.80591011369844,-55.21163293,0.762578341029322
-0.0339713018400522,-0.148403229387228,0.174818427554738,-1.34913607461829,0.488928042607901,0.429703448839236,2.48246974262932,-6.50696347972552,3.8661357962749,-56.10614,2.113117024557
-0.0476787636579105,-0.143457208887842,0.178925174892843,-1.324311377192,0.423858407810646,0.468364806801984,5.20606298128296,-6.71927058857186,2.83139664718597,-56.89033982,3.25075921536711
-0.0608348248269166,-0.139428362750104,0.183559461261865,-1.27225074737917,0.356665701924927,0.496678773273844,6.14923004852774,-5.4608080793595,0.757501225672486,-57.72331609,4.29121442129453
-0.0734188611403657,-0.135978285594685,0.188617199588539,-1.21075844689389,0.302057621131332,0.504253785530569,4.5674549194224,-2.77909590127307,-1.84179013066018,-58.91722389,5.35778646405727
-0.0855387808953878,-0.132835539103927,0.19387277412752,-1.16508389769967,0.274266662118602,0.485835884223967,0.769489356640685,0.65089335594131,-4.18892599222251,-60.43870554,6.42756747825902
-0.097315909433205,-0.129856136232533,0.198646862242292,-1.15738900413326,0.280775595678015,0.443946624301742,-3.98421681716991,3.74777991619619,-5.57005058041038,-62.06975998,7.25636989573118
-0.108945948777514,-0.127070843470026,0.202937789289438,-1.19723117230496,0.318253394839977,0.388246118497638,-8.00215757997451,5.5617015492763,-5.62004594875442,-63.43080672,7.81403467235101
-0.120639723880914,-0.124209569020264,0.206841644196394,-1.27725274810471,0.37387041033274,0.332045659010094,-9.86516643967517,5.72356316821323,-4.47122779633514,-64.48389421,8.32222552127696
-0.132804907353824,-0.12076635607026,0.210310013449571,-1.37590441250146,0.431106042014872,0.287333381046743,-9.0166947116983,4.58353054399732,-2.71779600834052,-65.39161123,8.92179533664696
-0.148040282933288,-0.115945469220524,0.21309032783492,-1.46607135961844,0.476941347454845,0.260155420963338,-5.96570015192611,2.98802846879545,-1.18704385136796,-66.21738205,9.47319245014091
-0.161754393582932,-0.111218145806796,0.215664874010111,-1.5257283611377,0.5068216321428,0.248284982449658,-2.02257704392976,1.82877387231616,-0.594451319290044,-67.17161451,10.088625359424
-0.177551114871859,-0.10586489286903,0.218182843068671,-1.545954131577,0.525109370865961,0.242340469256758,1.29486289149073,1.6261063869582,-1.20635627549383,-68.33481691,10.7987459819075
-0.191946077066443,-0.101067887359448,0.220646866094446,-1.53300550266209,0.541370434735543,0.230276906501819,2.96662960542705,2.34349986650753,-2.69942743022329,-69.18058829,11.3038430063347
-0.208244818229162,-0.0954796797685753,0.222953727108002,-1.50333920660782,0.564805433400619,0.203282632199586,2.81468231141469,3.50159345481481,-4.29352984819417,-69.6824786,11.6196298827169
-0.223214818415723,-0.0900138321501047,0.224822078510317,-1.47519238349368,0.599821367948767,0.160347333717645,1.57201329404927,4.42122678838632,-5.12097905401378,-70.08877067,11.9855587995846
-0.238038646230232,-0.0840832841605723,0.226460757323973,-1.45947225055318,0.64403363583263,0.109137543177507,0.353252459497655,4.50422653987398,-4.65427487472357,-70.7335581,12.555450317808
-0.251948267266421,-0.0777196918838192,0.227666761511144,-1.45593972595821,0.68907590123137,0.0625947944302713,0.134368375325298,3.35928147407963,-2.99006309431279,-71.60145778,13.2757570383687
-0.266359432574181,-0.0706035221857195,0.228543326424421,-1.45459604220495,0.722668715972166,0.0326941634871434,1.26688880170161,0.881211832916774,-0.811208141347631,-72.37045378,13.8992351095886
-0.282213337307122,-0.06261436253225,0.228599919074482,-1.44192715418794,0.731480834301334,0.0245820820736671,3.39865547158597,-2.69062738773866,0.960196413579175,-72.82223557,14.3175611834617
-0.29650073398724,-0.0555508717578974,0.228649455707444,-1.40794059947208,0.704574560423947,0.0341840462094588,5.74210867389157,-6.7212014755412,1.64839582641179,-72.94023239,14.5005873654015
-0.307921296296731,-0.0496334264786585,0.229434207051821,-1.35051951273316,0.637362545668535,0.0506680044735767,7.52933644658257,-10.2570552743034,1.18777064771616,-73.21268771,14.8180181539347
-0.324367316370249,-0.0428194745031756,0.229312261595116,-1.27522614826734,0.534791992925502,0.0625457109507382,8.35644541047979,-12.3482554964801,0.150205306933785,-73.99502348,15.4067411604961
-0.336897567221205,-0.0376632879129828,0.230329546820927,-1.19166169416254,0.4113094379607,0.0640477640200761,8.25253994600377,-12.5820680212494,-0.594351979306478,-75.21422727,16.1836326209454
-0.348623756230408,-0.0331770806882201,0.230768344236961,-1.1091362947025,0.285488757748206,0.0581042442270113,7.51588006833818,-11.553992612323,-0.401934842544746,-76.71849927,16.9813720134069
-0.359290891841338,-0.0300094552271063,0.23185262689317,-1.03397749401912,0.169948831624977,0.0540848958015638,6.44877807683002,-10.8618349521168,0.726697963102264,-78.06309927,17.5325728073747
-0.366879253736313,-0.0286820504750227,0.232447282560473,-0.969489713250818,0.0613304821038086,0.0613518754325865,5.25506503110859,-12.4041874324832,2.1043841383448,-79.30816198,17.9625647205759
-0.380020198085069,-0.0269179240269844,0.232656333560421,-0.916939062939732,-0.0627113922210231,0.0823957168160345,4.10037699798036,-17.1672501768516,2.72959223982511,-80.76331189,18.5756387206509
-0.38950628283021,-0.0280335541928225,0.233353086974708,-0.875935292959929,-0.234383893989539,0.109691639214286,3.28356063933988,-24.1584290540779,1.87924881175332,-82.60017246,19.4852959823172
-0.397651061973907,-0.0315500690515477,0.234356831063518,-0.84309968656653,-0.475968184530319,0.128484127331819,3.27716407863089,-30.2520095038233,-0.418201456419576,-84.63682827,20.5803348149485
-0.405676231085971,-0.0371772460048935,0.23563614850405,-0.810328045780221,-0.778488279568552,0.124302112767623,4.53431753481945,-31.3261814471925,-3.31219656751067,-86.39019548,21.5357877404634
-0.413051011978925,-0.0449028640829045,0.23732933831357,-0.764984870432026,-1.09175009404048,0.0911801470925163,7.17032495403589,-24.3258842380642,-5.52590301774953,-87.59043903,22.3084145147112
-0.421178877485906,-0.0541318634000229,0.238204824264303,-0.693281620891668,-1.33500893642112,0.035921116915021,10.6442406160142,-9.20681188338738,-6.01742618760383,-88.28637444,23.0831936365
-0.427858726913779,-0.0654942420173057,0.238415155288724,-0.586839214731526,-1.42707705525499,-0.0242531449610173,13.8293892387469,10.3934437515765,-4.51781078870004,-88.64612057,23.9346779088567
-0.433971598803759,-0.0791012444287484,0.23874440851052,-0.448545322344057,-1.32314261773923,-0.0694312528480177,15.4089172155682,28.3463760279411,-1.68226345040994,-88.76199854,24.8372060827667
-0.439087705653009,-0.0945272668602644,0.237519020522143,-0.294456150188375,-1.03967885745982,-0.0862538873521171,14.50116291788,38.6462671328917,1.26602719766711,-88.6254966,25.6938862222421
-0.442794498052116,-0.112616521231319,0.235713781272778,-0.149444521009575,-0.6532161861309,-0.073593615375446,11.1439128491537,38.160953910753,3.15331730866568,-87.67450972,26.1689505904225
