-0.357804203280262,-0.169843520285435,0.304871124862025,0.394168904253697,-3.48208968112494,-0.0665096502077995,74.1802548323222,-56.3036631255198,-30.2626280999593,0.73606546,0
-0.35386934172648,-0.205021164033868,0.301601534124417,1.00261982025477,-4.22668738114337,-0.264202773877244,52.405346920022,-44.4816478896198,-13.7278691260155,0.769379,2.23999993664847e-16
-0.342364210186216,-0.245993478922507,0.295686582397081,1.53126189513708,-4.81838364882866,-0.622152499060176,34.4926936203653,-35.7589373163819,-9.21660842913465,0.80580432,3.42999990299297e-16
-0.328128618368955,-0.291877102504235,0.286920421533778,1.94099037727557,-5.21719868858145,-1.16081436373515,23.0677297041072,-31.4162137613652,-23.4013636049663,0.80486092,4.51999999762087e-15
-0.308097305072346,-0.34260674515333,0.27379644824307,2.23332697704357,-5.45561142892315,-1.87147826306315,18.8030266657209,-30.8366215370652,-53.5067698650625,0.77066897,1.23399999935048e-13
-0.287060885806512,-0.396689032301417,0.254434905919578,2.44517804178779,-5.6146990935778,-2.71909086004803,20.3080144989192,-31.7059261319731,-87.9518241725057,0.79584246,1.23999999934732e-13
-0.261839115158116,-0.454056609249201,0.227437589482915,2.63053871883566,-5.7814673517179,-3.63752736167109,24.6638871033379,-30.8258847882153,-110.688348619281,0.92798797,5.06730000065514e-12
-0.234205354635869,-0.514234772794611,0.192661585614339,2.83675638502437,-6.00586133420252,-4.52280830251785,28.4053216778354,-25.2345614522693,-107.518114475667,1.10581677,8.56883199958247e-11
-0.205523437853067,-0.576984579160001,0.151553325633999,3.08465398213783,-6.27500420466515,-5.23437865765715,28.6182635736572,-13.2419435101622,-71.925007424441,1.19450807,1.70323000011796e-11
-0.174769200019586,-0.642249538495202,0.104801814916035,3.35992625224034,-6.51442011203366,-5.61299554592781,23.801114900686,4.95916449700337,-8.17248783396462,1.14026232,5.43535248003746e-09
-0.141176397436972,-0.709267150309407,0.0529015478235692,3.61862048682448,-6.6148810635965,-5.51643430530185,14.2325439271259,27.2871002570069,69.5190434742444,1.1038454,5.54312969790967e-08
-0.104674148444575,-0.776249334208724,-0.0037977806018036,3.80409339097452,-6.4736164201087,-4.864518477063,1.76105010088865,50.3450750334524,141.413568729203,1.37836786,1.97690527798648e-09
-0.0650781719297252,-0.840374684299494,-0.0627357791541918,3.86865582797106,-6.03366036325434,-3.67767425354808,-10.8785050356088,70.3695078397598,188.682408878335,2.12355947,5.1826449426626e-06
-0.0254850314003773,-0.898882484673073,-0.11289787842965,3.79168251781755,-5.30663091539043,-2.09219632411959,-20.9726403130587,84.2474472660761,199.483596067273,3.02398036,3.24273699447872e-05
0.0122839201417846,-0.949947755184524,-0.139776654372446,3.58765224447154,-4.37119061348597,-0.341857951782382,-26.6582383072815,90.3001858942503,172.564906009389,3.22617753,3.13275967920209e-05
0.0477617975225412,-0.992964170895166,-0.135777942216908,3.30159890708063,-3.34881506981839,1.29276375187878,-27.4177568184877,88.623832723777,117.225184060052,1.72930275,0.00451344101794547
0.080472580688901,-1.0275977623545,-0.107361606252263,2.99416841279161,-2.36661074829815,2.55348800736957,-24.1127438071239,80.9243432985339,49.8186140867053,-0.379983,0.0167713639926456
0.110614570983416,-1.05334366288218,-0.0709559516346528,2.72210917487445,-1.52087424000134,3.2705915101397,-18.5865117001184,69.9349476283685,-11.7983618386404,0.01408464,0.00249832983952807
0.13771426354708,-1.0704007454161,-0.0382160185027249,2.52130709930406,-0.853766911972599,3.40406517688791,-13.0038293905774,58.6145074633197,-53.8387981773237,0.31205978,2.37836201241162e-07
0.164821826498473,-1.0805256250308,-0.0125597109615323,2.39808278023892,-0.349824933288007,3.04654557422699,-9.16503906742279,49.3688744754012,-70.2776606334192,0.36228126,2.82186652095934e-05
0.190584782558141,-1.08472662137024,0.00855155203688477,2.3311043839137,0.0485232884755872,2.38762113925843,-8.01879195036607,43.5093508298736,-63.5845450901752,0.45804717,2.58273472970702e-06
0.214508035049837,-1.08381278006387,0.0273556934440891,2.28229381523591,0.413805561946809,1.65243442035932,-9.50907472663791,41.0771687666121,-42.5632294268643,0.52620109,1.2019458384031e-08
0.236834201669281,-1.07828439241137,0.044015752494024,2.21203976300927,0.805380289586394,1.03570342111431,-12.7673839383977,41.0493029350439,-18.3890296699135,0.52399042,4.30353635079815e-08
0.258082577210136,-1.06841009460431,0.05744100085502,2.09292218548448,1.25017718603344,0.652554445878989,-16.5424918221092,41.8311194738335,-0.465536282072334,0.52029249,2.37307587301988e-09
0.278638224589558,-1.05439677692501,0.0683733348824675,1.91726507267185,1.73792931407411,0.520159204696429,-19.6903396118178,41.864823479511,6.4001481130657,0.56968631,7.04065379959229e-11
0.298319643004373,-1.03635226651279,0.0771900167444301,1.69656810530105,2.23076374109515,0.572330481567828,-21.5444663362205,40.158375082644,2.67471496714829,0.66128895,6.04015709949393e-11
0.316465094184815,-1.01453635719761,0.0847117463318877,1.45407527748199,2.68192198941411,0.697690778229496,-22.0494628877198,36.5729999976864,-7.28825374062006,0.7559107,1.84799999969343e-12
0.332014018862532,-0.988973248493145,0.0911664187901891,1.21417312987952,3.05568138072127,0.785085812035988,-21.638769992227,31.7887655654319,-17.8387500939912,0.82088288,1.99500000116481e-13
0.344116882212906,-0.959514953757585,0.0968233656500533,0.9931187204574,3.34094759626958,0.75972922298689,-20.9359442575708,26.973730020279,-24.6116568690566,0.84495909,7.93599999582284e-14
0.35456366686418,-0.926847326474975,0.102192395491593,0.794599924430122,3.55402928728009,0.599474466247696,-20.4188148575112,23.2813163581294,-26.057406277578,0.8515705,1.15799999939048e-15
0.363142846415926,-0.891421591329221,0.105633845833585,0.611359349068177,3.73045750598748,0.329621609707076,-20.1894222475705,21.3610353263996,-23.4544519134629,0.88512035,3.71999989479121e-16
0.369162724719898,-0.853010993398574,0.106866202398066,0.43154270772923,3.90972970071555,0.0028741613423021,-19.9401710798525,21.0670692711253,-19.6381462185261,0.95953895,1.71999995135508e-16
0.373495306318571,-0.812090705902273,0.106313418052183,0.246595374547494,4.1191711084472,-0.324668250569537,-19.1212248902924,21.4831417261911,-17.2077201399032,1.03240023,0
0.375621552458083,-0.769017568387205,0.104375277739864,0.0571045778576351,4.36305377003358,-0.611418838585225,-17.230596860637,21.2686393095487,-17.1170505511068,1.04978034,0
0.376540857517681,-0.724020733857511,0.100903484848826,-0.125950595253315,4.62088963201241,-0.836850811638409,-14.0978296111136,19.2068532805091,-18.2867514221169,1.0123293,0
0.375016647344747,-0.677351553636488,0.0952609629606971,-0.285020033275797,4.85531957752693,-0.997532062148777,-10.0359607308428,14.7470614794695,-18.3423815982812,0.98007569,0
0.372334979666853,-0.629121025777643,0.0865884573377211,-0.403184731500534,5.02651331332588,-1.0980188531091,-5.78996827275809,8.31553442370696,-15.0399143525985,1.01279402,0
0.368891549946956,-0.579528017284736,0.0750644594863742,-0.471638612181472,5.10766207307445,-1.14308580951967,-2.29416363994679,1.24105525096978,-7.62875941762508,1.11016198,0
0.364436944875361,-0.529065053789496,0.0621144944748923,-0.494249886071054,5.09573852930104,-1.1354261487922,-0.330077845450023,-4.71958533159636,2.54558491615386,1.21083188,0
0.360059693843411,-0.478465941173565,0.0489868950881301,-0.487210612849833,5.01332228632982,-1.07877927885336,-0.2201415352002,-8.10884773224866,12.5184256772444,1.25722628,0
0.35551731424387,-0.428065342655822,0.0372062463957447,-0.473789179637041,4.90039669103165,-0.982806120307281,-1.68170711969599,-8.47936497190942,19.0563800699069,1.23916351,0
0.350227108532806,-0.377766652691372,0.0272529521942095,-0.476177966380528,4.79859208881136,-0.864870537156483,-3.90519661700855,-6.79151501073452,20.2464816002369,1.18450711,0
0.345520947236258,-0.327443218495985,0.0180201227520476,-0.507591233389771,4.73319669609362,-0.745764422249955,-5.83134598182031,-5.28882597213381,16.5516565355273,1.12640231,1.50000004084383e-15
0.339177782991202,-0.277819639339499,0.0107188202206023,-0.567653265597351,4.69939724637571,-0.640297432481455,-6.52337279740333,-6.82539783534182,10.781408098142,1.06189603,9.34000025432091e-15
0.333539960925683,-0.229413375325468,0.00444463993969842,-0.642801300556011,4.65817817419461,-0.547437442670894,-5.48949359943331,-13.8344662544247,6.90933719477376,0.96100945,2.25999999881044e-14
0.327578562147226,-0.182988004161914,0.000423687926166659,-0.711435299850591,4.54432843281281,-0.446217671704938,-2.83078358909455,-27.2925213569297,8.20468296951854,0.81975657,8.30999998024939e-13
0.320964065875062,-0.138676151498834,-0.00237006497082379,-0.751703659489264,4.28496442219619,-0.301824457915184,0.84162864339816,-46.0769587469289,15.4917641169103,0.64137975,6.04329599681908e-12
0.314658392873135,-0.0973914272119449,-0.00395156540192117,-0.748840018859533,3.82319142298602,-0.0817185082612971,4.68140590911858,-67.008128260905,26.3521907181781,0.45405708,1.26909360025896e-11
0.307521697928499,-0.0599142292708695,-0.00457971097051026,-0.699258428896291,3.13931403840399,0.223696068961622,7.95581075810194,-85.6352835740361,35.7234974759937,0.26986404,7.9225349999594e-10
0.299972063493362,-0.0279990520005703,-0.00369379720109535,-0.610032390055883,2.26225921882319,0.584873058417798,10.3190069560058,-97.5507477390026,37.7697938992109,0.09945032,2.9056543199172e-09
0.292440573152063,-0.00363655389228844,-0.000252914614708947,-0.494336809765113,1.26668461196352,0.930204785723764,11.8914954130058,-99.8003010189553,28.3421964943575,-0.03367951,1.13975257299608e-09
0.28631791834256,0.0112476535876932,0.00648709840687539,-0.365112954125246,0.255818059529399,1.16085223263905,13.1108984785803,-91.8899424675809,7.04783577261596,-0.10287413,6.64114242508947e-07
0.282435819837395,0.0159162793097488,0.0158709415899014,-0.229916319565455,-0.665078619468929,1.1808080280507,14.4203734540396,-76.0058963172375,-21.9602566239018,-0.12674945,8.99117725219962e-07
0.280521793168555,0.0105088504793363,0.0278497483333072,-0.0893312261080329,-1.41629921051392,0.932825311144055,15.9373985459242,-56.3334012683748,-50.8976616397813,-0.20460972,9.38637749197418e-06
0.280720242340494,-0.00397947740545077,0.0413776152475364,0.0602879975396429,-1.9633104878555,0.427095976671558,17.2632405196765,-37.6853877295369,-70.7395333318618,-0.4236156,0.000508698937980725
0.281694888474548,-0.0255707876295753,0.0533650681775236,0.220988337434311,-2.32179858357765,-0.249240773264971,17.5403103711782,-23.9129912998145,-74.2720300927929,-0.63774406,0.000144632980329105
0.284975247370042,-0.0517064887706704,0.0555373918819525,0.387057884070705,-2.54639601881938,-0.947622616820693,15.7612837281346,-16.6629546208539,-58.7021157653192,-0.28445432,0.0167321942139627
0.289645097789633,-0.0796768383080929,0.0430791121261632,0.541660807845504,-2.70697882865293,-1.49567579973123,11.2197974730051,-14.9311924779986,-26.8545210053419,1.5405065,0.362277322650907
0.293352762853366,-0.105877405658036,0.0188788701225894,0.658394777745278,-2.86084367277897,-1.74570497429747,3.91982242216895,-15.5748815914292,13.5118943355095,4.53319337,0.680098786781665
0.295675285404432,-0.130271757770496,-0.00661647844259525,0.707908802680764,-3.03062693000094,-1.61835930154322,-5.24133746421208,-14.5930157916887,52.0544077320475,8.41993925,0.129345792450161
0.30299029679902,-0.157001553106474,-0.0240754781891926,0.66750607434366,-3.1958556033315,-1.12687165511225,-14.6217399910767,-8.70081022943481,79.048046207927,13.34955352,1.14259661663763
0.309912787310026,-0.187805878747894,-0.0300565415923313,0.530169192465767,-3.30115319664914,-0.37366301321097,-22.2940918741605,3.38466717757236,88.32916841237,17.18059927,3.39620107705459
0.317180968553723,-0.22339607783986,-0.0259013488011128,0.309308598650118,-3.27808399097778,0.479533940917299,-26.6638612580885,20.4185542730644,78.9883492125563,18.46778699,6.40109447123599
0.324106971539848,-0.260481929678473,-0.0170539161575923,0.036920433656008,-3.07262145704212,1.25798935396132,-27.0211920252897,39.0451964322555,55.2925684990846,18.50283497,9.00243905447531
0.325511988465774,-0.293277171945331,-0.00592890441297576,-0.244772450249061,-2.66813281390974,1.82148722482489,-23.812435681865,54.9871615488392,24.959011574337,18.18036801,11.317720856003
0.320655840031028,-0.31885331773571,0.00839478254921336,-0.495616059086218,-2.09539947381746,2.09806272764578,-18.5146919765876,64.5511532548544,-3.5302409548195,17.63106677,14.4495424445415
0.310838771221072,-0.337110198938646,0.0267657587178798,-0.689546601748303,-1.42596423299946,2.0944265016144,-13.1444814955344,65.8889131447879,-23.5947056866908,16.85444779,18.6267735168645
0.302308375890847,-0.349696911365438,0.0467605607737349,-0.822044961248548,-0.751241714244681,1.8819440714664,-9.57026222647655,59.5588279528715,-32.3059745005895,15.65958381,22.1639616815985
0.294323408169175,-0.356676831411882,0.0659076859079607,-0.910261173838521,-0.155050307073534,1.56524597011906,-8.87691130577665,48.2106484714717,-30.720644304002,14.15623795,24.6820758352672
0.287166572823103,-0.358771173805331,0.0823351185740106,-0.985663054599017,0.310446680306647,1.24564743321964,-11.0117851272667,35.5497672416213,-22.838743687863,12.76002959,26.4500673059632
0.279748746525741,-0.35681159439208,0.0956377373092347,-1.08176573163569,0.636829137789984,0.991970467613332,-14.8389542289245,25.0001625769685,-13.7124378487616,11.20123943,27.5256547048744
0.269687443496111,-0.351342085247372,0.107031815294524,-1.22130096305986,0.855602999857379,0.82734061399045,-18.5757054257739,18.5768461367095,-7.47724291039961,9.40486458,28.1770247053489
0.256196063213493,-0.343160534285264,0.117021464878911,-1.40738901289905,1.0205824417449,0.733929333379668,-20.4473629369447,16.3718157305399,-6.02010052959717,7.74217863,28.2048676684555
0.241973458391197,-0.333224642238101,0.125389813543938,-1.62183557197868,1.18371382414361,0.671069314882098,-19.3199616472636,16.8006070692558,-8.68474762539305,6.05323474,27.7399720823386
0.22263393583968,-0.320176504026991,0.132009719464119,-1.83110544440224,1.37385179886123,0.598052013594519,-15.0884624436577,17.4573405071472,-12.9857135669385,4.27402942,26.9621134611833
0.202976374330409,-0.305201887793624,0.136681181171676,-1.99780703597985,1.58656119572571,0.492460571420919,-8.6935212293603,16.2013286892244,-15.9295320240935,2.63817067,25.9750019345309
0.182576929904784,-0.288394530808803,0.139979575252462,-2.09360235636137,1.78846556443931,0.357844685642009,-1.78061956820043,12.0340068826715,-15.3595750454817,1.09257042,25.0687419188391
0.16189272035093,-0.270481924876534,0.142498443155587,-2.10904414408607,1.93381567906351,0.219411807597596,3.86094120020334,5.43630690629102,-10.7993454591071,-0.4606278,24.5352440529195
0.142023445516471,-0.252253089543881,0.144873861225759,-2.05700035835886,1.98611036531598,0.111140443225697,6.87296398702384,-1.92769411878158,-3.52092248522775,-2.00216439,24.4260322279427
0.122273378589786,-0.233531934702884,0.146612444431129,-1.96862735560706,1.93568488907137,0.0605570476794265,6.723084304728,-7.97621240157652,4.10438326170759,-3.51814287,24.6967104785317
0.102838637855597,-0.214823815900604,0.148167017224395,-1.88343087958418,1.80593441716814,0.0775138168628062,3.80420405155814,-11.1014108516344,9.64240984155756,-5.10509,25.4536816129
0.0828633670812691,-0.196642896139103,0.150006785893149,-1.83690982796509,1.64555614003096,0.150964674410074,-0.765397888466773,-10.8142735880032,11.5707275831612,-6.81032709,26.7439227458312
0.0638581155731477,-0.179334796512436,0.151921688368207,-1.84996812779238,1.50997657075351,0.254152094635853,-5.54380301413358,-7.8923404253935,9.81055468653183,-8.59391965,28.4830589973934
0.0437384016989908,-0.163074089041176,0.154652080751895,-1.92351099506366,1.43963985005569,0.355313858969725,-9.2177167073548,-3.997929663934,5.64480288042925,-10.41874661,30.5418634427126
0.0231663670741565,-0.147308071933516,0.157888256637375,-2.039759730809,1.44421847138587,0.429228383199409,-10.9567632421527,-0.954437961551214,1.10720578378134,-12.22556783,32.7509695539371
0.00216890879321444,-0.132092268650816,0.161721457474617,-2.16949180071567,1.49946068686594,0.465133996223684,-10.5752447032997,-0.000203574957782671,-1.87284140724648,-14.11358675,35.1344941316234
-0.0193337053691201,-0.117318366154093,0.16604609817426,-2.28246446080332,1.55820927078324,0.468449896478728,-8.48186107171082,-1.33248432312896,-2.21462217390326,-16.12756894,37.7042246464174
-0.0416601131930667,-0.102748869114449,0.170444492299301,-2.35733549885697,1.57119745362609,0.456357298627414,-5.46631393826866,-4.11781009142618,-0.037953219820048,-18.15163795,40.2919400352685
-0.0651986260025846,-0.0881592679762158,0.175275121402389,-2.38773433497192,1.50898588778164,0.449578965497276,-2.41199797385986,-6.94016663371961,3.48281945043526,-20.19167876,42.8451550523078
-0.0871853981646137,-0.0745565636125891,0.180575313014769,-2.38260376851943,1.37567087643595,0.463811701716815,-0.0270910883496567,-8.4746730494045,6.66639331445609,-22.12780539,45.2091966615914
-0.112446326496508,-0.0605822278621315,0.185859579893987,-2.36098040981625,1.20818358441386,0.503963843096329,1.33570165651382,-8.08661547342609,8.03034859402633,-23.97153994,47.4159429643224
-0.137906289732839,-0.0469889585739081,0.191091259130179,-2.34332850418271,1.06092879843482,0.562945518389466,1.73925514868641,-6.09974503786564,6.87075048857952,-25.91576851,49.7201784551562
-0.163093273525781,-0.0344248462410681,0.197057836998658,-2.34269405144129,0.981788649955353,0.62492927010022,1.60319529666061,-3.62919551904136,3.50235025994327,-27.90752602,52.0853496743684
-0.187608943998146,-0.0229581573229081,0.203405951695604,-2.35895941338189,0.989520657568591,0.671468711513437,1.55354472390819,-2.06733737764885,-0.907674447511557,-29.7963096,54.3536503434591
-0.211431689959537,-0.0125804770635055,0.210170856777513,-2.37832275123421,1.06250188686408,0.688117022915613,2.22061817168573,-2.46025175961907,-4.82043349953604,-31.72704601,56.6976235688361
-0.23515855870193,-0.00260980077888386,0.217189829089569,-2.3782283344462,1.14443905597049,0.669338383115052,4.03187679674326,-5.05523850087024,-6.91755255371378,-33.68641335,59.077239381878
-0.258020826064937,0.0072257737571311,0.22296160220812,-2.33597496366544,1.16567763327003,0.620329246710568,7.04805151367477,-9.21832534156123,-6.57729288078874,-35.5717401,61.3547514764497
-0.280522174522996,0.0169231829681034,0.229219274292294,-2.23784747673003,1.07191485117675,0.555451490035437,10.8881974584366,-13.7522407047,-4.06795093992077,-37.39676029,63.5115888060225
-0.303526487776105,0.0266906366052813,0.234187241434359,-2.08535271061048,0.848362940327706,0.493952513409702,14.7775789186673,-17.4641297208201,-0.410317407646227,-39.24719134,65.699569625507
-0.32530456533442,0.0351590621005521,0.23895285108869,-1.89612173922518,0.528517844893022,0.454260195246792,17.7276957882782,-19.7189261615983,3.01575876545619,-41.16485819,68.053686958077
-0.345651365917416,0.0416996288435952,0.244125935258569,-1.69894125920782,0.182520996614351,0.448366484410039,18.8196445455876,-20.7186924494279,4.95962597699522,-43.17967525,70.5745198552275
-0.363013643356592,0.0457541095047224,0.249898260075696,-1.52454013495678,-0.11148096160061,0.477705499025595,17.5215685440944,-21.3708118793561,4.70410845906336,-45.32068134,73.2897568647819
-0.379061251187638,0.0476219407989204,0.255503014435076,-1.39537692178883,-0.301956251736718,0.531608995528535,13.9406708735747,-22.7946106231319,2.2538344583396,-47.48984314,76.1140261604687
-0.393628073161138,0.0467783793636673,0.261256575217415,-1.31814063754155,-0.390019964593176,0.588925142039468,8.91014583077878,-25.6859568197758,-1.73441540614621,-49.5980423,78.9933199232159
-0.406999101996256,0.0431134996502836,0.267038323939838,-1.28175424545841,-0.434643879932417,0.622744540113347,3.84699578157857,-29.8349647444516,-6.22719366291041,-51.62237354,81.9196496431429
-0.41942511323217,0.0365695724502986,0.272595155572215,-1.26167375533841,-0.532487729452068,0.607415975442888,0.386468222333755,-34.037647186385,-10.1778905760079,-53.5590545,84.8485550859812
-0.431270132983495,0.0273628264302091,0.27758558667255,-1.22891855147154,-0.77803042975741,0.526281691261445,-0.119621919725496,-36.4771521541548,-12.8440785345012,-55.37879678,87.7417737618352
-0.443116254037577,0.0156626827949011,0.281752758880155,-1.16045667059464,-1.2184241294381,0.378041698370003,2.91139458028562,-35.4438217165134,-13.9568819350986,-57.07180341,90.4739659449658
-0.454457214846944,0.00134598116397721,0.285064999356029,-1.04702114948622,-1.82104932328196,0.179639199032582,8.99395905766124,-30.1045097095488,-13.7048256074238,-58.49029163,92.865784711488
-0.465038217586624,-0.0156114243946322,0.287545180814553,-0.895408809350558,-2.46830306866856,-0.035778546523198,16.5906921616339,-20.9916924900591,-12.5642398019721,-59.53663029,94.8259079592385
-0.475510275652663,-0.0350672136250671,0.288818708997956,-0.724467058148702,-2.9846387239311,-0.225970116317741,23.4772235350155,-9.98256378465111,-11.0580008989891,-60.12944789,96.2500024429133
-0.484218429625611,-0.0576515769236682,0.288171624861654,-0.556485645233995,-3.18873166745414,-0.350309260392461,27.3693916656486,0.260203771935216,-9.53978307620895,-60.24247789,96.9891225706199
-0.492155075463481,-0.0828495831689686,0.286690651904813,-0.40756675426199,-2.95354741837586,-0.381225616527561,26.6251681946819,7.19392725996804,-8.08005348445553,-59.84108114,96.8982402866581
-0.496886474395546,-0.111921880712624,0.283211718173673,-0.280984622596448,-2.25310296697361,-0.312890665881187,20.7923137832686,9.30495330438541,-6.48600429905348,-58.70843737,95.9047729619278
-0.496845282007205,-0.145648875029173,0.277069628075752,-0.166328384594986,-1.17867120623005,-0.16419258267498,10.8085587521049,6.67302973497162,-4.43410497825258,-56.89518047,93.8996483957317
-0.493701353055878,-0.183053694340702,0.268299263936012,-0.0448251752014701,0.082260338787031,0.0253453996464557,-1.22883535440448,0.967153855715294,-1.65635500231946,-54.31122583,90.7164626143083
