-0.064253771940731,0.0136867819351501,0.0995293258676745,-0.00474728779447617,0.0361602543381047,0.00677696650710815,0.367170442272214,-0.443749535747961,-0.863323329743082,0.698174,0
-0.0643471350129409,0.0142963818096404,0.0996837405571191,-0.0032547670642402,0.045951404996526,0.00174792023087664,0.45913082032233,-0.540514754664191,-1.00727332834291,0.69479101,0
-0.0643862611059804,0.0148419151851461,0.0997590008997944,-0.00013011669767571,0.0501225750665311,-0.00589908402491129,0.425669853640862,-0.540828567304392,-0.854050704408965,0.68939985,0
-0.0643959424473412,0.0153409795183833,0.0997383187481583,0.00352901255276556,0.0486160264839954,-0.0134512615985772,0.265801732557104,-0.463573853521528,-0.440379779038753,0.68473145,0
-0.0643892808746522,0.0157617658346685,0.0996002038631309,0.00630135743929589,0.0432338036572723,-0.0180441475841434,0.034643906197671,-0.365145064457561,0.0742765064698085,0.68723245,0
-0.0643513948380462,0.0161362670663884,0.0994139510520044,0.00711341714154017,0.0365421543865286,-0.0180714799987175,-0.181325505010085,-0.308817366225392,0.481161845298643,0.69794551,0
-0.0641346778284249,0.0165087559334807,0.098905824620225,0.00573946231694756,0.030585637213347,-0.0139864272669441,-0.305141488520803,-0.330324099669925,0.6262743938119,0.70673685,0
-0.0641081790179906,0.0167599191102853,0.0989965089610989,0.00286918085210217,0.0260997133024557,-0.00802326281128331,-0.304470461446959,-0.417716799317366,0.482464718682936,0.70398552,0
-0.0641174819719696,0.0170946706428239,0.0990642291323397,-0.000275386712545237,0.022574585141024,-0.00303345068210854,-0.202912419407453,-0.522524773836373,0.176913730346911,0.69537056,0
-0.0641760800053419,0.017355891453976,0.0990357254621936,-0.00254945341362724,0.0189486519709886,-0.000859199019652482,-0.061724811770305,-0.58276162119597,-0.089186831961243,0.69365924,0
-0.0641953660681094,0.017619245232007,0.0988323921608754,-0.00337846705306006,0.0145037262855113,-0.00140082493079445,0.0532203695232922,-0.55896741099326,-0.143160691905597,0.69934759,0
-0.0642157975904649,0.0176055257223558,0.0988312189505522,-0.00291284850421612,0.0093488096864542,-0.00272230560338147,0.103419158000689,-0.454780187135677,0.0636166236032776,0.70193125,0
-0.0641993885284364,0.017781869950253,0.0988848064927078,-0.00179945342047458,0.0042838606733741,-0.00221713531834548,0.0896299320446466,-0.312475597961556,0.430498850444907,0.69775912,0
-0.0642003496812555,0.0177840722067032,0.0989000854540456,-0.00076090913076755,0.000230337962376555,0.001852591939515,0.0398195249535469,-0.191719726133626,0.760518052388227,0.69480438,0
-0.0642280911661172,0.0177667487666796,0.0989033132659643,-0.000255263579879158,-0.00238843957763203,0.00928005867869179,-0.00398106593435751,-0.138876428798539,0.861445165435701,0.69882486,0
-0.0642572498583315,0.0177532568479629,0.0989120437519486,-0.000275243813529364,-0.00390668359167651,0.0178617124724759,-0.0231522034683046,-0.163285580528659,0.655662995562874,0.70372356,0
-0.0642887766132749,0.0177372424048783,0.0989262959360875,-0.000563171173583346,-0.00517124946762762,0.024511632104569,-0.019449972061268,-0.230452069536619,0.212272972877004,0.70142223,0
-0.0642451641513931,0.0177023103380313,0.0996526092937842,-0.000837757865414698,-0.00695285455570233,0.0267668189654426,-0.0111438824022502,-0.281465449260303,-0.284240415618484,0.69567543,0
-0.0642761606753098,0.0176668464693613,0.0996522560391436,-0.00100062271688799,-0.00943173068178938,0.0240094691446628,-0.0145150986165916,-0.261873012725502,-0.628844370649229,0.69480299,0
-0.064300722868406,0.0176225100449058,0.0996563102644631,-0.00114701719094392,-0.0120423416453992,0.0177230820628276,-0.0309084796858542,-0.152213647983865,-0.691543318100202,0.69668565,0
-0.0642473892716565,0.0172380799841372,0.100234327184408,-0.00142075393443199,-0.013795277823535,0.010749186166809,-0.046545803934928,0.017634592556488,-0.4717445684419,0.69552513,0
-0.0642835060679997,0.0171931838325906,0.100224131319984,-0.00184520627234129,-0.013886672342447,0.00596392049207218,-0.0439996659248278,0.178209166612503,-0.0778227672879552,0.69396569,0
-0.0643262476105847,0.0171481820886242,0.100218018827877,-0.00226359662662699,-0.0122456557339613,0.00514995780328245,-0.0164318608930993,0.249679319038952,0.331640924375146,0.69641963,0
-0.0643652616534862,0.0171108364059547,0.100218744012182,-0.00243181491006048,-0.00972340021643317,0.00847281678152727,0.0236036223528103,0.185089829130363,0.627300653161272,0.70101773,0
-0.0643921405966316,0.0170784453639657,0.100225683441288,-0.00221453640880327,-0.00775002625170309,0.0147768470122385,0.0529282395379765,-0.00138310478095764,0.747376688883742,0.70408448,0
-0.0643642687356748,0.0166395228078242,0.100676987712209,-0.0017031381776869,-0.00764708538924579,0.0222801928085105,0.0557064071895907,-0.244118906484317,0.701749340454593,0.70456088,0
-0.0643899191415596,0.0166159313668579,0.100684315826139,-0.00115334417423956,-0.0100408056561062,0.0293097102964028,0.0373833186412074,-0.452999753741344,0.539094867779854,0.70264589,0
-0.0644073516646615,0.0166461838569144,0.101227452690049,-0.000776178531683459,-0.0145925619552983,0.0346951473712904,0.0237674067688328,-0.556607048650976,0.307435198049118,0.6988776,0
-0.0644535386617229,0.0165970479515489,0.101228626598504,-0.000530777982471351,-0.0202090813190318,0.0377567203994962,0.042408757917957,-0.536984574955365,0.0498179607173697,0.69456952,0
-0.0644485864645033,0.0164778862950007,0.101713939133498,-0.000100819555078594,-0.0256172598724361,0.0382451901162157,0.0971873278684224,-0.427037196225103,-0.197028155876805,0.69190933,0
-0.0644359319547617,0.0160096631513767,0.102206090217568,0.00087265804693798,-0.0298981070180642,0.0362722551412386,0.156330644109248,-0.282769490895639,-0.390038530030217,0.693292,0
-0.0644090067603911,0.0156614687438734,0.102465203892715,0.00243461137590842,-0.0327169669887496,0.0323741077748771,0.16685469565379,-0.14340779296427,-0.483949871710801,0.69776897,0
-0.0643615938440632,0.015319877789595,0.10276474253493,0.0041013403658991,-0.0341391747843791,0.0275376158219336,0.0915778077260182,-0.0159560363675388,-0.456694245003646,0.70011182,0
-0.0643293933920285,0.0150411872798279,0.103142969695537,0.00501711844315928,-0.0342987351480545,0.0229706733718972,-0.0547556006166451,0.121824544668827,-0.327506820070852,0.69799369,0
-0.0643269556906622,0.0147754574105533,0.103444480210741,0.00446956243699283,-0.0330804897013662,0.0196956051711886,-0.198821226466224,0.285037172703409,-0.165874826415974,0.69561038,0
-0.0643431244208527,0.0145976457098211,0.103475551609282,0.0024813501723306,-0.0302301179743321,0.0180368569070289,-0.244436734406288,0.461593605345191,-0.0542757560617965,0.69672212,0
-0.064269568392192,0.0141269033579548,0.103688694359128,3.69828282677175e-05,-0.0256141819208802,0.0174940993464109,-0.137249043630896,0.602619824818713,-0.0465249562180079,0.70035656,0
-0.064204142456253,0.0137274294316986,0.10392488138922,-0.00133550760804124,-0.0195879836726931,0.0170288497842309,0.0831455651915968,0.660591630907517,-0.13063985271459,0.70361172,0
-0.0641938809674488,0.013579030019521,0.103977695401452,-0.000504051956125271,-0.0129820673636179,0.015722451257085,0.282229233116162,0.613372108590597,-0.234254518964162,0.70230713,0
-0.0642142594317951,0.0135466508457709,0.103985778370283,0.00231824037503635,-0.00684834627771197,0.0133799060674433,0.296521035152533,0.487911077582816,-0.268914287056138,0.6948805,0
-0.064222193000443,0.013394574722991,0.104715505591997,0.00528345072656167,-0.00196923550188381,0.010690763196882,0.0286116470857776,0.340547417884437,-0.190232398174325,0.6899334,0
-0.0641866294734726,0.0135331137230266,0.10443295476299,0.00556956719741945,0.00143623867696056,0.00878843921513871,-0.459178389293456,0.213604623636298,-0.02345342914578,0.69605061,0
-0.0642144760271553,0.0134938113517326,0.104435848344357,0.000977783304484895,0.00357228491332353,0.00855390492368091,-0.970097343839613,0.118214756039553,0.139020815419004,0.70527093,0
-0.0642125858355754,0.0134735704193314,0.104589305197108,-0.00872319013391124,0.00475443247371907,0.00994411307787096,-1.24586079532165,0.0280611067831504,0.205034185838085,0.70486568,0
-0.0642431713344532,0.0135749977853501,0.104800275186569,-0.0211817980871278,0.00503504354155057,0.0119944549362518,-1.09132746236831,-0.0821223085218648,0.139214438584461,0.69779746,0
-0.0642919058140908,0.0135312696081389,0.104801673544366,-0.0320950727108109,0.00421382045633192,0.0133865993220964,-0.534302710403339,-0.195027833408774,-0.0246070539740004,0.69456939,0
-0.0643389965426388,0.0134957957910921,0.104805861636439,-0.0374380998148443,0.00226354212224418,0.0131405287823564,0.231429604332023,-0.257377733472578,-0.189409473576645,0.69607947,0
-0.0653769143527355,0.0136037058335515,0.105314314270255,-0.0351238037715241,-0.000310235212481598,0.01124643404659,0.895591311657758,-0.213239024662017,-0.2717595930158,0.69746411,0
-0.0656245177559977,0.0137645190745669,0.105237357118481,-0.0261678906549465,-0.00244262545910177,0.00852883811643197,1.17401355615642,-0.0549475076986351,-0.238677660107055,0.69760211,0
-0.0657753536478111,0.013675911326437,0.10534233099354,-0.0144277550933823,-0.00299210053608812,0.00614206151536142,0.989674245398304,0.132613608625662,-0.11405410522635,0.69762653,0
-0.0658073849774412,0.0136343161161047,0.105341444540813,-0.00453101263939927,-0.0016659644498315,0.00500152046309791,0.48408205773234,0.212251310489409,0.0335173755849745,0.69807748,0
-0.0658343347809542,0.0135842642619477,0.105344925774539,0.000309807937924126,0.00045654865506258,0.00533669421894766,-0.0603820877057661,0.0780527307492498,0.155945484186008,0.69939932,0
-0.0658675635809842,0.013521929129581,0.105356959296133,-0.000294012939133534,0.00123707596255508,0.00689614906080773,-0.368351335225874,-0.258009742842332,0.233571574070761,0.70132534,0
-0.0658774433662809,0.0134425262479262,0.1056476234627,-0.00397752629139228,-0.00134302146586824,0.00923186480151534,-0.327873645278807,-0.634221448665108,0.269803971772734,0.70128314,0
-0.0659351160260838,0.0134153340181801,0.105653277107746,-0.00725626274418035,-0.00768523595251933,0.0119299045192427,-0.0328514160204216,-0.813718962120056,0.26975530124916,0.69636675,0
-0.0661186222125665,0.0136670672195184,0.105864554624221,-0.00758477690438457,-0.0158224255737199,0.0146274575317343,0.27673624996579,-0.615112418632652,0.217215316935186,0.68966341,0
-0.0661483833924386,0.0136104839942346,0.105864202242245,-0.00481741440472667,-0.0219735497600464,0.0167996107010861,0.392854304193421,-0.048059375896696,0.101908433291935,0.69017765,0
-0.0660989621257404,0.012980066879624,0.106106305763968,-0.000888871362792453,-0.0224541435190134,0.0178186950340055,0.227804364260095,0.671504002236712,-0.0634832680590588,0.70081507,0
-0.0661104287643931,0.0127961751499095,0.106172283747549,0.0013891722798085,-0.0157391034966463,0.0171838623534149,-0.0946539347380336,1.2054813903134,-0.219214984438808,0.71140111,0
-0.0661355543497718,0.0127653498427925,0.106179805069428,0.000442632932428159,-0.0036842895935122,0.0149917125090268,-0.347289552749771,1.27884739659854,-0.277999860890505,0.70994598,0
-0.0661490703540322,0.0126087178870662,0.106755585000871,-0.00303026259506955,0.00910418437247316,0.0122117139001218,-0.340212495235268,0.845626069299657,-0.193640091712008,0.69800752,0
-0.0661832716515214,0.0127646625321331,0.106791593237734,-0.00643238754742223,0.0175604450654697,0.0102753129830017,-0.0603883618272733,0.136562196748335,0.00153652983769062,0.68873812,0
-0.0662201625013878,0.0130004821704175,0.106844618609338,-0.00703627116569496,0.0189260670329531,0.0102906782813786,0.307333449680204,-0.457622289044962,0.184461593245211,0.690519,0
-0.0662594283953004,0.013217724000545,0.106916869306251,-0.00396293666889292,0.0143498441425035,0.0121352942138307,0.488810593984782,-0.6021310328767,0.20926843302014,0.69901379,0
-0.0662911316030312,0.013196105828831,0.106919158480098,0.000925169270954895,0.00832853381373646,0.0142279785440321,0.312125128133163,-0.221595924506564,0.0109779208290505,0.70525519,0
-0.0663242059414224,0.0134536478349857,0.107159437434621,0.00404642055228653,0.00611257456867082,0.0143377577523226,-0.166095064314396,0.424667650192534,-0.326143172134979,0.70564101,0
-0.0663493006344734,0.0134289711482906,0.107168620309948,0.00238546990914257,0.0103592510705962,0.0110763260309728,-0.627902136756578,0.861033157464757,-0.581156574410987,0.70223494,0
-0.0663280524725608,0.0135885670221527,0.107512560651932,-0.0038935514584232,0.0189695826452437,0.00526476028686297,-0.683594866790229,0.645325962135403,-0.509777578044672,0.69758526,0
-0.0663600600657132,0.013569920622556,0.107513119855425,-0.0107295001263255,0.0254228422665978,0.000166984506416243,-0.100272557467367,-0.378368452371279,0.013864007588037,0.69419904,0
-0.0663879099355214,0.01409090698933,0.107543560491974,-0.0117322257009992,0.021639157742885,0.000305624582296614,1.02802057756418,-1.97039051055865,0.898183048782435,0.69608862,0
-0.0664251016801509,0.0140847548782496,0.107537631084907,-0.00145201992535738,0.00193525263729845,0.00928745507012096,2.25073633633421,-3.58557630640539,1.85363981901258,0.70315468,0
-0.0663502282769708,0.0142997845035501,0.107432231873109,0.0210553434379847,-0.0339205104267554,0.0278238532602468,3.00739014538538,-4.64846807513379,2.54036866276449,0.70792667,0
-0.0663635015059322,0.0138690400366847,0.107904585687474,0.0511292448918386,-0.0804051911780934,0.0532275398878917,2.92925109687661,-4.85616205336992,2.75619334827477,0.70660938,0
-0.0656484575646827,0.0129675987710465,0.108423735444276,0.0804217558606046,-0.128966811711793,0.0807894733706393,2.07896244187402,-4.34981959500018,2.54542041119073,0.70435675,0
-0.0657373545138696,0.0120308191259115,0.108828506968411,0.101211380279345,-0.172465007661794,0.106243677482547,0.976605618937411,-3.67162432896805,2.19440813157827,0.70325329,0
-0.0640300160182364,0.01004662236716,0.110406014260712,0.110977436468719,-0.209181250951475,0.128187758798329,0.315455255851373,-3.48438457217488,2.06769823791826,0.70065763,0
-0.0623450280344712,0.00784781503666134,0.111877269049745,0.114131989027233,-0.244025096673224,0.148864741177512,0.615745658066878,-4.23362720555583,2.39923374151378,0.69948975,0
-0.0623784667976102,0.0056585401709383,0.112833083953834,0.120289445607901,-0.286361368728782,0.17285707859265,1.92030573864683,-5.9008818200494,3.15850211361215,0.70335549,0
-0.0590735926583769,0.00232622736146853,0.11489211379866,0.13949250299437,-0.345370186929276,0.204442099728771,3.75455654977655,-7.97898637781574,4.05711849998167,0.70690459,0
-0.0593735445945588,-0.000811128505362049,0.116463549963159,0.177038068492135,-0.425160050707433,0.245013284728588,5.37212810448605,-9.70253895256117,4.70956047469421,0.70253923,0
-0.0590876959659305,-0.00460615585027063,0.119281722634379,0.230759349536996,-0.522185440233045,0.29210888947553,6.16239827544833,-10.3966312318669,4.82498561534549,0.69241862,0
-0.0545992952113639,-0.010359283616422,0.122390104988429,0.292383332291479,-0.626151752551714,0.340358745628985,5.92934166336077,-9.77070019019421,4.36763349629446,0.6864673,0
-0.0515186445683319,-0.0165845311482853,0.1254496137601,0.351676748925087,-0.723858754453656,0.384035080591929,4.95318478185677,-8.01020093648542,3.54283237008582,0.68975435,0
-0.0485613916704756,-0.0237452957541027,0.129442073448125,0.401208596743654,-0.803960763818511,0.419463404292788,3.74231892435666,-5.63116492214866,2.66628469340224,0.69720631,0
-0.0446127509167819,-0.0318202297881944,0.133472063998254,0.438631785987221,-0.860272413039997,0.44612625122681,2.72384873534974,-3.19360090230767,1.96377212111782,0.70152866,0
-0.0405554545159725,-0.0404586500035436,0.138224694686137,0.465870273340718,-0.892208422063074,0.465763972437989,1.99000444116765,-1.02599201990546,1.44480015823432,0.7021303,0
-0.0356553600869248,-0.0493794674589252,0.142735649457962,0.485770317752395,-0.902468342262128,0.480211974020332,1.23981456208121,0.897891562083402,0.918281326292039,0.70209547,0
-0.0305793720739928,-0.0583808521051056,0.147436721025345,0.498168463373207,-0.893489426641295,0.489394787283252,0.0789597234361485,2.85880725255794,0.12252213870872,0.7023347,0
-0.0250662961950291,-0.067403775685052,0.152660100697345,0.498958060607569,-0.864901354115716,0.490620008670339,-1.75825202416035,5.17005784907219,-1.10057591264763,0.70398638,0
-0.02176300105517,-0.0754680616399102,0.157052242878472,0.481375540365965,-0.813200775624993,0.479614249543863,-4.13258665280128,7.92241645413798,-2.68396133336328,0.70709565,0
-0.0157167082401661,-0.0842160361724071,0.162116374346197,0.440049673837952,-0.733976611083613,0.45277463621023,-6.56508199810113,10.8782849153077,-4.34905205202314,0.70549961,0
-0.0114260850548428,-0.091591965841075,0.166633218033451,0.374398853856941,-0.625193761930536,0.409284115689999,-8.40760551286666,13.5114652985684,-5.71222868459426,0.69497384,0
-0.00756344016405349,-0.0977361873350791,0.170764947839936,0.290322798728275,-0.490079108944852,0.352161828844056,-9.15128621704105,15.2182783715617,-6.45077280228729,0.68307568,0
-0.00486956670056814,-0.102527844806766,0.174426569721738,0.198809936557864,-0.337896325229235,0.287654100821183,-8.6196016840307,15.5616932207023,-6.42598263076757,0.68207974,0
-0.00291069170220333,-0.10596439670768,0.177209691120123,0.112613919717557,-0.182279393022212,0.223394274513508,-7.00804643399906,14.4400177910551,-5.71367480660487,0.69448009,0
-0.0018249649605714,-0.107760505965195,0.17920689878485,0.0425334553775663,-0.0378792151116611,0.166257526447459,-4.75513650862081,12.114459202619,-4.5557298920074,0.70951795,0
-0.00138107711724094,-0.10799574091818,0.180862967186508,-0.00501790970864173,0.0832653769145293,0.120700227527385,-2.3606968472763,9.08884114173697,-3.25953865766871,0.71607695,0
-0.00179792963592508,-0.10747309491782,0.182216098964431,-0.0286248781814048,0.174153788331899,0.0881048409506977,-0.209990537852523,5.90426508271966,-2.095684242698,0.71402961,0
-0.00113829134631301,-0.105717534545751,0.183303912421716,-0.03072478355993,0.233196439159095,0.0671479985237177,1.54783084613463,2.92783272196955,-1.21087648398557,0.70911909,0
-0.00209085644733478,-0.103227569120506,0.183875231466124,-0.0152464750985837,0.262474766378791,0.0550392336838621,2.91529320582256,0.273637078704875,-0.583831210545995,0.70577712,0
-0.00195930993441441,-0.100506509361394,0.184413628190318,0.0139064569596419,0.26521113716584,0.0492009215784021,4.02347677568524,-2.16819169048674,-0.047316400997814,0.70720498,0
-0.00159800513716886,-0.0980877844364921,0.184769155249608,0.0541412247164943,0.243529220260972,0.048727757568424,4.97055701297551,-4.56659889255719,0.635452229878712,0.71229883,0
-0.00241446754325793,-0.0953916514697571,0.184998879150947,0.103846794846249,0.1978632313354,0.0550822798672111,5.74949728316662,-6.99592858865363,1.63153537718518,0.71343018,0
-0.000413396243166424,-0.0935852585577562,0.185816855630162,0.161341767677916,0.127903945448864,0.0713976336390629,6.25424385914491,-9.36002868589023,2.91660274290202,0.70614866,0
0.00152844940315376,-0.092471784746209,0.186767661788363,0.223884206269365,0.0343036585899619,0.100563661068083,6.36608144789571,-11.4963905980056,4.25561282103286,0.69581453,0
0.00385989058669677,-0.0921088283438923,0.187755049000489,0.287545020748322,-0.0806602473900938,0.143119789278412,6.12860911500561,-13.3636781940725,5.31796775700221,0.68751475,0
0.0068220679310376,-0.092873041875362,0.189098690027005,0.348831111898378,-0.214297029330819,0.196299466848434,5.84926158787836,-15.216809392642,5.91569737614665,0.6808344,0
0.00884706682250932,-0.0945428385133177,0.191085637773724,0.407323727777161,-0.366465123257239,0.2554564406099,6.11236313834048,-17.6026939970096,6.22414193404272,0.67754386,0
0.0137906559037143,-0.0983937622964495,0.193328159667866,0.468447359160566,-0.542492063227334,0.317697859950328,7.50113864963787,-21.0837558851427,6.77147695524037,0.68017858,0
0.0186870165498932,-0.104020905215875,0.19649355965965,0.543458745656945,-0.753329622078761,0.385412629502731,10.251844261826,-25.8203430406028,8.16027540497787,0.68548916,0
0.0238230018266588,-0.11150559978927,0.200352390831491,0.645977188275205,-1.01153305248479,0.46701538355251,13.9775594036629,-31.2195104704784,10.5742990823956,0.69017061,0
0.0306760086857477,-0.121897628400453,0.20536731361362,0.785752782311834,-1.32372815718957,0.572758374376466,17.5654860772372,-35.8981663087942,13.3383191821015,0.693659,0
0.0390809560325247,-0.135165114530499,0.211071259048648,0.961407643084207,-1.68270982027752,0.706141566197481,19.5964235120037,-38.1133732888307,14.9082367988609,0.69265196,0
0.0480780586879183,-0.151698488682145,0.21840770605351,1.15737187820424,-2.06384355316582,0.855223934186091,18.9219060707536,-36.4929192444732,13.3882191873532,0.68994466,0
0.0588691479313909,-0.17204553622923,0.226846069474146,1.34659093891178,-2.42877274561055,0.989106126059622,15.2436390311827,-30.7359252810358,7.47253819781047,0.70296688,0
0.071786436888617,-0.196175663993428,0.236400638495674,1.49902732922361,-2.73613199842091,1.06383150803773,9.39913444159006,-21.9256704035895,-2.63814177465232,0.73533526,0
0.088684047641586,-0.223926693537183,0.246339087799256,1.59301867363951,-2.95538870245681,1.0374500902912,3.07412705124492,-12.2012414136805,-14.894720815069,0.75479267,0
0.104739399149457,-0.253719079372692,0.256861767220388,1.62375994415196,-3.07740111659361,0.888502882140513,-1.92797860246119,-3.91194980012115,-25.8915112946275,0.73044497,0
0.119243545476853,-0.28439946988206,0.266775448032956,1.60448015812735,-3.11652061459482,0.629587769194238,-4.44239727605344,1.35378377542436,-32.123617341671,0.68633148,0
0.137234604657131,-0.315773391055251,0.273166510919471,1.56005618536681,-3.10298277684058,0.308351595777528,-4.41609208517086,3.40746053987043,-31.4404438136318,0.6806194,0
0.150917608827115,-0.346320851354668,0.276096991164733,1.5158952645151,-3.06890817144187,-0.00605284235879025,-2.79551719236464,3.43423614163061,-24.019604790235,0.74071889,0
0.167366805050806,-0.37714066504787,0.275717958011078,1.48794009259146,-3.03456581002557,-0.24624889026114,-0.955359443130111,3.3489365838978,-12.3609689437038,0.84820522,0
0.181261229505197,-0.407117512637627,0.272905686647125,1.47838649816015,-3.00107644418659,-0.369858579698178,0.0456348666528415,4.8487362849277,-0.249391457127578,0.96160209,0
0.196685662639896,-0.437318135523034,0.269245247051358,1.47884284682668,-2.95258908133731,-0.372352494269454,-0.120332127160283,8.6813757774832,8.7758292530816,1.04829507,0
0.211095948476246,-0.466907670640763,0.265372651689437,1.47763952555508,-2.86577532356248,-0.284594201738638,-1.02964691595227,14.4122355307163,12.7715948968779,1.07973331,0
0.226242560449679,-0.495843077124262,0.262903406813073,1.46734305639556,-2.72165296825532,-0.156878252769858,-1.95572625360963,20.7860205897088,11.9123279437196,1.03962024,0
0.241293452807345,-0.523203931856015,0.261619268249547,1.44778579385946,-2.51379276235823,-0.0377549733326625,-2.40262677893942,26.4059641882784,8.02230663092888,0.94863074,0
0.255729929054451,-0.548174139123609,0.261519173791478,1.42375952607007,-2.24973312047544,0.0424680929766263,-2.41787645183953,30.3518864950246,3.46479040776002,0.86014261,0
0.268920606211176,-0.570200374925355,0.261684496963281,1.39958076155167,-1.9462142555252,0.0771159970542266,-2.51033770464775,32.4453757024986,0.000441977845742068,0.81203196,0
0.283043379771055,-0.589554700486923,0.261784730873157,1.37447738450519,-1.62176049850021,0.077120416832684,-3.27032947093651,33.0997768675736,-1.81217591510418,0.79353148,0
0.297880829880376,-0.606167110477482,0.262628071698793,1.34177408979583,-1.29076272982448,0.0589986576816422,-4.93872029323532,32.932438475468,-2.4577907997418,0.77514735,0
0.309546430482727,-0.619003993512332,0.26344822547625,1.29238688686348,-0.961438345069799,0.0344207496842241,-7.23910272488414,32.3850024471237,-2.78537116857414,0.75522445,0
0.324499938529587,-0.628926191008051,0.264087307452465,1.21999585961463,-0.637588320598563,0.00656703799848271,-9.4824697027889,31.5693171790003,-3.2987052994706,0.75403385,0
0.336097507593959,-0.63511533954593,0.264164253783197,1.12517116258674,-0.32189514880856,-0.0264200149962233,-10.9558269643477,30.3615064042746,-3.88148467721813,0.77834273,0
0.346910197206787,-0.638120127184096,0.263542168172304,1.01561289294327,-0.0182800847658137,-0.0652348617684046,-11.2881475831436,28.6426665306752,-4.07174835622159,0.81448038,0
0.357076091186239,-0.638356330620283,0.262755676734663,0.902731417111832,0.268146580540939,-0.105952345330621,-10.5893778238595,26.481422744473,-3.64342184641046,0.84703056,0
0.365754209089957,-0.635866702218117,0.262032667634306,0.796837638873237,0.532960807985669,-0.142386563794725,-9.37964168987073,24.1718572970874,-3.04812638776911,0.8697311,0
0.374098272894706,-0.630348180911887,0.260816439831976,0.703041221974529,0.774679380956543,-0.172867827672416,-8.25849026267356,22.099302546322,-3.34506719677348,0.88475834,0
0.381456635126321,-0.622626129588735,0.259119997601396,0.620456319347794,0.995672406419763,-0.206318499640151,-7.63883012488697,20.5353652399513,-5.54544327450963,0.89911117,0
0.388115592613982,-0.612791845549169,0.256997657857816,0.544068018098924,1.20102605881928,-0.261772932385248,-7.56560452783434,19.4960245420736,-9.77099158109435,0.91668462,0
0.39239248826114,-0.600727688889215,0.253823845379037,0.468411972820581,1.39598630424001,-0.359482848196191,-7.7477598551315,18.7207993584195,-14.7386795658624,0.92775382,0
0.397043375329343,-0.586767081200522,0.249972397124465,0.390934374269266,1.58319429782421,-0.506869643854815,-7.80317013810982,17.8020109773023,-18.0298531324814,0.91274355,0
0.401496155310139,-0.570873874096287,0.244951989994227,0.312902672888167,1.76121440759723,-0.68716817517963,-7.44781912704383,16.3584764038017,-17.1572579892548,0.86707404,0
0.404835616464627,-0.553374797052208,0.238713929825792,0.238424481617729,1.92479917163525,-0.858740755072178,-6.66041996501195,14.1997885754259,-10.9571833204458,0.82022565,0
0.407413626245718,-0.534191840308439,0.230773126090046,0.171820281967609,2.06679705738951,-0.968312588276636,-5.67843810539811,11.4214235980751,-0.565865358673464,0.82118397,0
0.408352333257946,-0.513440794941676,0.221244734912902,0.115035900913628,2.18101129337026,-0.97397124186337,-4.85443791945846,8.37901652493217,10.6757709403453,0.89527527,0
0.409616626729745,-0.491622537285987,0.210696515565228,0.0664915217190437,2.26480145861958,-0.867213532459917,-4.42793120936308,5.55270487651607,18.521238239006,1.01042331,0
0.410416005504049,-0.468966791591776,0.201284963884063,0.0222122096254128,2.32032850738474,-0.682001150069856,-4.37747683687688,3.3419742597889,19.8071690629482,1.09330887,0
0.410986017820446,-0.445810014927326,0.194212927454094,-0.0215625587433559,2.35374824998263,-0.483929459440375,-4.36935544043895,1.8530579693278,14.0820963036812,1.08576189,0
0.410347668358918,-0.422294484438865,0.189960574975943,-0.0652561131477455,2.37227882967591,-0.343108496403562,-3.97222955740933,0.816074183115674,3.96604993196132,0.98708206,0
0.409956245112903,-0.39864627594053,0.187245755117973,-0.104978408721839,2.38043957150706,-0.303447997083949,-2.86801316737862,-0.339623386335549,-6.07349756906999,0.84838552,0
0.408641034627237,-0.37457287242422,0.184348959378208,-0.133658540395625,2.37704333764371,-0.364182972774649,-1.11262727073172,-2.21061223096648,-11.9649694402559,0.73149352,0
0.407348451637191,-0.350896744068373,0.180505940365792,-0.144784813102942,2.35493721533404,-0.483832667177208,0.733521572410951,-5.08013998302085,-12.0536615659694,0.66831277,0
0.406374960212971,-0.327537934896497,0.175451762336259,-0.137449597378833,2.30413581550384,-0.604369282836902,1.88894020757377,-8.74384902856909,-7.77728346560057,0.65142794,0
0.404723822017384,-0.304639426644237,0.169362997981105,-0.118560195303095,2.21669732521814,-0.682142117492908,1.69519255245652,-12.6036914227241,-2.53798453250606,0.64815588,0
0.403471833640411,-0.282548632684256,0.16244965125005,-0.10160826977853,2.0906604109909,-0.707521962817968,0.0538237593404008,-16.059620603901,0.54349759943792,0.63141434,0
0.402251809572424,-0.261375967082891,0.155186608430204,-0.101070032185126,1.93006420495189,-0.702086986823589,-2.40004057674883,-18.9624617051958,0.630256615181503,0.59150427,0
0.40117238870538,-0.241773557454385,0.147933666354337,-0.125070437952614,1.74043958789993,-0.695784420671774,-4.49422931487133,-21.8088395516082,-0.399674132551779,0.53369129,0
0.399950726820423,-0.224264334636831,0.140797054661907,-0.170012731101327,1.52235119238385,-0.699781161997292,-5.10887392025646,-25.4501786391676,0.56091448043017,0.46688043,0
0.398656682291662,-0.209325722102472,0.134321368264878,-0.221101470303892,1.26784940599218,-0.69417201719299,-3.77161998625499,-30.420120618306,5.37760025703048,0.3966342,0
0.396671855818117,-0.196968452753543,0.128187614557596,-0.258817670166442,0.963648199809118,-0.640396014622685,-0.983543973255918,-36.2689264187188,12.8039672686638,0.33046367,0
0.393992468238357,-0.187515798393961,0.122296797417689,-0.268653109899001,0.600958935621929,-0.512356341936048,2.01854029745253,-41.413600286164,18.6484240573327,0.28511034,0
0.390942292091262,-0.181481596870949,0.116935057816435,-0.248467706924476,0.186822932760289,-0.325872101362721,3.9495328837514,-43.7625839976767,18.078033519986,0.28046711,0
0.388137885006386,-0.179378964861684,0.11257215059841,-0.208972378086962,-0.250802907216478,-0.145091766162861,4.25917635495925,-41.893165806561,8.79801200620422,0.31283243,0
0.386132431184543,-0.181653143712331,0.109739688393005,-0.166380614537369,-0.669734565282088,-0.0571116461008189,3.59419899423438,-36.1309032997646,-6.87478119340937,0.32549263,0
0.384672028852799,-0.188122573802123,0.108604663953986,-0.130438624595025,-1.03104359827973,-0.125859458034913,3.35441911404842,-28.7366928850476,-22.5391889299782,0.23547581,0
0.383464286841292,-0.198100905624443,0.108613373146954,-0.0968944334545412,-1.31841052713021,-0.351251347334695,4.87677116177079,-22.9632165367366,-30.7340510934254,0.04159493,0
0.382676516775441,-0.21151755928607,0.107531067076123,-0.0481267218368333,-1.54804269249758,-0.658591858268949,8.27371644044915,-21.2626136664961,-26.8842437857954,-0.09733685,0
0.382353046003989,-0.227843188642181,0.10224984527285,0.0346104425676581,-1.76066882916254,-0.927434296126902,12.0581096448871,-23.7082067159981,-11.8421738619639,0.03720088,0
0.382644663294861,-0.24607584589683,0.091561919648936,0.155191539016529,-1.99775089632252,-1.04585603474654,13.5849648005252,-27.5419572547512,8.46997615066712,0.1208705,1.77517296064117
0.383198272134283,-0.266015396064555,0.0790344786035426,0.291041187021781,-2.27317046887003,-0.96115627323987,10.4134980916811,-28.3438518165396,26.1691963847902,1.03232681,6.50064088366871
0.387206763718686,-0.287719930335112,0.0672438106740531,0.395176167938592,-2.55660898703543,-0.699464309391968,1.88159162036413,-22.2998917359592,35.4492713726967,1.26528695,10.7998910992757
0.390874384297127,-0.311987265064061,0.0603152045293482,0.413992084142233,-2.77960790439502,-0.344971595665001,-10.179225780283,-8.35775032499526,35.2416442512358,1.78558434,13.5540796853446
0.394036820370776,-0.339412292061751,0.058887863271493,0.312199826339403,-2.86318540764497,0.0074448468473571,-21.8757545509089,10.9127379140412,29.0610635281485,2.24222538,15.2033912216805
0.39772666108499,-0.369367450619427,0.0620140144735916,0.0934422808303144,-2.75405802850456,0.298055482128842,-28.9557780724237,30.3332979967724,22.3161908471228,2.0025171,15.8611584371028
0.399120501271452,-0.398553538394324,0.0662235912007034,-0.196115499893923,-2.45072504853683,0.52121739060007,-28.7955124452915,44.4665967921344,18.883372321207,1.60104973,15.8785915869158
0.397803037565722,-0.423459371461386,0.0694238799751695,-0.484070624346838,-2.00605908061549,0.71005111381214,-21.7317107849401,50.0818850143704,19.0124560707369,1.27644326,16.0367883304584
0.392813553830105,-0.442405830506456,0.0727740761262869,-0.70138773219624,-1.50524023047179,0.900175674519509,-10.9657689795356,47.4227822239831,19.7098315599131,0.62500681,16.882806647971
0.385166464921926,-0.45598783561422,0.0804897700876381,-0.811045421991595,-1.03101240823196,1.09727399011864,-1.07556092519572,39.7098506412804,17.1327863318019,-0.99400711,17.9310736725614
0.376154699231887,-0.465648070708389,0.0936093264736083,-0.821801031243552,-0.633913901819153,1.26860185343666,4.0745124168669,31.2799090036464,9.33103574403248,-3.52135921,18.5383187280166
0.368038384488428,-0.472631129205894,0.108787193628753,-0.781055907074883,-0.321114811782689,1.36191221087698,2.97886313530232,25.4732386935932,-2.38630549539869,-6.18194378,18.7106236027379
0.360018422740721,-0.476685607947159,0.123213112902811,-0.75126727572186,-0.0663824248467564,1.338049155923,-3.12089170106917,23.3776343796523,-14.1863195362364,-8.9213136,18.574429897952
0.354580166683329,-0.478475983972614,0.136008077666885,-0.782476192732552,0.167393918949766,1.19618596056063,-11.139853750997,23.9363345925063,-21.9580957955007,-11.31836686,18.2895383698469
0.346725551320303,-0.476683053832331,0.146375697673946,-0.893874730242522,0.406757264874829,0.976605002605627,-17.7980446607117,25.0776493867308,-23.5496703582969,-13.17944963,17.9231420080971
0.33712710175432,-0.471775994666903,0.155123755982247,-1.07185517684964,0.657533758742137,0.741108299022657,-20.99705721169,25.0489910144383,-19.7292213854087,-14.57534416,17.5201569211064
0.325815002407596,-0.464560292332221,0.162607068778473,-1.28182574896654,0.908023668886521,0.54381608516857,-20.3979029465685,23.1860979791765,-13.415168194122,-15.47860992,17.0948615638798
0.312696583801765,-0.455180323082003,0.168889186816815,-1.48580477843222,1.13988464867828,0.40966440322735,-17.0237795606392,19.8420402416381,-7.86869901611965,-16.02341734,16.366170289581
0.29647026525089,-0.443654175857682,0.173471442128309,-1.65604257403862,1.33830505109467,0.330977413066154,-12.3802722317852,15.7889455036165,-5.01833140079921,-16.52410358,15.1540890397569
0.282039796950668,-0.431318014171661,0.177458248345822,-1.77984529635647,1.49619450613083,0.280794099058162,-7.71135646614983,11.6390747303534,-4.82672352033451,-17.2459621,13.5399324303819
0.265206136632289,-0.416912446134812,0.179736795406521,-1.85695886101797,1.61258525343436,0.232526863854817,-3.72951071690711,7.66179703870994,-5.85170750194368,-18.2667331,11.6704513300341
0.245741032579636,-0.400586681341152,0.18149144227326,-1.89425396818704,1.68920322382146,0.17400978883538,-0.826285763619838,3.99983674000367,-6.42695184581119,-19.31671367,9.81669023039908
0.226596358760345,-0.383261037664843,0.183383513572774,-1.90251682582324,1.7292015912215,0.109740270377268,0.734382940793731,0.934731137218081,-5.64750285037024,-20.11506085,8.16404254559961
0.207192702165601,-0.365590256874282,0.184068072371578,-1.8951729964153,1.73854890259368,0.0532652418735655,0.683074122376999,-1.0674984421022,-3.62905319028167,-20.79617128,6.51637958385713
0.188055602726197,-0.348056073055898,0.184896622055402,-1.88834225519153,1.72787391817266,0.0169747099707488,-0.925395766193929,-1.66623566421621,-1.12473381053211,-21.66197944,4.63471416090063
0.169185378092058,-0.330959897764726,0.18525210670319,-1.89759621285347,1.7112115615305,0.00572737186542771,-3.48206075814366,-1.00539959531527,1.12570287172129,-22.712363,2.59898498697933
0.150587350819269,-0.314200501031486,0.185604617484467,-1.9324168204349,1.70115756557734,0.0169844005826406,-5.81216673100586,0.165324443130643,2.78679896642703,-23.89558598,0.568689967463322
0.131782060112752,-0.297357185377151,0.185639646068022,-1.99053848774496,1.70281081000865,0.0448523902469109,-6.62131270149961,0.792838495606694,3.92006944664554,-24.93498191,1.17352864640023
0.110911518509824,-0.27998032065062,0.185536835354038,-2.05675161475996,1.71073919496472,0.0840530847133663,-5.16773880909751,0.0947205616814444,4.69867889299299,-25.81296538,2.56937531220546
0.0919485798914229,-0.263314419809146,0.186844991218867,-2.10842900285093,1.71168640058153,0.131039873643296,-1.74646969032195,-1.9643477719964,5.15011633847772,-26.68094647,3.70588655801676
0.0689731286245555,-0.245753320221169,0.188031357135827,-2.12589369975415,1.69204292286157,0.182541037028073,2.32775567718268,-4.60872069765049,5.12110698800001,-27.77327428,4.73243970534548
0.0496846536375338,-0.229241565113901,0.190023740012369,-2.10261614298232,1.64595571588506,0.233752106908073,5.31099427412463,-6.66751547324376,4.45417921461728,-29.20568756,5.76200696581687
0.0261259147309133,-0.212004567932032,0.192154196235103,-2.04950620024108,1.57928056115263,0.278293899054246,5.89015776612664,-7.23387303038442,3.20147194485972,-30.84015298,6.73437914222947
0.00584848365530114,-0.196218715681022,0.19485009305879,-1.99060462257981,1.50694183084878,0.310308618502843,3.81216687656232,-6.11150396365637,1.72339879762402,-32.37363811,7.49898849136951
-0.0112064556142987,-0.182031521843919,0.197972309939689,-1.95248295381419,1.44582679121222,0.327542606479083,0.0315440995361529,-4.10376433763096,0.491841916330077,-33.74067289,8.06851941562982
-0.0324339517813121,-0.16745005690706,0.201551407593001,-1.95216751281883,1.40478914783591,0.332461025642384,-3.83833875760457,-2.31511871391639,-0.0893858115593578,-35.24721973,8.75475149458328
-0.0520140021713037,-0.153357134062444,0.204820072258908,-1.99055090039488,1.38163796069675,0.331567167526791,-6.29955777192258,-1.60153334656669,0.101516783380378,-37.02041246,9.65957420453463
-0.0722899593163625,-0.139229644622926,0.207891144884071,-2.0535464781141,1.36562262723108,0.332582335360594,-6.6515979223071,-2.07649579912415,0.874602083929441,-38.98348426,10.7174757645109
-0.0921417667211347,-0.125666839882264,0.211293479954065,-2.12006245733717,1.34485766923984,0.341328356199889,-5.22140741720745,-3.12617834627764,1.82599673142445,-40.9940611,11.8114312758324
-0.113652037817431,-0.112144078754228,0.214718395744856,-2.17227653150925,1.31359588577706,0.359588323514133,-3.02600486577743,-3.88820697322526,2.51620636523303,-42.6852261,12.7542804080212
-0.135321261284693,-0.0990600515122421,0.218309521858307,-2.20253658016702,1.27471381604481,0.384750387166464,-1.14785090748794,-3.85255024969321,2.63071805331206,-44.23778997,13.7526936490967
-0.157435928032716,-0.0862744558501264,0.222326495044743,-2.2140150892419,1.23618831354788,0.411057567699584,-0.139682362696852,-3.17499418458307,2.08046803117603,-45.83775456,14.8334685896369
-0.179346612566005,-0.0740151111659404,0.226190775309042,-2.21541191286887,1.20443837170205,0.431862248011345,0.213814812725564,-2.4967562194047,1.01612527721042,-47.53199984,15.9492659601679
-0.201597416915545,-0.0620136324210183,0.230601718700471,-2.21327376474161,1.179470809508,0.442023500783449,0.704892282179,-2.42176985309895,-0.216638468620122,-49.35272861,17.1646161988997
-0.223757691560383,-0.0503717206490056,0.235174255146025,-2.20622484191982,1.15525311097701,0.439857116097248,2.19250613506831,-3.04993537630536,-1.17211610330598,-51.04954898,18.3356691503274
-0.245722950619519,-0.0387348246041972,0.239252304733371,-2.18429978056914,1.12475375721395,0.428135955064188,5.11095872689495,-3.95723208207245,-1.45838627754943,-52.328098,19.325221783776
-0.267862947330976,-0.027667461259307,0.243863220096512,-2.13319019330019,1.08518143639323,0.413552092288694,9.17098105162735,-4.64698781291488,-0.90475914521734,-53.41666437,20.3317357335834
-0.288629854948113,-0.0165135294089849,0.24761728124775,-2.04148038278392,1.03871155826408,0.40450450083652,13.5054252344774,-5.16384536065491,0.350227591669405,-54.66129437,21.5334525759593
-0.309586121713379,-0.00581447643842481,0.25201053153842,-1.90642613043914,0.987073104657532,0.408006776753214,17.0542545217627,-6.3117613187812,1.88538304465547,-56.28796061,22.9870400892772
-0.328381151629223,0.00414493967999466,0.256220906753665,-1.73588358522152,0.92395549146972,0.426860607199769,19.028196622024,-9.18315260442983,3.15556289964747,-58.11690118,24.4609262088595
-0.345710672379932,0.0132661537456951,0.260213831571936,-1.54560161900128,0.832123965425422,0.458416236196244,19.1729093354235,-14.2119917981892,3.70698581197945,-59.81778056,25.7013848638504
-0.361307361134222,0.0211638832791013,0.264658491408388,-1.35387252564704,0.69000404744353,0.495486094316038,17.7545384332511,-20.422132265717,3.35511690965416,-61.51997988,26.8592658397855
-0.375129144810613,0.0275458721988351,0.269723556801795,-1.17632714131453,0.48578272478636,0.52903726341258,15.2279975069775,-25.5406562890897,2.20590046366656,-63.72763098,28.3002838940997
-0.387151543770081,0.0322781605506864,0.27503407378203,-1.02404716624475,0.230376161895463,0.551096268049245,11.9649527316957,-27.1918171365249,0.552043186964728,-66.45334875,29.9921763303752
-0.395088516682652,0.0346752559592346,0.280499526432491,-0.904397638927797,-0.0415420094697857,0.556616699918893,8.15808708700847,-24.5325175765846,-1.32394745749008,-69.48418386,31.8401036153313
-0.40666113347284,0.0356521249446233,0.286560903604621,-0.822816768057712,-0.286867185235631,0.543377225343992,3.98026243261802,-19.2351461007066,-3.29761230638933,-72.27706331,33.4640768794303
-0.413528732331673,0.0331580017960348,0.291430338881896,-0.783014143731532,-0.479218646242697,0.510401102280099,-0.0923952848632208,-14.9331179213355,-5.38165556989646,-74.85683521,35.0427761931719
-0.422276950337601,0.0285495265777212,0.296745997427574,-0.783938096580165,-0.628549825456052,0.456584546581134,-3.12653057756961,-15.1448562518685,-7.58627827739312,-77.62414912,36.898993057959
-0.430164997831515,0.0212879154514602,0.301109368903181,-0.815203402355861,-0.779998387974736,0.380721763807203,-3.94577132256604,-20.7730866964278,-9.71539239340034,-80.67169788,39.1010125145447
-0.438351926676647,0.0120043370706381,0.305035927053046,-0.854661115581521,-0.987729254939015,0.2835678398732,-1.69971306955282,-28.7919852282692,-11.2876825698157,-83.58727175,41.3052034108112
-0.446414029224611,0.00107311150179851,0.307914413067227,-0.871658246277049,-1.27564910722171,0.170691014175043,3.49960063456835,-33.2298875557785,-11.6612818989519,-85.82656126,43.1639266286469
-0.454197201280036,-0.0113642813752334,0.309557219060965,-0.836662239931366,-1.60794798277949,0.0540781951855239,10.3273291744094,-28.2406088019773,-10.3366714291256,-87.41457459,44.7798386468921
-0.462801320888661,-0.0249715770019904,0.309995320439694,-0.733388948187272,-1.89035407079927,-0.0492885191057323,16.5268579411073,-11.6470649731803,-7.30159238463413,-88.64741373,46.2722142108054
-0.470900120554945,-0.0408176178049207,0.309596063632397,-0.568120368776198,-2.00682472053107,-0.122304442952074,19.8668652602813,13.0847364324529,-3.16424641760285,-89.50544326,47.5798427760791
-0.477418779401618,-0.0599389204437974,0.308853857306531,-0.369451716173386,-1.87597735620654,-0.153946907128102,19.0551220484209,37.8678033595534,0.987720883712961,-89.81890338,48.5726582805869
-0.481593401721669,-0.0825019413327064,0.307662097274985,-0.178900495689177,-1.49729932261101,-0.144069698290973,14.4337773476018,53.6139396106293,4.00853104434418,-89.3943318,49.1654531043407
-0.481453285467588,-0.108607241805292,0.304162277188686,-0.0345627222131583,-0.961159926504712,-0.103984387847531,7.78318732090726,54.6520443109124,5.16907132851061,-88.05430156,49.2981389685544
