-0.331516758152544,-0.162583133682177,0.28942630610713,0.648366587366718,-2.15430017065101,-0.402537402466334,32.0592112552009,-35.7306085427574,-24.0153387381932,0.72462016,0
-0.325331646386693,-0.19369324118308,0.284545484476348,1.11332514349561,-3.23774601704403,-0.756613850133049,35.1506946893334,-48.062121326966,-45.4536172274893,0.71423537,0
-0.31331831929961,-0.229836370006856,0.27587107243023,1.56199515954767,-4.20708168545652,-1.28782375565904,31.5960834378169,-54.9915871139938,-71.393356820109,0.70267717,0
-0.297026926147574,-0.271628722434023,0.262563617213115,1.91754373171194,-4.95611744720906,-2.03299696741305,23.965181757328,-55.9909965979798,-96.57123643666,0.68848454,0
-0.276898773257418,-0.319374827003127,0.24231655800808,2.14962158320085,-5.47793159406494,-2.99273253153822,16.9138088268496,-52.7705775709233,-113.905461381383,0.65939472,0
-0.255384321050366,-0.372255488122472,0.212792811505709,2.28791326043791,-5.85048493283632,-4.10744549464406,14.8426452383805,-48.0297660370283,-116.658075303353,0.63215225,0
-0.234515678540197,-0.429560856125194,0.172412051357892,2.40723697520587,-6.1844005503148,-5.25106057193109,19.5256956641559,-43.7007560352029,-100.971474183636,0.67281877,0
-0.209557221352726,-0.492318820159508,0.120403357780041,2.59049421479704,-6.56105148308262,-6.25130604615192,28.9741200428093,-39.7212465976635,-67.6053152815145,0.8398895,0
-0.183971569102978,-0.558950163208577,0.0578422333750305,2.88685113055559,-6.99153992254486,-6.93257982030915,38.2271089125206,-34.0793225527246,-21.9365313167868,1.14160219,0
-0.155306001866477,-0.629467906475818,-0.0120260243573904,3.28534915765734,-7.41395201026438,-7.16475020359953,41.649828675816,-24.1290582727746,27.9390875829858,1.48910164,0
-0.12135325689063,-0.703778550578807,-0.0843745665227608,3.71587647526304,-7.72580633934347,-6.89642997609612,35.6882516595107,-8.41148032038894,74.0547235876092,1.7725347,0
-0.0843255395259406,-0.780515029554473,-0.153290263517483,4.07717012104031,-7.83210840580995,-6.15936366919004,20.7009123412193,12.0938737115092,110.936247760806,1.95162766,0
-0.0443051565328714,-0.858122537782626,-0.214794708695603,4.27893217501433,-7.68477776173088,-5.04586060189152,0.826689358009771,34.0413044393543,136.292748037183,2.09282834,0
-0.00163268954179497,-0.934608459908869,-0.266004141832472,4.27777563155254,-7.29696635971676,-3.67549685891174,-17.833895399592,53.1143800686964,149.89913332279,2.18501477,0
0.0409459253358152,-1.0077320118634,-0.302590644151048,4.09231831579526,-6.73001835564432,-2.17088825385822,-29.9232193798684,65.9793570083306,151.72700320886,2.14742066,0
0.0834572205952479,-1.07595677821128,-0.321635506255609,3.79177239702614,-6.06361696235526,-0.652581529548802,-33.024200839869,71.721031718818,140.887300765652,1.97803901,0
0.120705793319749,-1.13683255177858,-0.326299211894504,3.46526712557656,-5.36520182504258,0.753342728397092,-28.3775568927742,72.0098042891234,116.398239281043,1.81148093,0
0.155231156563098,-1.18991622401146,-0.320676477851302,3.18679715399316,-4.67179007497635,1.9131383457275,-19.9065335076699,69.9865166262466,79.3902056916206,1.74920102,0
0.186045727810826,-1.23569605198991,-0.30618923678304,2.99113868760585,-3.98906090482531,2.70435195997332,-12.2044506635084,68.5468192667452,35.1482742608091,1.67694795,0
0.216035633081382,-1.27560836803542,-0.280658063415096,2.86917655948935,-3.30400706272515,3.05576969569542,-8.48842535472494,68.9709224294245,-6.89144954427949,1.36930281,0
0.245405754830328,-1.30947131599578,-0.246879729889533,2.78195057001132,-2.60251928707999,2.98870312084278,-9.53667914323282,70.5988635753008,-35.9540795656723,0.80484246,0
0.273810214527545,-1.33607548916445,-0.213118918596996,2.68386723508444,-1.88286687881229,2.63130601551068,-13.881357271614,71.5906174445706,-44.5121977887775,0.26334844,0
0.300655222363573,-1.35471202991971,-0.185788691775621,2.54362228904394,-1.15976112905085,2.18731356901178,-18.9679118968314,70.2395347054161,-32.2211396374261,0.05359074,0
0.325595992035337,-1.36566992813378,-0.165699207004109,2.35420151550148,-0.458665217524247,1.8648983059993,-22.5466941208082,66.0551016880882,-6.80109223073427,0.21603424,0
0.348823980227664,-1.36992143412724,-0.149723296251538,2.12997723486542,0.195635418531462,1.79590677011063,-23.5931656236594,60.0472232386385,19.0434052324601,0.54439218,0
0.370146738734179,-1.36803612301152,-0.133478158688002,1.89523036777714,0.790148353953547,1.98540587659723,-22.4279703014865,54.1434733330097,33.316015886367,0.81150909,0
0.389196513940584,-1.36037296834758,-0.113376638125968,1.67143229186425,1.32916058119403,2.31818597183937,-20.1886012182006,50.1450397745548,30.1317278019724,0.90985269,0
0.405860185822071,-1.3474063956556,-0.0884029049442199,1.46932551130758,1.83172140800354,2.6196774635353,-18.0870227296409,48.8219278686958,12.0123896596218,0.84529948,0
0.420527868976781,-1.32943856750579,-0.0604460269051619,1.28794342048044,2.3225152771053,2.74020528405196,-16.8737079099557,49.6076174015736,-12.0673509659625,0.68717781,0
0.433606374695145,-1.30612981315513,-0.0323275242215193,1.1188174097455,2.82054771407073,2.6198386897741,-16.7032356660612,50.9702197637625,-31.6526824953074,0.53073584,0
0.445284515488172,-1.27728736378026,-0.00662444272903796,0.951678769959405,3.33078449856539,2.3033957354118,-17.3164377180397,51.1908370995703,-39.9923839029021,0.45825848,0
0.454847110755331,-1.24347775377997,0.0149811359107875,0.778604033677797,3.84224199040105,1.90340115857652,-18.3155003498277,49.1243300004828,-36.7247105469904,0.5041434,0
0.462042765365561,-1.20550174998892,0.0325329445875572,0.595569466729163,4.33287951412433,1.53605901370573,-19.334697495988,44.626729505822,-26.9787167374913,0.64751253,0
0.466451100013357,-1.16295091202635,0.0475297729281823,0.402222491769283,4.77914680918255,1.26627184633082,-20.0752122398184,38.5492597167975,-17.8207096753027,0.82680874,0
0.472464454625651,-1.1152949594727,0.0607795926610068,0.201470369371099,5.16463940635053,1.08806474957779,-20.2692510093844,32.3601241191232,-14.3188850181547,0.96065241,0
0.47462052669675,-1.06289906791642,0.0732939030708387,-0.00122214072274475,5.48824064754176,0.944875899396241,-19.7116544191676,27.6142877120726,-17.3138578303562,0.99478092,0
0.474250259982861,-1.00771510206641,0.0840025338847349,-0.198338684914421,5.76438352466248,0.771737321092679,-18.3485971876961,25.3600403636348,-23.7300422055884,0.96374768,0
0.471829882231158,-0.950639179759539,0.0916927238733255,-0.381824656791382,6.01798392829883,0.534436899036796,-16.3326908201501,25.6575835833775,-28.7813376729222,0.96013115,0
0.467918393952185,-0.890938707594413,0.095678161403639,-0.545151564992883,6.2745597641326,0.246623522307574,-14.020427253035,27.3867159145641,-28.5510646234113,1.0422583,0
0.462938726995479,-0.82792780747784,0.0964761765521991,-0.685355837523233,6.54842692327825,-0.038887123926539,-11.8188441983505,28.4813784084586,-21.7011922374472,1.1861645,0
0.456762387603514,-0.7617945772085,0.0952935634421963,-0.803544279506737,6.83324070736283,-0.255899046301011,-10.0174635286451,26.6914429856494,-9.80997279354508,1.32899794,0
0.446864148242437,-0.693220673277184,0.0941914791257488,-0.903718914793188,7.10015513721933,-0.353998774236462,-8.63131493430038,20.6177973767939,3.39144042041725,1.43182053,0
0.43812702564363,-0.622620250621683,0.0918680929857696,-0.990032064136192,7.30633311098727,-0.320084370032289,-7.3957931529984,10.5577375323745,13.3334875935522,1.48055193,0
0.430677303977787,-0.550382483282206,0.0894055149180817,-1.06398999566618,7.41191048631101,-0.186749494096768,-5.83843357790249,-1.45720381889674,16.1223643060315,1.50876418,0
0.418181797745316,-0.476898448231445,0.0876533307109172,-1.1223743314452,7.39733844812205,-0.0255258510364527,-3.36536921443352,-12.7341492337552,10.0470394788961,1.52713011,0
0.406934520625142,-0.402568017854325,0.0864628219059113,-1.15602802358954,7.26999695578449,0.074944543752508,0.638465489230963,-21.7433127775671,-3.21456869210884,1.50143639,0
0.395310323595971,-0.328805749570061,0.0856967461081298,-1.14964336869723,7.05256382800882,0.0427988568314197,6.6227356185039,-29.6711400263499,-18.3514408558391,1.3882814,0
0.383939003307865,-0.257698383292415,0.0851980856440815,-1.08341601251219,6.75585242774532,-0.140715551726971,14.6023584859028,-40.513773318071,-27.7986363327883,1.18240287,0
0.373139370154105,-0.190383892892309,0.0846088267093586,-0.937392427653159,6.35071469456461,-0.418701915054854,23.7532623789037,-59.0833090255423,-24.8702157532937,0.8843778,0
0.363792673337148,-0.127252547778589,0.0817749448531404,-0.699859803864122,5.75988160430919,-0.667404072587791,32.2326955287255,-87.5714165763579,-7.56653899974465,0.54807113,0
0.356705869327312,-0.0700265666004926,0.0762102386442442,-0.377532848576868,4.88416743854561,-0.743069462585237,37.3940801425351,-122.463135320074,18.9014904786752,0.25443552,0
0.354117960213235,-0.0220674393601942,0.068590203386668,-0.00359204715151684,3.65953608534487,-0.554054557798486,36.6791133345908,-153.956015933227,42.835943857058,0.03028317,0
0.353515211628724,0.0139068485806719,0.0624308699593355,0.363199086194391,2.1199759260126,-0.125695119227905,28.873195293705,-169.01897783064,50.560808843156,-0.13964987,0
0.356486115095726,0.0351997450272844,0.0608513473353465,0.651931039131441,0.429786147706196,0.379912969203655,15.1629686718142,-157.261354020158,33.1548830158659,-0.28387596,0
0.362566361545998,0.040911887575677,0.0640724674870997,0.803560725849584,-1.14282739249538,0.711461799362314,-0.755131330359852,-116.871010620062,-7.8998463166638,-0.40451593,0
0.370447602081296,0.031460845027659,0.069728387395232,0.796009412545986,-2.311537498696,0.632463336195676,-13.8616467661149,-57.296919090305,-59.5217188211079,-0.46150698,0
0.378843286442134,0.00910304693351647,0.0756997476403942,0.657392944884837,-2.88450668959906,0.0372461479845967,-19.9508785870198,3.37225883110158,-101.644095755763,-0.40232063,0
0.386399579308368,-0.021310133667371,0.077715723354166,0.457884159014638,-2.85078410128804,-0.979194809573038,-17.7292458140985,45.7055809477311,-115.9124581457,-0.19504008,0
0.391490555510784,-0.0528636802874533,0.0706757428629695,0.280591700873653,-2.39372829181073,-2.13831939103004,-9.69425792413871,57.5802930919027,-94.3324743988921,0.18343757,0
0.393825364830718,-0.0788288809120528,0.0509148891033748,0.183649121632266,-1.8179253608917,-3.08164413501896,-1.13181547166799,39.8151126651439,-43.4200823342218,0.30010006,0.770382028240001
0.394811186657037,-0.095759337190748,0.0180592917801868,0.172330966915586,-1.41977423424026,-3.51584495836118,2.42257908176311,5.73322132018531,18.4568328038629,4.08038297,7.812493519781
0.395912925921892,-0.106325476182919,-0.0211170161272305,0.196556757733218,-1.36244202103841,-3.33127663032255,-1.96954489179689,-25.3324680245156,69.3557494854213,7.63258969,8.84156634345601
0.397806090495649,-0.117140884669656,-0.0562448506222729,0.176861308815249,-1.61576670128357,-2.63771913546834,-13.0646211397269,-37.3535390083008,93.526889714258,14.70130939,12.164734157961
0.399967465226082,-0.133886950403536,-0.0807254651094139,0.0462150974179801,-1.98930209136657,-1.70245023832576,-25.9333453882888,-24.9715404434317,87.7731155236289,14.40214114,11.21142409625
0.401277618969306,-0.156816115538641,-0.0946570474490475,-0.213118356464907,-2.23901749580089,-0.824719083089466,-34.5265661085403,4.79111100475156,61.4824491278331,12.67952103,10.10681639253
0.399758349823485,-0.181858941942152,-0.100749482755217,-0.558384017550311,-2.19110638575338,-0.209894591811134,-34.760803767927,37.0886341262841,30.694965507524,12.59066312,9.287162120232
0.393953020655669,-0.204102543492403,-0.103219501685105,-0.90599205522958,-1.82022004449053,0.0970550632641054,-26.6541486509448,57.361889175627,9.72250898569457,13.49487321,9.23737449588201
0.38484803623215,-0.220765953923567,-0.104956161537639,-1.17253354173903,-1.24660115273426,0.194280153121051,-14.3189308117686,58.5715745499615,4.73000658065423,13.91789461,8.811304422024
0.371403032314818,-0.231091353892424,-0.104364924795807,-1.31572284985671,-0.660885407234649,0.241580218927593,-3.71144192170654,43.8229560951522,12.2608912425394,14.71814434,8.7740438874
0.358430389193167,-0.236793792235643,-0.102437948132984,-1.35283726907378,-0.222655846283127,0.364189131352987,0.368676393637211,23.4713887597896,22.8769740923875,14.73888307,8.00780705228001
0.344921311621,-0.239068723846796,-0.0977160224990332,-1.34915050513741,0.0120580413147692,0.592958872276863,-3.34672127281927,8.75114054206259,27.2577249776977,14.70518388,7.60857669707199
0.332058157366651,-0.240121935278996,-0.0908625485898365,-1.3826177178656,0.099569446735395,0.86553612205384,-12.1711435082061,5.720397264921,21.2598450624308,13.40494356,6.14727336449999
0.319992728361672,-0.240223059481324,-0.0817790556271276,-1.50432915294766,0.156773419384605,1.07813457267815,-21.0509890586801,12.7386572335755,7.41130742410219,11.88934979,4.76361398419199
0.304329760205438,-0.239021829642322,-0.0706402229692304,-1.71483904353446,0.28415999172036,1.15224764691917,-25.1907375932456,22.4520176242277,-7.43512367274551,11.44968396,4.61992958797501
0.285867247102558,-0.236028681255871,-0.0592927403880475,-1.96674641946692,0.508680167962636,1.07789641019171,-22.34153729464,26.717087725785,-16.4373190851063,10.20727645,3.68101063253
0.266071965501738,-0.230624945367623,-0.048983647553991,-2.19016179241332,0.775851045220487,0.913523219340652,-13.6560985986599,21.4164133304753,-16.4515000597627,9.23850663,3.15480789232001
0.244122265180218,-0.222252608276189,-0.0403947938167338,-2.32672277839992,0.990015178525239,0.749008218743025,-2.84131889440422,8.52611850060385,-9.21624489661897,8.07649541,2.54711021094002
0.221225193508465,-0.211684375936114,-0.0333095494331172,-2.35513596734396,1.07527636353128,0.656845769776835,5.88411357427695,-5.44687530769475,0.240276020934924,6.6306679,1.56438079874999
0.19779694833216,-0.200631553452821,-0.027191883647281,-2.29629483160119,1.02080761045433,0.659248529986184,9.68288677793713,-13.4251236342845,6.68702409310817,5.04753147,0.468579818053007
0.175369756819623,-0.191149776703873,-0.0196111694360217,-2.19946596382182,0.886556374111485,0.726118770917266,8.2170401045829,-11.7487119779551,7.39721385058703,3.73982329,0.298797434563996
0.153405709018988,-0.183130941042598,-0.0114722408105106,-2.11729556277599,0.769069254331934,0.800090909423136,3.44854281762986,-2.01297962173979,3.12751120270979,2.36488065,1.301631903144
0.131807194773843,-0.175400032871625,-0.00345307859813349,-2.08281013459969,0.748939458114536,0.831366021450234,-1.52398243946906,10.0388533338942,-2.85781251908689,0.69279353,2.74197390532498
0.110544031581835,-0.16732532538127,0.00427876925810956,-2.09804995899438,0.849327991453478,0.802787896259366,-3.96763272589373,17.7359925082043,-6.88493740739701,-0.44759234,3.62257175329199
0.0894864320473956,-0.15871624432518,0.0119404684919906,-2.13772628625332,1.02668791653552,0.733938522185395,-2.6340233517682,16.9739314402304,-6.81041752096359,-1.64168426,4.67770697884799
0.0685604261497668,-0.14902212820144,0.0191824858539371,-2.164066519771,1.19642723093782,0.66583434697576,1.87078729549163,8.14839051120405,-2.88746865347097,-2.67578243,5.58596653102799
0.0472919131745352,-0.13716208203792,0.0259325224759486,-2.14535864681608,1.27791113604987,0.636959660441049,7.56866156033333,-4.29287290255902,2.71744072033159,-4.51020011,7.30535599466999
0.0256520304373276,-0.12359154304521,0.0324893612726739,-2.06967203121275,1.23498240702427,0.664134067644365,12.0757958360477,-14.552226523856,7.20007870131211,-6.27366507,8.98901300883499
0.00472844950016154,-0.110849265058866,0.0391293707678433,-1.94891407285227,1.08946014178572,0.736134854657487,13.671584963952,-18.3082765447593,8.62134279537338,-7.7626133,10.355140232901
-0.0147431778951035,-0.100330757323712,0.0463569013733995,-1.81219822321275,0.906377376338121,0.82234828261122,12.01286655082,-14.8660487513427,6.73724594790172,-9.71174072,12.154494906361
-0.0329893853624667,-0.0915763849377766,0.0547778436155734,-1.69206955770455,0.757716888824694,0.889720742090237,8.22757551445168,-7.23516986814287,2.94842898592299,-11.09453897,13.392702608658
-0.0499808424693155,-0.0842893829360904,0.0638327856097135,-1.60979380256004,0.685365190143266,0.919205031949468,4.35779248501581,-0.385484742699836,-0.510648072369448,-12.747705,14.868227050442
-0.0656795942385383,-0.077720511490436,0.0729068749129455,-1.56621587770988,0.681510342716267,0.914098551225773,2.39340308144661,1.36982849091358,-1.70191960648518,-14.13230146,16.0205409
-0.0811220213687596,-0.0706130551740939,0.08179569821421,-1.54228184689541,0.695208627625403,0.897079355160922,3.30764893126119,-3.44657436046142,0.0878731292907173,-16.64109525,18.424100758089
-0.0966925863838721,-0.0632833777778014,0.0907640291168845,-1.5092053575828,0.660742884020789,0.897958086453828,6.53268051925509,-12.7518848173685,4.03201488692928,-18.31587083,19.92786663553
-0.112680505350763,-0.0566216373626483,0.100131658540225,-1.44387855239025,0.533224035847104,0.938278235323121,10.1507245777876,-21.9054045539793,8.16116109672231,-19.88750466,21.400735905612
-0.125726409191365,-0.0513499616377193,0.109158745603102,-1.34237130661237,0.314169990307311,1.01988984629034,11.7512521675699,-25.9230794648178,10.2820696631893,-22.17748113,23.624928695082
-0.140680091073018,-0.0480833868290588,0.11952318108241,-1.22485878493668,0.0549391956591332,1.12271054292224,9.58785402911961,-21.8663736730134,9.00080907063978,-24.3142419,25.751486453736
-0.151347866347119,-0.0477653571215506,0.130173939919903,-1.12898024464548,-0.163724541071,1.21271863362863,3.494606526508,-10.330132681078,4.37892939576347,-26.66863632,28.084889920626
-0.163787390271168,-0.049693853442554,0.142856791539612,-1.0940341793804,-0.26702586788178,1.25650792758627,-4.87970048224364,4.65079431635723,-2.10618698538222,-28.64873822,30.01014211447
-0.174908203800802,-0.0521129305748994,0.155630637121605,-1.14283118420284,-0.220517924718208,1.23544605773245,-12.656106625453,17.2639583149669,-8.24815546165837,-31.03749719,32.362340544646
-0.184552443650507,-0.0546093495295859,0.16748167651352,-1.26939225045737,-0.0478783415685388,1.15296450311586,-16.9119827621996,22.4563181692044,-12.0847296870838,-33.46696879,34.8112715777
-0.19873323300192,-0.0547637448458758,0.179664323401858,-1.43851207807936,0.176684840123505,1.03211720624503,-15.8776498860261,18.222248590304,-12.7114021570613,-36.38921449,37.817438494719
-0.213012684245151,-0.0527554126270302,0.189622112873415,-1.59728857693962,0.358907326026545,0.905003184674412,-9.69927850642318,6.59267721830665,-10.5055994917663,-39.1952607,40.818091177395
-0.229035595841814,-0.0489332873001551,0.198336835742069,-1.69428136200385,0.424834098209612,0.799947189756749,-0.334807022965965,-7.24338981725738,-6.77882389478628,-42.14712694,43.88093365977
-0.245916708171897,-0.0453206505272714,0.206535158445624,-1.69762943223351,0.352400200037038,0.732158950808886,9.27490430284794,-17.3689621334433,-3.0730284182518,-44.28099566,46.169695656566
-0.261788130250941,-0.0427850346191777,0.213678624569626,-1.60488038920503,0.178710578702605,0.701428666626368,16.3814919621061,-20.0583035497929,-0.533668586105735,-47.1029159,49.097181501654
-0.278942503022422,-0.0404449889624224,0.221085982905734,-1.44106546958397,-0.0218724567953233,0.696091980765311,19.4722678342626,-15.7207900994023,0.34924976596703,-49.97595089,51.959220423561
-0.293848311046292,-0.0392620229468448,0.227924771440071,-1.24634279124135,-0.179080357789346,0.699584478424981,18.6839299678883,-8.75907914532175,-0.383680120732195,-52.40923672,54.335250034875
-0.305956709708389,-0.0404152150416467,0.234683764568205,-1.05950349156247,-0.266671149242564,0.695747677217659,15.4973172656811,-5.22217889755639,-2.46873357981959,-54.63303134,56.425914314076
-0.315396748479072,-0.0441767486455449,0.24200902628149,-0.904530318905654,-0.318892938218128,0.671060341419463,11.9378531315486,-9.33476085335517,-5.61451855254356,-57.70865351,59.441086994652
-0.325192297379351,-0.0483209940335631,0.249111137701531,-0.785151787590168,-0.41224054675168,0.614915155894027,9.64286176474365,-20.7276958669203,-9.44933801297501,-59.88842116,61.547524563798
-0.333143241303519,-0.0530056127311535,0.255004286426786,-0.688723169942731,-0.619517505420882,0.520421775764277,9.24525006338638,-34.015648306728,-13.3101960836555,-62.09660059,63.665522047019
-0.340208830661764,-0.0591919107972976,0.259548819413557,-0.596270669308867,-0.959673988488162,0.387319814927722,10.2762870432845,-41.1957365818864,-16.1687868152855,-64.21074942,65.91318933906
-0.346043744556664,-0.0682876477683079,0.262844809303299,-0.493507798876022,-1.37163135430703,0.225631946774867,11.5850046705058,-35.8017462315969,-16.8576917534205,-66.29199718,68.088515625
-0.351059066844659,-0.0808486968737778,0.265043845970062,-0.377657752170964,-1.729648816623,0.0570550292406618,11.9938287396517,-16.6397793543899,-14.5997061591602,-67.3687288,69.336128405592
-0.354679191429099,-0.0962109156528944,0.267518885514076,-0.257719464774448,-1.89604661016689,-0.0889420323509407,10.8636667534752,10.9944644920281,-9.5455493943674,-68.49194223,70.649479278522
-0.357081902783582,-0.114318493363101,0.267537282855188,-0.149082797239696,-1.78610196524661,-0.184397526294615,8.32422080613738,37.429558677682,-2.95055023556714,-69.44693251,71.95380523695
-0.358730915691739,-0.135008654140638,0.26482468445229,-0.0658405891783221,-1.41180637846979,-0.213903028650286,5.11187571166857,53.0695536095705,3.21645719907466,-69.57518125,72.514733685831
-0.359490308449282,-0.1585977520024,0.259202094224218,-0.0147218320616364,-0.881110842374088,-0.181738456659539,2.1573719338211,52.8771654027828,7.09120563934752,-69.2242702,72.860734280508
