0.400390562183764,-0.0479633067802582,0.0297573363080034,0.109830133772503,-0.996183780358907,-2.14857046759165,7.18836814829246,-22.5730140776021,49.4717375909132,1.1218118,0.298444666454998
0.402102859683401,-0.0660428234358171,-0.00419354116554325,0.221680481942517,-1.64390718818672,-2.44629914968772,3.43271479080272,-34.7606900057472,72.2397972005492,7.60363189,3.855015180504
0.403308252307202,-0.0811783096333998,-0.038177850071846,0.282906429205487,-2.27552857232499,-2.25724181578912,-6.6789534422126,-34.6568578754576,80.0830850621789,11.16407694,2.619325736491
0.405062386745272,-0.100608293298179,-0.0617311219091175,0.227076435531141,-2.73781489261033,-1.67371317180671,-20.7039999974328,-19.0235453418578,69.2609608088092,16.28448113,3.595165093397
0.407174766942008,-0.126936786650042,-0.0737568839435213,0.017939645122044,-2.90591111053003,-0.939529085478937,-33.6114145660686,8.46326434849034,44.1317785486025,17.39355771,3.79919961400399
0.408512506486725,-0.15712641448476,-0.0780090336144124,-0.326714076617689,-2.73111223834639,-0.32889136511173,-39.9141223642365,38.3226804414637,15.4006944523896,16.74299337,3.338895051349
0.406637124898183,-0.186011153536475,-0.0793359266359593,-0.733912154645018,-2.26281608524949,-0.0151357343320021,-36.5459823476602,59.559513374428,-4.93138862710616,16.27417722,2.49895953216
0.399487807732396,-0.209363481777241,-0.0806917893305625,-1.10269400143819,-1.63214493469458,0.00141837640622322,-24.6351721861097,64.9143940706765,-9.36498612813451,16.08101374,1.39605664588501
0.387390876058018,-0.225349298320514,-0.0832597716715028,-1.34721421673198,-1.00233919514464,-0.128546000940031,-9.36723028462897,54.3323880130998,1.6633526990891,17.05355716,0.905746913147994
0.372488204216281,-0.234325498738253,-0.0866005407757314,-1.4363942247943,-0.506447795867982,-0.200984232693138,2.36128464135436,34.6890838779103,20.4356771206119,18.52580784,0.676318152239984
0.358239710750656,-0.2389865589816,-0.0892018266167935,-1.40889755617157,-0.200564800838718,-0.073634624074912,5.29296684093792,15.9647151842169,36.2556513312442,19.32959044,0.477263358185998
0.344827241341378,-0.24065430695208,-0.0894993549887761,-1.35474670280141,-0.0538116898058175,0.264708631328348,-1.54744090258057,6.02018530199004,40.9470506202037,19.85760164,1.86615833183999
0.331685751228165,-0.241273972314899,-0.0858144183006943,-1.37167371999656,0.0217277161786057,0.702980979491268,-14.344383446617,6.8642591864337,32.6037530741578,19.59360219,3.50547257522002
0.318178837166139,-0.241476189652694,-0.0774130220008135,-1.51772635577395,0.117915677213481,1.08074497347239,-26.4304035915493,14.3766764753071,15.7744726996558,19.06179619,4.39321794322402
0.303018831536026,-0.241003410850656,-0.0655384192677334,-1.78400105180149,0.282489913989201,1.27756330772482,-31.6393858775688,21.4248758653338,-1.66498617456805,17.72051663,5.86840564241099
0.285211626211818,-0.238629324815769,-0.0526888527506761,-2.10075860456804,0.500578783117955,1.26812465204839,-27.3598601928997,22.3807784784146,-12.9364209377111,16.18209531,6.94554156388802
0.264264014883379,-0.233561018695007,-0.0411692714550015,-2.37332272149871,0.713463823016265,1.11824901084714,-15.6604389853342,16.3356521948294,-15.557918492579,15.15869623,7.41829640669801
0.2393600852724,-0.225581234950279,-0.0319196008072884,-2.52845830021158,0.861311710814358,0.933546716722878,-1.98802840935048,7.22450461794572,-11.7679748450909,13.69526993,8.13464297505001
0.21442645068115,-0.216682467810134,-0.0229810586606882,-2.54739542063088,0.9235982402289,0.797166225937691,7.76816244474477,0.98907871188372,-6.35021797935132,11.84736747,9.09238208578099
0.189430807508637,-0.207332994872469,-0.0143291652016453,-2.46969099036573,0.933248229144696,0.73321185981403,10.236407766011,1.65056944477682,-3.44607331649301,10.3119576,9.348476344545
0.164735462545629,-0.197756058060313,-0.00612573426843527,-2.36797520310535,0.956598982399192,0.711605217677855,6.00649264816363,8.71597672641866,-4.3048565900291,8.23084382,10.404969495587
0.14069305223711,-0.188143977996471,0.00227715097183047,-2.30866232942559,1.05169939733712,0.683468109941411,-1.08794369327156,17.4253447818782,-7.11083908520464,6.18720818,11.390242182032
0.117579367228293,-0.178089594673726,0.00860710970670011,-2.31993803033171,1.23013685004338,0.620216712171081,-6.27150491532,21.5896223162948,-8.64994867254772,3.77956464,12.994889002668
0.0950998582496966,-0.167406942911213,0.0148045585069023,-2.38258155867115,1.44527791135861,0.532299134030153,-6.36110291022567,17.2383829933263,-6.60948325310348,2.01246782,14.112119817684
0.0719377384342749,-0.153642901184196,0.0195266825847887,-2.4458485673788,1.61402935705054,0.459383177092772,-1.17031573995726,4.91315014274786,-1.01734777193637,0.09796668,15.341603657658
0.0471097283768291,-0.135931141808128,0.0232014358002839,-2.45722372561311,1.65969763647796,0.442706238687598,6.80981797376619,-10.6679351348412,5.88451318121846,-1.87601931,17.085342663
0.0209047113099581,-0.117233319226704,0.0279328270528997,-2.38899221135965,1.55161045524036,0.498907657120614,14.0879106828618,-23.268997344011,11.0740441387754,-4.17085266,19.077467093748
-0.00334811310065515,-0.101559661975999,0.0333007105621863,-2.24817422244615,1.3195658032848,0.610859924635698,18.1281567243392,-28.4928049401635,12.5291739871738,-6.53913182,21.321586023276
-0.0248591699441803,-0.0897512794782004,0.0395549865847017,-2.06703436042605,1.03613396697996,0.738961349549996,18.4637880918434,-25.8994204411581,10.232357809832,-8.83638575,23.59526525181
-0.0447624982467409,-0.0804752351601604,0.0471440162426492,-1.88250415204321,0.77827663708997,0.843419823636997,16.5035953175927,-18.824663817152,5.96450054869863,-11.58046968,26.331270449318
-0.0632112290081166,-0.0731838824017148,0.0556423999654646,-1.71749762247949,0.590340671968528,0.90364823092938,14.3076715346376,-12.1489492322579,2.11831158617901,-14.13218277,28.86281645354
-0.0803865888402541,-0.0672180752706337,0.0647469281599173,-1.57439609078497,0.468589152994853,0.924339296317937,13.1920967747234,-9.43855476376496,0.316844423517948,-16.47311652,31.281121632239
-0.0965899514245439,-0.0618060865930174,0.0738657985974982,-1.44244178116606,0.373851560852972,0.926846648774167,13.001137318571,-11.0992954603233,0.633382689733457,-19.38620637,34.382083468688
-0.111664913617925,-0.0569789903854015,0.0827517564171967,-1.31243040798035,0.262858606249739,0.933180475671501,12.4087857199405,-14.4956610083251,1.7771303892122,-22.28960268,37.43347066524
-0.1257704550185,-0.0538207890041168,0.0918588766001215,-1.18834255078094,0.117901996166488,0.950951779563623,9.97158122193524,-15.7908007863206,2.01988781157331,-24.72328431,39.977938300003
-0.137000671894301,-0.0533900016021518,0.101408908638259,-1.08862673856159,-0.0400060116967176,0.971150657679356,5.226316511259,-12.4028044353789,0.31727545789257,-27.02582864,42.605701228188
-0.14697010637716,-0.0550268493908896,0.111459231452499,-1.036363573449,-0.164034056050507,0.974323412258282,-0.848978244015271,-4.54554061694074,-3.12195688744387,-29.65940977,45.530374066698
-0.155059552823982,-0.0572276198677309,0.121319053324213,-1.04485335588915,-0.209489462219914,0.943103843383843,-6.26074511412925,4.8688399027031,-6.9598780076324,-31.99572012,48.1510460445
-0.169117827043221,-0.0579444693520917,0.131009163568254,-1.10746080703045,-0.160801063192883,0.873505063307519,-9.04916774394218,11.8416920192267,-9.48809306021763,-34.13167355,50.531126240256
-0.179256525825867,-0.0592900059807084,0.139055266682965,-1.19795248446987,-0.0423841430006166,0.778624132705343,-8.34727710568884,13.4568588947923,-9.56497273985909,-35.66083301,52.422138234507
-0.191791365496492,-0.0594973992669327,0.147013018787479,-1.28142525552676,0.0921844459473061,0.682974405306752,-4.80066005157159,9.38282399297929,-7.23365163065738,-37.82797333,54.916743511773
-0.203641937663766,-0.0596224608344843,0.153889376755696,-1.32943185604247,0.186012685877099,0.610637889000178,-0.194022118241415,1.91188777681937,-3.68803724698602,-39.35093332,56.60029175696
-0.216277645496918,-0.0585821749616586,0.160295817563717,-1.33137207722489,0.205131563645293,0.573757516530318,3.56820026067595,-5.41469380368999,-0.638318800683316,-41.20229045,58.669335010226
-0.230129582528664,-0.0556372163375862,0.165872231266703,-1.29569007461813,0.150984625608393,0.567374328523485,5.51227670954922,-9.75453932025317,0.595106675021388,-42.93406298,60.639793351841
-0.244080315668048,-0.0527033580075565,0.171155051442505,-1.24056730752263,0.0534392324058613,0.573325395273699,6.03195322688824,-10.3879391190366,-0.241326214413501,-44.80241889,62.73194021696
-0.256685542373011,-0.0521561819281589,0.176821877564067,-1.18024777525375,-0.0504401587845042,0.570912133129563,6.54585403658855,-8.85975233714342,-2.28409548697492,-46.18609874,64.354770103773
-0.267230739857619,-0.0539391066194387,0.182813588871906,-1.11478923488787,-0.139037682155938,0.548071178259814,8.48537149296761,-7.84447826366152,-4.12288319049636,-47.53858933,66.013962944163
-0.27833193466473,-0.056281072836503,0.188460731344697,-1.02993551995819,-0.217482464792553,0.506842346354851,12.2417174852205,-9.45062624164134,-4.65022617477175,-49.68942713,68.533147721475
-0.288773707428523,-0.0583515756031668,0.193731396873055,-0.907518345105986,-0.311988727208967,0.460340084607133,16.6889440867991,-13.9589431833444,-3.71889207123664,-51.30145362,70.43080967651
-0.2979425843417,-0.0606965561783822,0.198393132558822,-0.740628904237995,-0.451578159042411,0.423151163894767,19.6063521236094,-19.6949526634466,-2.24288758220092,-52.98790749,72.343302907134
-0.305664494293183,-0.0644994992895803,0.202333086459763,-0.544565383001901,-0.648527685676878,0.400722288072758,18.8665501443008,-24.0851014208473,-1.65111278513363,-54.54061712,74.115891746778
-0.311180965710206,-0.0708445661180539,0.206109614536331,-0.355899881558893,-0.889378699885351,0.384211160221421,13.7159501605019,-25.2221026800662,-3.0235411612357,-56.29032204,76.3285650453
-0.314573619962438,-0.0800534215430774,0.20976967539565,-0.218740379953874,-1.14159972668601,0.353975748609064,5.4998040909261,-23.0232289802375,-6.39379813112153,-57.36420279,77.557452527136
-0.316995755435232,-0.0918715319825277,0.213311843976385,-0.163742339044613,-1.37183201648839,0.290037767297849,-2.66618298622356,-19.2849973608782,-10.6851989487426,-58.4380966,78.891761565279
-0.318601179792518,-0.105807697905843,0.216849419199596,-0.190404168906849,-1.56468199009717,0.183185777810423,-7.18409598172461,-16.6251406996481,-14.3996593574509,-59.69003687,80.491705604927
-0.320042023790131,-0.121636505851338,0.21842994451524,-0.262245128724095,-1.73093339709365,0.0391891842359141,-5.6248964478964,-16.9614103997204,-16.6602567168456,-60.58194226,81.829838074257
-0.322197341878993,-0.138871957544154,0.219147065572832,-0.318494093203059,-1.90054750109086,-0.127413382932541,2.10661050888443,-20.4222290358541,-18.0626105179672,-60.82949346,82.45684898832
-0.325840384381842,-0.157553103330043,0.217683507860334,-0.297427988114215,-2.1047697914494,-0.308039488112214,13.6565192863403,-25.3428836621725,-20.69168294988,-60.89287696,82.919692823856
-0.329192428313038,-0.178428519113973,0.214159463476682,-0.160862795250812,-2.35819862807112,-0.514956317611013,25.3048217619373,-29.3535375576486,-27.1742807049393,-60.96682266,83.529079009446
-0.330831516580937,-0.201833947077368,0.209615268560187,0.0921854223685609,-2.65173400364761,-0.786699124660406,33.6404948861643,-30.8789025990561,-39.125524884318,-60.85294268,83.298410336052
-0.330376629847193,-0.227901338475001,0.201350279515193,0.428590371230204,-2.96052302963817,-1.17795437350359,37.0298496665803,-30.1661549475479,-55.7315808360829,-60.08785629,82.235168292
-0.325737683449068,-0.258080607082476,0.189566649625912,0.798888867896006,-3.26218457911365,-1.73527018186442,36.1669300701808,-29.2164374393259,-73.2959746566044,-57.95466432,80.091684379275
-0.317150819387158,-0.291227334749675,0.17217336257285,1.16055816859781,-3.55434895350691,-2.46822992843046,33.4762301755038,-30.6176647256553,-86.1583647722491,-54.06190105,76.475222036146
-0.305154095442717,-0.326939258863262,0.147256523284992,1.49532047035285,-3.86052560076346,-3.32981357615295,31.7215887242788,-35.9045496715711,-88.7426663649413,-49.58205572,72.04503693465
-0.290466294750384,-0.365267992648943,0.114150103822336,1.81253635759564,-4.21957109747917,-4.21724023980236,32.5165868929018,-44.37481190882,-77.8557443867675,-43.4252541,65.323559790489
-0.272984492451643,-0.40702363661315,0.0727515039576037,2.13770222652466,-4.66331921656737,-4.99579768367004,35.5155432726004,-53.0460500847095,-54.1751351983496,-36.27522097,57.0201471851
-0.251905507048813,-0.453380202534268,0.0232361488283097,2.49285765925066,-5.19377971741447,-5.53754903565353,38.6165663570999,-57.8178305987432,-22.1389714935666,-28.63741087,47.93222823108
-0.227084511644164,-0.505209436820572,-0.0328370984039132,2.87902332282166,-5.7719580234019,-5.7589387505892,38.956848247268,-55.2622409638827,11.866249434645,-19.95015527,37.773149101136
-0.197735632123011,-0.563139221495936,-0.0915717256068055,3.26859180529434,-6.32458043304072,-5.64027625624275,34.3275565986312,-44.1751280866564,42.1104192545307,-11.25504066,28.084172519205
-0.164400292483136,-0.626876699038522,-0.14807868541282,3.61186737128065,-6.76633171390729,-5.21917206369744,24.1834184888249,-26.1328057725342,65.7531253444983,-4.52396251,20.36416171113
-0.128322426930613,-0.694840172842223,-0.199251648324172,3.8537015561689,-7.02765977163263,-4.56164081025246,9.95248839542182,-4.82524954949541,83.4377484946285,-0.15884488,13.8755272162
-0.0906049435772957,-0.764705843996692,-0.243836472576659,3.95322644012312,-7.07591226712759,-3.72726332530617,-5.39017979915571,15.4584248302018,97.9171749673321,2.10647273,8.252114061633
-0.0510198556480507,-0.834722927001628,-0.281610526937955,3.89932464213157,-6.92132801882557,-2.74809157563285,-18.4777770359546,31.5017441355017,111.432294774107,4.42521653,4.685803676528
-0.0128081367639381,-0.9038606457597,-0.310475483555264,3.71454687177202,-6.60631057747055,-1.63376862789178,-26.6520766752621,42.1586841565501,123.293785332891,4.3025247,3.06775036057
0.0252126055754274,-0.970656277698457,-0.327252174232463,3.4480261050194,-6.18472373590505,-0.400830774562875,-28.8470091544679,48.3681507058296,129.23877045122,1.85005615,0
0.0611325341895426,-1.0331487387563,-0.329095109103013,3.15955601347472,-5.70104222884675,0.891556929949328,-25.8411359483794,52.2463060414323,123.197751703959,1.75879839,0
0.0911293965170299,-1.08941854147822,-0.318379466952446,2.90114465399093,-5.17857916843243,2.12353444698892,-19.8442246743608,55.8043356216104,100.798060087927,1.63353762,0
0.119908749097851,-1.14036583244463,-0.299321742294896,2.70270240724732,-4.62053581221633,3.13151504786819,-13.6276076473038,59.9419050295466,62.7975506185455,1.55064775,0
0.146997618700291,-1.18657844622704,-0.271209727349149,2.56642633077428,-4.02111676192086,3.75949055405365,-9.51362351367185,64.1719918699292,16.437729629972,1.40791242,0
0.172913929510949,-1.2276475359575,-0.233378854317653,2.47129009563756,-3.37939684322157,3.92386785035337,-8.56552712246724,67.1127915980492,-26.3866266796207,1.04830025,0
0.19787491952023,-1.26185078681916,-0.191196682252987,2.38563482441289,-2.70826892724108,3.66000158355716,-10.3662186912474,67.4363006162718,-53.6483190508115,0.5290849,0
0.221775505246397,-1.28845726993109,-0.152841614765019,2.28197263750042,-2.03390592107836,3.12351839304905,-13.3559825270645,64.7299313443621,-58.3558255505924,0.13081823,0
0.244515929428993,-1.30842640674577,-0.122130587269561,2.14841281222977,-1.38660660763474,2.53996013754312,-15.6597605442215,59.8229663309745,-41.8606098060896,0.06517399,0
0.26574339418008,-1.32249738224957,-0.0983123761971656,1.99181520678755,-0.788376944324992,2.12135403948223,-15.9405061984692,54.4203501467391,-13.5096338824533,0.28199657,0
0.285439437232297,-1.33046051415697,-0.0782481426747381,1.83241014480286,-0.244173442857601,1.9862577006577,-13.9587514612498,50.2711135992683,13.3212500294125,0.58251408,0
0.303967646099018,-1.33242516654423,-0.0586943722308925,1.69282263019036,0.258537693135081,2.11947020095182,-10.5714752158111,48.329451589797,27.002221944187,0.80816041,0
0.321261669296203,-1.32969970942806,-0.037098355551907,1.58710787803225,0.741832209033052,2.38949242039369,-7.22627771656534,48.3650768122796,22.4952654680288,0.89431775,0
0.33708628234284,-1.32288956401568,-0.0123478651658533,1.5148451008666,1.22548297715585,2.61444507507398,-5.24636331905457,49.1954354871786,3.00933206244783,0.84072025,0
0.352080554648776,-1.31126207285208,0.0147121977772818,1.46238146767606,1.71743733202763,2.64453839569846,-5.27048682845444,49.4451356932261,-22.1239064077774,0.69846067,0
0.36580968787089,-1.29373390256563,0.0414214071292653,1.40967659939151,2.21188868895989,2.42329933162068,-7.09051786995478,48.0782839004563,-42.2604629807258,0.55850105,0
0.380933199713541,-1.27129304547412,0.0650062802470393,1.33877142069196,2.69267152796446,2.00069470181342,-9.8958351274793,45.0946699620403,-50.2492066805492,0.49737187,0
0.394480051795775,-1.24398367603544,0.084240974833023,1.23981306941717,3.14361822758486,1.49820263500793,-12.7291165237597,41.3219390259762,-45.1761982570802,0.53097788,0
0.406782776463986,-1.21255030545726,0.0987062537251752,1.11252190417957,3.55683761784462,1.04644065243713,-14.8784580779836,37.8982308515609,-31.8884797170197,0.6309891,0
0.417527499814149,-1.1772939035518,0.109295814512309,0.963737323399737,3.93581992636023,0.727555855266933,-16.0251679455483,35.5856568532755,-17.8933094117156,0.76341006,0
0.426969278154497,-1.13823403371463,0.11704693534135,0.803485643944254,4.29167649489299,0.548622761149777,-16.19877817682,34.3580337891044,-9.49272418257283,0.89580524,0
0.435371073611178,-1.09535427379377,0.122772244828153,0.641497862176054,4.63525683278403,0.453695519324049,-15.6408812981534,33.4674421736942,-9.04936987200733,0.99307053,0
0.441260864497485,-1.04877420956075,0.127959964456474,0.485089049194521,4.96993125452097,0.363201820603976,-14.7249471587989,31.9656580039565,-14.5295480788308,1.03802429,0
0.446566349169887,-0.99899670789767,0.13130863606249,0.337839577606532,5.28958783456054,0.217906339815668,-13.9319803297424,29.3342044818572,-21.1905036053588,1.05140759,0
0.450663842074167,-0.946252924399446,0.1326384385479,0.198519774309109,5.58292987937911,0.00600130376207956,-13.7856586408972,25.8012551280653,-24.2709931294627,1.06664441,0
0.451336889553889,-0.89048265742419,0.133322861211022,0.0606631879001369,5.84094243065976,-0.236708627532548,-14.6579951933398,22.1059406349773,-21.2627882352523,1.10926521,0
0.453739156373011,-0.832345649283138,0.130013147971905,-0.0859167640332614,6.06200183700953,-0.449336509885071,-16.4727553297408,18.8420209291987,-12.7936807717816,1.17894205,0
0.451021227734577,-0.771488891601643,0.126446018739405,-0.250644317330669,6.25042204630152,-0.577273317602887,-18.5168160954308,15.8526055695563,-1.97350731929924,1.25977105,0
0.448709204211627,-0.708630177738126,0.120692796725474,-0.435812478284977,6.40894810199708,-0.597008390795879,-19.5613726574057,12.1823290813693,7.23198693818235,1.34051926,0
0.444506780367388,-0.644245626356681,0.114344040445494,-0.631426204859034,6.53077139281078,-0.524688521414056,-18.3570997240674,6.75320463687196,11.7430011578386,1.39754987,0
0.438503812907604,-0.579123278572791,0.108815408272374,-0.814997202099708,6.5983034391795,-0.40725850983567,-14.2921024748959,-0.621324633108741,10.4967730079927,1.40799204,0
0.430746852032353,-0.513867498622257,0.104943375779137,-0.957918226848668,6.59209019284841,-0.302290779755742,-7.85411013696093,-8.65635518254574,4.66060211413132,1.34737944,0
0.421493082478892,-0.448656437148752,0.102354526805259,-1.03645932821828,6.50552664102295,-0.255684758614429,-0.503549655274028,-15.1100832288499,-2.99300537276321,1.2347266,0
0.41064749079167,-0.383733883487524,0.100399887895522,-1.04149482477102,6.35442580873445,-0.285614812342061,5.98080193350433,-18.3891230767514,-9.19403911287967,1.13188229,0
0.400032287801698,-0.319343129554983,0.0970866700352664,-0.981686805435974,6.17053457796694,-0.377555203470858,10.3911370566307,-19.360032587922,-11.3709422472315,1.10588108,0
0.38943842844315,-0.256591852575165,0.0922226814069876,-0.877775434869667,5.97693425208772,-0.491264625943172,12.7026978231036,-22.0271741659386,-8.54326472665716,1.12940277,0
0.38038186416547,-0.196288775466125,0.0868929914613211,-0.750748456638631,5.75666251042833,-0.576697273209744,13.9110401516042,-32.0948553050604,-1.64675686672206,1.09863981,0
0.374564445101926,-0.139349579111267,0.0819743656498745,-0.611638055122588,5.43571395737773,-0.593164841876964,15.2635315427212,-53.6753965349012,6.7982347287114,0.92656242,0
0.367925537084048,-0.0859692850304152,0.0769798656634548,-0.459002739695376,4.89895999202872,-0.52518249458985,17.2884720878042,-85.7329992255478,13.6266616761943,0.60820646,0
0.364427388499574,-0.0380646104919827,0.0725379082948166,-0.286118018817334,4.04162999977324,-0.388915877827907,19.2752446797371,-120.492747317735,16.2868742281206,0.21167521,0
0.360847573690472,0.0019709823473859,0.0675996925587798,-0.0933655720199631,2.83670252659589,-0.226047135546701,19.5897297697352,-145.340718273726,13.9096858951415,-0.14539955,0
0.359084859562864,0.0308448787156561,0.0640461217420408,0.102531725677389,1.38329534385864,-0.0869502765952861,16.686803291367,-147.936030950581,7.67986294061962,-0.35712108,0
0.359298148920368,0.0458355582613265,0.0626571230989239,0.269399758591058,-0.0960649656471792,-0.0101516471890899,10.2241167546123,-122.293180124634,0.310477187393499,-0.40439616,0
0.362346910478104,0.0462964105304534,0.0632770520064604,0.371640926137182,-1.31899676689352,-0.00704687531515493,1.57038661427108,-72.6587192804027,-5.17328218162637,-0.35676761,0
0.367131144017284,0.0345050172421268,0.0647719085339023,0.387344792279892,-2.04558395969755,-0.0587796971314186,-6.6572798323222,-12.8280171429937,-6.78223164462209,-0.2687546,0
0.371890986580169,0.0138587291550627,0.0653416937829632,0.32077199395667,-2.17386413112748,-0.12660201357764,-11.8059534581644,39.179261347748,-4.39912206570665,-0.07807388,0
0.37483779717311,-0.0114834573434815,0.0631910605068793,0.202712459375026,-1.78207151765,-0.170593234234706,-12.4732124190653,68.6520718134941,0.30320506743864,0.32736366,0
0.375993923864517,-0.0386432873209179,0.0577442512889553,0.0779803351843733,-1.09555079951506,-0.16756118356032,-9.15868393663648,70.2328057430963,4.79753172947536,0.9126663,0
